timestamp,mva_load,ambient_c
2024-01-01 00:00:00,22.805,30.46
2024-01-01 01:00:00,18.324,28.3
2024-01-01 02:00:00,17.491,28.57
2024-01-01 03:00:00,17.763,27.55
2024-01-01 04:00:00,16.698,24.15
2024-01-01 05:00:00,17.857,23.74
2024-01-01 06:00:00,23.98,24.17
2024-01-01 07:00:00,30.196,23.36
2024-01-01 08:00:00,35.241,23.45
2024-01-01 09:00:00,40.507,22.93
2024-01-01 10:00:00,40.587,24.76
2024-01-01 11:00:00,39.887,25.4
2024-01-01 12:00:00,39.907,25.76
2024-01-01 13:00:00,38.792,27.69
2024-01-01 14:00:00,37.264,28.33
2024-01-01 15:00:00,37.01,28.43
2024-01-01 16:00:00,37.674,30.5
2024-01-01 17:00:00,42.284,30.36
2024-01-01 18:00:00,43.893,32.55
2024-01-01 19:00:00,48.438,32.25
2024-01-01 20:00:00,49.1,32.3
2024-01-01 21:00:00,48.877,31.75
2024-01-01 22:00:00,38.961,32.82
2024-01-01 23:00:00,31.652,31.0
2024-01-02 00:00:00,23.092,29.85
2024-01-02 01:00:00,21.087,28.82
2024-01-02 02:00:00,16.008,28.37
2024-01-02 03:00:00,17.134,27.07
2024-01-02 04:00:00,15.821,26.02
2024-01-02 05:00:00,17.143,25.1
2024-01-02 06:00:00,22.834,25.75
2024-01-02 07:00:00,30.323,23.26
2024-01-02 08:00:00,36.312,23.02
2024-01-02 09:00:00,39.561,22.93
2024-01-02 10:00:00,42.539,24.53
2024-01-02 11:00:00,38.511,25.65
2024-01-02 12:00:00,39.012,25.59
2024-01-02 13:00:00,37.92,26.09
2024-01-02 14:00:00,38.33,27.27
2024-01-02 15:00:00,37.533,29.61
2024-01-02 16:00:00,38.616,30.77
2024-01-02 17:00:00,41.642,31.54
2024-01-02 18:00:00,45.923,31.29
2024-01-02 19:00:00,50.021,32.45
2024-01-02 20:00:00,51.152,32.51
2024-01-02 21:00:00,48.16,32.44
2024-01-02 22:00:00,41.21,32.51
2024-01-02 23:00:00,32.463,31.28
2024-01-03 00:00:00,20.853,30.71
2024-01-03 01:00:00,19.319,29.13
2024-01-03 02:00:00,19.035,28.15
2024-01-03 03:00:00,15.705,27.25
2024-01-03 04:00:00,18.671,24.5
2024-01-03 05:00:00,16.994,24.47
2024-01-03 06:00:00,22.598,23.64
2024-01-03 07:00:00,28.101,23.05
2024-01-03 08:00:00,37.932,23.19
2024-01-03 09:00:00,39.777,24.76
2024-01-03 10:00:00,41.309,23.32
2024-01-03 11:00:00,40.422,25.5
2024-01-03 12:00:00,39.878,24.31
2024-01-03 13:00:00,38.425,26.47
2024-01-03 14:00:00,38.114,28.03
2024-01-03 15:00:00,34.14,29.53
2024-01-03 16:00:00,38.818,30.72
2024-01-03 17:00:00,41.838,31.71
2024-01-03 18:00:00,46.959,31.51
2024-01-03 19:00:00,50.805,31.87
2024-01-03 20:00:00,50.809,33.08
2024-01-03 21:00:00,49.283,32.09
2024-01-03 22:00:00,39.676,30.77
2024-01-03 23:00:00,32.403,30.17
2024-01-04 00:00:00,20.836,29.4
2024-01-04 01:00:00,18.172,29.45
2024-01-04 02:00:00,17.661,28.0
2024-01-04 03:00:00,18.258,27.27
2024-01-04 04:00:00,17.015,25.29
2024-01-04 05:00:00,19.886,24.83
2024-01-04 06:00:00,22.186,24.49
2024-01-04 07:00:00,30.139,23.29
2024-01-04 08:00:00,35.035,23.75
2024-01-04 09:00:00,40.52,23.0
2024-01-04 10:00:00,42.041,23.69
2024-01-04 11:00:00,41.475,24.39
2024-01-04 12:00:00,40.036,24.67
2024-01-04 13:00:00,38.006,27.1
2024-01-04 14:00:00,39.148,27.5
2024-01-04 15:00:00,39.506,29.05
2024-01-04 16:00:00,38.165,30.51
2024-01-04 17:00:00,39.948,31.41
2024-01-04 18:00:00,46.409,32.3
2024-01-04 19:00:00,49.132,32.14
2024-01-04 20:00:00,50.866,32.03
2024-01-04 21:00:00,49.017,32.15
2024-01-04 22:00:00,40.334,30.41
2024-01-04 23:00:00,31.346,29.89
2024-01-05 00:00:00,21.318,29.06
2024-01-05 01:00:00,20.879,28.23
2024-01-05 02:00:00,17.881,28.18
2024-01-05 03:00:00,15.57,25.97
2024-01-05 04:00:00,15.61,25.31
2024-01-05 05:00:00,18.502,25.72
2024-01-05 06:00:00,21.798,23.68
2024-01-05 07:00:00,27.476,24.1
2024-01-05 08:00:00,36.348,22.61
2024-01-05 09:00:00,40.988,23.34
2024-01-05 10:00:00,41.445,23.2
2024-01-05 11:00:00,41.1,24.4
2024-01-05 12:00:00,39.972,26.27
2024-01-05 13:00:00,39.374,25.3
2024-01-05 14:00:00,38.867,28.2
2024-01-05 15:00:00,35.082,29.2
2024-01-05 16:00:00,38.515,29.62
2024-01-05 17:00:00,42.348,29.87
2024-01-05 18:00:00,45.481,31.8
2024-01-05 19:00:00,49.507,31.77
2024-01-05 20:00:00,51.766,32.53
2024-01-05 21:00:00,48.533,32.21
2024-01-05 22:00:00,42.338,33.02
2024-01-05 23:00:00,32.77,30.83
2024-01-06 00:00:00,18.086,29.27
2024-01-06 01:00:00,16.271,29.15
2024-01-06 02:00:00,12.265,28.01
2024-01-06 03:00:00,13.972,27.76
2024-01-06 04:00:00,12.925,26.25
2024-01-06 05:00:00,15.832,24.94
2024-01-06 06:00:00,19.663,25.11
2024-01-06 07:00:00,25.419,22.53
2024-01-06 08:00:00,31.77,22.82
2024-01-06 09:00:00,34.22,22.74
2024-01-06 10:00:00,37.873,23.62
2024-01-06 11:00:00,34.917,23.54
2024-01-06 12:00:00,32.477,26.08
2024-01-06 13:00:00,32.373,26.48
2024-01-06 14:00:00,32.132,26.65
2024-01-06 15:00:00,32.683,28.18
2024-01-06 16:00:00,31.98,30.32
2024-01-06 17:00:00,35.243,31.67
2024-01-06 18:00:00,38.851,33.31
2024-01-06 19:00:00,41.592,34.5
2024-01-06 20:00:00,44.178,32.65
2024-01-06 21:00:00,41.837,31.37
2024-01-06 22:00:00,35.87,30.01
2024-01-06 23:00:00,26.539,31.21
2024-01-07 00:00:00,19.434,29.41
2024-01-07 01:00:00,15.082,28.64
2024-01-07 02:00:00,13.756,27.32
2024-01-07 03:00:00,13.067,26.53
2024-01-07 04:00:00,14.315,26.41
2024-01-07 05:00:00,16.832,24.75
2024-01-07 06:00:00,18.893,23.78
2024-01-07 07:00:00,24.223,22.63
2024-01-07 08:00:00,30.125,21.96
2024-01-07 09:00:00,34.831,23.07
2024-01-07 10:00:00,35.06,23.86
2024-01-07 11:00:00,34.136,26.03
2024-01-07 12:00:00,32.441,25.65
2024-01-07 13:00:00,32.363,27.42
2024-01-07 14:00:00,33.714,27.4
2024-01-07 15:00:00,32.172,28.01
2024-01-07 16:00:00,32.191,29.27
2024-01-07 17:00:00,36.808,30.4
2024-01-07 18:00:00,38.418,33.39
2024-01-07 19:00:00,43.498,31.48
2024-01-07 20:00:00,44.782,32.96
2024-01-07 21:00:00,41.24,31.42
2024-01-07 22:00:00,33.151,32.43
2024-01-07 23:00:00,29.212,31.28
2024-01-08 00:00:00,21.815,29.91
2024-01-08 01:00:00,19.05,28.92
2024-01-08 02:00:00,18.825,27.26
2024-01-08 03:00:00,17.546,26.98
2024-01-08 04:00:00,18.167,25.17
2024-01-08 05:00:00,17.684,23.62
2024-01-08 06:00:00,23.275,22.86
2024-01-08 07:00:00,27.86,23.57
2024-01-08 08:00:00,36.38,24.54
2024-01-08 09:00:00,40.267,23.56
2024-01-08 10:00:00,42.107,23.79
2024-01-08 11:00:00,40.651,24.82
2024-01-08 12:00:00,39.524,26.57
2024-01-08 13:00:00,37.874,26.78
2024-01-08 14:00:00,39.056,27.44
2024-01-08 15:00:00,39.259,29.82
2024-01-08 16:00:00,38.192,30.36
2024-01-08 17:00:00,42.385,32.18
2024-01-08 18:00:00,46.341,31.81
2024-01-08 19:00:00,49.478,31.13
2024-01-08 20:00:00,49.443,31.17
2024-01-08 21:00:00,47.122,33.43
2024-01-08 22:00:00,40.003,33.04
2024-01-08 23:00:00,29.438,30.8
2024-01-09 00:00:00,22.856,29.71
2024-01-09 01:00:00,19.755,30.09
2024-01-09 02:00:00,17.819,26.87
2024-01-09 03:00:00,14.596,25.88
2024-01-09 04:00:00,14.97,26.02
2024-01-09 05:00:00,18.358,24.26
2024-01-09 06:00:00,24.96,23.85
2024-01-09 07:00:00,28.357,23.28
2024-01-09 08:00:00,36.581,23.52
2024-01-09 09:00:00,39.8,24.53
2024-01-09 10:00:00,41.876,23.93
2024-01-09 11:00:00,42.039,25.08
2024-01-09 12:00:00,39.427,23.86
2024-01-09 13:00:00,38.056,26.54
2024-01-09 14:00:00,39.696,27.07
2024-01-09 15:00:00,37.786,27.94
2024-01-09 16:00:00,39.873,29.29
2024-01-09 17:00:00,41.121,30.66
2024-01-09 18:00:00,47.335,32.37
2024-01-09 19:00:00,49.749,31.03
2024-01-09 20:00:00,51.443,32.27
2024-01-09 21:00:00,48.584,31.7
2024-01-09 22:00:00,40.284,31.37
2024-01-09 23:00:00,31.618,31.72
2024-01-10 00:00:00,20.969,30.42
2024-01-10 01:00:00,20.359,29.97
2024-01-10 02:00:00,17.643,27.61
2024-01-10 03:00:00,15.304,26.01
2024-01-10 04:00:00,15.117,25.3
2024-01-10 05:00:00,16.599,24.74
2024-01-10 06:00:00,23.58,23.97
2024-01-10 07:00:00,27.895,22.52
2024-01-10 08:00:00,36.006,23.3
2024-01-10 09:00:00,40.429,23.56
2024-01-10 10:00:00,41.754,25.84
2024-01-10 11:00:00,41.247,26.04
2024-01-10 12:00:00,39.941,24.79
2024-01-10 13:00:00,35.996,26.33
2024-01-10 14:00:00,37.92,26.55
2024-01-10 15:00:00,38.174,28.41
2024-01-10 16:00:00,40.433,30.22
2024-01-10 17:00:00,43.54,31.87
2024-01-10 18:00:00,44.51,31.03
2024-01-10 19:00:00,49.113,31.54
2024-01-10 20:00:00,49.403,30.5
2024-01-10 21:00:00,50.0,31.93
2024-01-10 22:00:00,41.833,30.76
2024-01-10 23:00:00,31.978,30.47
2024-01-11 00:00:00,21.589,29.26
2024-01-11 01:00:00,20.788,28.8
2024-01-11 02:00:00,19.086,26.3
2024-01-11 03:00:00,18.011,25.37
2024-01-11 04:00:00,17.296,27.16
2024-01-11 05:00:00,18.004,23.49
2024-01-11 06:00:00,23.732,22.93
2024-01-11 07:00:00,29.902,24.83
2024-01-11 08:00:00,35.506,25.53
2024-01-11 09:00:00,39.932,22.42
2024-01-11 10:00:00,42.976,23.51
2024-01-11 11:00:00,42.497,24.79
2024-01-11 12:00:00,39.016,26.83
2024-01-11 13:00:00,38.491,25.74
2024-01-11 14:00:00,38.608,27.5
2024-01-11 15:00:00,38.236,29.48
2024-01-11 16:00:00,38.227,30.29
2024-01-11 17:00:00,43.741,30.57
2024-01-11 18:00:00,46.331,31.48
2024-01-11 19:00:00,50.012,30.94
2024-01-11 20:00:00,52.794,32.0
2024-01-11 21:00:00,47.992,31.82
2024-01-11 22:00:00,40.71,31.77
2024-01-11 23:00:00,30.342,30.42
2024-01-12 00:00:00,21.244,30.31
2024-01-12 01:00:00,17.861,29.66
2024-01-12 02:00:00,18.613,27.81
2024-01-12 03:00:00,17.258,26.8
2024-01-12 04:00:00,16.547,25.47
2024-01-12 05:00:00,18.258,24.5
2024-01-12 06:00:00,23.727,23.21
2024-01-12 07:00:00,27.911,23.59
2024-01-12 08:00:00,35.908,23.1
2024-01-12 09:00:00,41.004,25.0
2024-01-12 10:00:00,40.002,25.04
2024-01-12 11:00:00,41.499,24.8
2024-01-12 12:00:00,38.072,24.81
2024-01-12 13:00:00,38.64,25.62
2024-01-12 14:00:00,37.063,28.62
2024-01-12 15:00:00,39.2,29.05
2024-01-12 16:00:00,37.58,30.3
2024-01-12 17:00:00,40.137,29.45
2024-01-12 18:00:00,46.036,32.31
2024-01-12 19:00:00,49.048,32.38
2024-01-12 20:00:00,49.465,31.28
2024-01-12 21:00:00,48.986,31.63
2024-01-12 22:00:00,38.769,31.77
2024-01-12 23:00:00,30.563,30.89
2024-01-13 00:00:00,17.62,29.68
2024-01-13 01:00:00,17.291,28.74
2024-01-13 02:00:00,16.494,27.46
2024-01-13 03:00:00,15.43,26.62
2024-01-13 04:00:00,14.149,26.58
2024-01-13 05:00:00,13.13,22.42
2024-01-13 06:00:00,19.906,23.57
2024-01-13 07:00:00,26.209,23.45
2024-01-13 08:00:00,31.603,23.39
2024-01-13 09:00:00,34.719,23.01
2024-01-13 10:00:00,34.334,22.35
2024-01-13 11:00:00,34.144,24.73
2024-01-13 12:00:00,35.785,26.78
2024-01-13 13:00:00,31.501,25.26
2024-01-13 14:00:00,31.342,28.34
2024-01-13 15:00:00,33.04,28.55
2024-01-13 16:00:00,32.506,29.85
2024-01-13 17:00:00,34.342,29.98
2024-01-13 18:00:00,40.574,31.27
2024-01-13 19:00:00,42.52,33.03
2024-01-13 20:00:00,42.961,32.61
2024-01-13 21:00:00,40.014,33.37
2024-01-13 22:00:00,36.768,32.48
2024-01-13 23:00:00,26.852,31.17
2024-01-14 00:00:00,19.632,31.28
2024-01-14 01:00:00,17.385,29.15
2024-01-14 02:00:00,14.641,28.3
2024-01-14 03:00:00,13.782,26.23
2024-01-14 04:00:00,15.781,25.43
2024-01-14 05:00:00,17.098,23.89
2024-01-14 06:00:00,17.593,24.52
2024-01-14 07:00:00,25.27,22.34
2024-01-14 08:00:00,30.221,23.75
2024-01-14 09:00:00,33.193,23.13
2024-01-14 10:00:00,35.814,24.67
2024-01-14 11:00:00,33.303,25.04
2024-01-14 12:00:00,33.337,26.83
2024-01-14 13:00:00,32.132,27.04
2024-01-14 14:00:00,32.003,26.36
2024-01-14 15:00:00,32.006,28.73
2024-01-14 16:00:00,31.91,28.93
2024-01-14 17:00:00,37.152,30.39
2024-01-14 18:00:00,39.518,32.72
2024-01-14 19:00:00,43.88,32.47
2024-01-14 20:00:00,43.187,31.56
2024-01-14 21:00:00,40.623,31.15
2024-01-14 22:00:00,36.474,31.54
2024-01-14 23:00:00,26.287,29.82
2024-01-15 00:00:00,21.238,29.32
2024-01-15 01:00:00,20.114,29.02
2024-01-15 02:00:00,16.588,28.53
2024-01-15 03:00:00,17.556,26.93
2024-01-15 04:00:00,17.425,23.52
2024-01-15 05:00:00,19.655,24.67
2024-01-15 06:00:00,23.858,23.77
2024-01-15 07:00:00,30.396,23.59
2024-01-15 08:00:00,35.587,24.4
2024-01-15 09:00:00,39.41,21.6
2024-01-15 10:00:00,43.972,23.23
2024-01-15 11:00:00,39.243,24.89
2024-01-15 12:00:00,38.325,24.08
2024-01-15 13:00:00,39.336,27.61
2024-01-15 14:00:00,39.907,27.89
2024-01-15 15:00:00,37.933,29.44
2024-01-15 16:00:00,39.779,29.39
2024-01-15 17:00:00,39.784,31.43
2024-01-15 18:00:00,45.39,32.34
2024-01-15 19:00:00,47.559,32.12
2024-01-15 20:00:00,51.796,32.28
2024-01-15 21:00:00,46.872,32.15
2024-01-15 22:00:00,39.497,30.79
2024-01-15 23:00:00,32.144,30.65
2024-01-16 00:00:00,22.503,29.71
2024-01-16 01:00:00,19.218,29.06
2024-01-16 02:00:00,18.432,28.38
2024-01-16 03:00:00,17.379,25.57
2024-01-16 04:00:00,16.61,25.23
2024-01-16 05:00:00,17.243,25.58
2024-01-16 06:00:00,23.526,23.09
2024-01-16 07:00:00,29.695,22.57
2024-01-16 08:00:00,36.612,23.24
2024-01-16 09:00:00,40.608,23.91
2024-01-16 10:00:00,40.628,23.69
2024-01-16 11:00:00,41.504,25.46
2024-01-16 12:00:00,39.779,26.01
2024-01-16 13:00:00,38.268,27.08
2024-01-16 14:00:00,37.949,28.01
2024-01-16 15:00:00,37.036,30.6
2024-01-16 16:00:00,39.667,29.66
2024-01-16 17:00:00,40.374,29.15
2024-01-16 18:00:00,44.887,32.75
2024-01-16 19:00:00,49.135,31.55
2024-01-16 20:00:00,52.646,32.15
2024-01-16 21:00:00,49.525,32.96
2024-01-16 22:00:00,39.126,30.18
2024-01-16 23:00:00,32.998,29.74
2024-01-17 00:00:00,22.796,28.53
2024-01-17 01:00:00,18.183,28.09
2024-01-17 02:00:00,15.278,27.91
2024-01-17 03:00:00,16.756,26.81
2024-01-17 04:00:00,17.975,25.53
2024-01-17 05:00:00,19.983,23.24
2024-01-17 06:00:00,22.062,21.81
2024-01-17 07:00:00,30.857,23.25
2024-01-17 08:00:00,33.428,22.68
2024-01-17 09:00:00,39.915,23.57
2024-01-17 10:00:00,41.394,24.22
2024-01-17 11:00:00,41.975,24.48
2024-01-17 12:00:00,41.104,25.91
2024-01-17 13:00:00,39.733,26.57
2024-01-17 14:00:00,36.872,27.97
2024-01-17 15:00:00,38.62,28.15
2024-01-17 16:00:00,39.279,29.65
2024-01-17 17:00:00,40.115,30.88
2024-01-17 18:00:00,43.792,32.1
2024-01-17 19:00:00,50.529,31.57
2024-01-17 20:00:00,50.816,32.46
2024-01-17 21:00:00,47.139,31.67
2024-01-17 22:00:00,40.588,31.34
2024-01-17 23:00:00,31.991,31.38
2024-01-18 00:00:00,21.335,28.19
2024-01-18 01:00:00,17.797,27.66
2024-01-18 02:00:00,19.773,26.35
2024-01-18 03:00:00,17.854,24.5
2024-01-18 04:00:00,16.488,24.74
2024-01-18 05:00:00,18.059,24.95
2024-01-18 06:00:00,23.317,23.41
2024-01-18 07:00:00,27.918,23.34
2024-01-18 08:00:00,36.029,23.9
2024-01-18 09:00:00,38.933,24.24
2024-01-18 10:00:00,41.748,23.57
2024-01-18 11:00:00,39.608,25.43
2024-01-18 12:00:00,38.64,25.35
2024-01-18 13:00:00,40.439,25.69
2024-01-18 14:00:00,38.31,27.05
2024-01-18 15:00:00,37.952,27.5
2024-01-18 16:00:00,36.708,29.06
2024-01-18 17:00:00,41.211,30.41
2024-01-18 18:00:00,46.37,32.06
2024-01-18 19:00:00,49.668,33.24
2024-01-18 20:00:00,48.803,30.91
2024-01-18 21:00:00,48.661,32.18
2024-01-18 22:00:00,41.174,30.58
2024-01-18 23:00:00,32.929,31.07
2024-01-19 00:00:00,20.752,29.66
2024-01-19 01:00:00,17.093,27.21
2024-01-19 02:00:00,16.833,28.25
2024-01-19 03:00:00,15.711,25.86
2024-01-19 04:00:00,17.581,24.83
2024-01-19 05:00:00,15.589,23.47
2024-01-19 06:00:00,22.493,23.09
2024-01-19 07:00:00,30.524,23.5
2024-01-19 08:00:00,35.707,22.85
2024-01-19 09:00:00,41.204,23.42
2024-01-19 10:00:00,40.145,23.89
2024-01-19 11:00:00,39.166,25.38
2024-01-19 12:00:00,41.246,24.98
2024-01-19 13:00:00,38.863,25.15
2024-01-19 14:00:00,38.355,28.35
2024-01-19 15:00:00,36.599,28.4
2024-01-19 16:00:00,38.863,30.64
2024-01-19 17:00:00,40.651,30.98
2024-01-19 18:00:00,47.111,31.29
2024-01-19 19:00:00,52.252,32.12
2024-01-19 20:00:00,51.494,33.55
2024-01-19 21:00:00,47.802,33.5
2024-01-19 22:00:00,38.216,31.44
2024-01-19 23:00:00,29.902,30.8
2024-01-20 00:00:00,19.793,30.6
2024-01-20 01:00:00,15.423,27.97
2024-01-20 02:00:00,14.794,27.75
2024-01-20 03:00:00,14.974,26.3
2024-01-20 04:00:00,15.817,25.48
2024-01-20 05:00:00,15.402,23.63
2024-01-20 06:00:00,19.095,22.31
2024-01-20 07:00:00,24.783,21.48
2024-01-20 08:00:00,29.705,22.09
2024-01-20 09:00:00,33.661,22.76
2024-01-20 10:00:00,35.967,23.35
2024-01-20 11:00:00,34.869,25.84
2024-01-20 12:00:00,35.987,26.11
2024-01-20 13:00:00,33.394,25.54
2024-01-20 14:00:00,33.687,27.75
2024-01-20 15:00:00,30.986,28.31
2024-01-20 16:00:00,33.482,29.49
2024-01-20 17:00:00,34.81,30.8
2024-01-20 18:00:00,39.418,31.86
2024-01-20 19:00:00,42.752,31.54
2024-01-20 20:00:00,43.401,32.82
2024-01-20 21:00:00,43.638,30.9
2024-01-20 22:00:00,36.137,31.37
2024-01-20 23:00:00,28.078,32.72
2024-01-21 00:00:00,18.987,29.89
2024-01-21 01:00:00,18.272,29.77
2024-01-21 02:00:00,13.707,27.53
2024-01-21 03:00:00,15.703,26.76
2024-01-21 04:00:00,13.294,25.16
2024-01-21 05:00:00,15.03,24.14
2024-01-21 06:00:00,20.08,22.94
2024-01-21 07:00:00,25.967,23.45
2024-01-21 08:00:00,29.168,22.27
2024-01-21 09:00:00,33.724,23.64
2024-01-21 10:00:00,35.646,24.42
2024-01-21 11:00:00,34.49,24.56
2024-01-21 12:00:00,34.684,24.97
2024-01-21 13:00:00,36.451,26.65
2024-01-21 14:00:00,32.94,27.2
2024-01-21 15:00:00,31.329,29.36
2024-01-21 16:00:00,31.624,28.23
2024-01-21 17:00:00,35.215,30.36
2024-01-21 18:00:00,38.056,29.75
2024-01-21 19:00:00,42.526,30.6
2024-01-21 20:00:00,43.811,33.03
2024-01-21 21:00:00,40.71,32.51
2024-01-21 22:00:00,36.705,30.76
2024-01-21 23:00:00,26.127,29.42
2024-01-22 00:00:00,21.298,27.32
2024-01-22 01:00:00,20.032,28.17
2024-01-22 02:00:00,18.76,29.37
2024-01-22 03:00:00,18.133,26.62
2024-01-22 04:00:00,17.267,24.74
2024-01-22 05:00:00,19.432,24.62
2024-01-22 06:00:00,22.272,22.29
2024-01-22 07:00:00,30.006,22.85
2024-01-22 08:00:00,36.623,23.01
2024-01-22 09:00:00,41.833,23.01
2024-01-22 10:00:00,40.118,24.16
2024-01-22 11:00:00,39.875,24.52
2024-01-22 12:00:00,40.62,25.71
2024-01-22 13:00:00,36.056,25.71
2024-01-22 14:00:00,38.752,28.14
2024-01-22 15:00:00,38.821,29.89
2024-01-22 16:00:00,38.172,28.9
2024-01-22 17:00:00,41.381,29.89
2024-01-22 18:00:00,44.804,32.39
2024-01-22 19:00:00,48.938,31.61
2024-01-22 20:00:00,50.498,33.04
2024-01-22 21:00:00,47.754,31.41
2024-01-22 22:00:00,40.048,32.48
2024-01-22 23:00:00,31.344,30.7
2024-01-23 00:00:00,21.131,29.87
2024-01-23 01:00:00,21.292,29.83
2024-01-23 02:00:00,17.448,27.12
2024-01-23 03:00:00,17.181,25.49
2024-01-23 04:00:00,16.242,24.8
2024-01-23 05:00:00,17.759,24.59
2024-01-23 06:00:00,21.212,22.26
2024-01-23 07:00:00,27.467,23.57
2024-01-23 08:00:00,34.469,22.48
2024-01-23 09:00:00,40.477,23.98
2024-01-23 10:00:00,42.918,21.59
2024-01-23 11:00:00,38.978,23.59
2024-01-23 12:00:00,39.22,23.8
2024-01-23 13:00:00,37.366,25.58
2024-01-23 14:00:00,37.98,27.6
2024-01-23 15:00:00,38.837,28.42
2024-01-23 16:00:00,38.304,29.45
2024-01-23 17:00:00,41.772,30.45
2024-01-23 18:00:00,47.384,31.46
2024-01-23 19:00:00,49.937,30.94
2024-01-23 20:00:00,50.225,32.46
2024-01-23 21:00:00,48.612,32.27
2024-01-23 22:00:00,39.956,31.6
2024-01-23 23:00:00,32.049,31.02
2024-01-24 00:00:00,21.946,29.88
2024-01-24 01:00:00,17.985,30.18
2024-01-24 02:00:00,18.029,27.32
2024-01-24 03:00:00,16.71,25.98
2024-01-24 04:00:00,17.386,24.54
2024-01-24 05:00:00,19.208,23.38
2024-01-24 06:00:00,23.437,22.49
2024-01-24 07:00:00,28.761,22.33
2024-01-24 08:00:00,36.652,22.83
2024-01-24 09:00:00,39.399,23.3
2024-01-24 10:00:00,40.473,23.53
2024-01-24 11:00:00,37.541,23.59
2024-01-24 12:00:00,39.708,25.85
2024-01-24 13:00:00,37.922,26.81
2024-01-24 14:00:00,38.656,27.25
2024-01-24 15:00:00,35.729,28.02
2024-01-24 16:00:00,38.1,30.06
2024-01-24 17:00:00,42.3,30.71
2024-01-24 18:00:00,44.85,30.11
2024-01-24 19:00:00,49.887,31.67
2024-01-24 20:00:00,50.432,32.08
2024-01-24 21:00:00,48.417,31.0
2024-01-24 22:00:00,41.407,31.42
2024-01-24 23:00:00,32.592,29.39
2024-01-25 00:00:00,21.514,30.69
2024-01-25 01:00:00,18.55,29.53
2024-01-25 02:00:00,17.383,27.16
2024-01-25 03:00:00,17.48,26.49
2024-01-25 04:00:00,15.788,23.19
2024-01-25 05:00:00,18.178,23.26
2024-01-25 06:00:00,22.556,23.23
2024-01-25 07:00:00,28.965,22.16
2024-01-25 08:00:00,34.671,23.43
2024-01-25 09:00:00,38.401,24.61
2024-01-25 10:00:00,42.351,22.52
2024-01-25 11:00:00,41.783,23.51
2024-01-25 12:00:00,37.952,25.3
2024-01-25 13:00:00,39.136,27.48
2024-01-25 14:00:00,39.355,26.38
2024-01-25 15:00:00,38.348,28.72
2024-01-25 16:00:00,38.335,31.06
2024-01-25 17:00:00,40.858,29.21
2024-01-25 18:00:00,45.983,30.22
2024-01-25 19:00:00,49.723,31.36
2024-01-25 20:00:00,51.098,31.43
2024-01-25 21:00:00,48.266,32.34
2024-01-25 22:00:00,39.696,31.44
2024-01-25 23:00:00,32.051,29.11
2024-01-26 00:00:00,21.9,30.01
2024-01-26 01:00:00,19.585,28.05
2024-01-26 02:00:00,17.963,28.36
2024-01-26 03:00:00,18.543,25.68
2024-01-26 04:00:00,16.193,24.58
2024-01-26 05:00:00,19.667,24.59
2024-01-26 06:00:00,22.201,24.05
2024-01-26 07:00:00,30.201,23.35
2024-01-26 08:00:00,36.958,21.49
2024-01-26 09:00:00,39.991,23.42
2024-01-26 10:00:00,43.514,22.61
2024-01-26 11:00:00,41.278,24.34
2024-01-26 12:00:00,38.885,23.94
2024-01-26 13:00:00,38.378,26.52
2024-01-26 14:00:00,39.405,26.69
2024-01-26 15:00:00,38.682,27.47
2024-01-26 16:00:00,37.681,30.15
2024-01-26 17:00:00,41.678,30.7
2024-01-26 18:00:00,46.108,30.73
2024-01-26 19:00:00,48.952,32.83
2024-01-26 20:00:00,53.405,31.47
2024-01-26 21:00:00,48.688,31.7
2024-01-26 22:00:00,40.737,31.44
2024-01-26 23:00:00,32.835,30.01
2024-01-27 00:00:00,17.834,29.95
2024-01-27 01:00:00,17.501,28.06
2024-01-27 02:00:00,13.471,26.99
2024-01-27 03:00:00,13.843,27.24
2024-01-27 04:00:00,15.376,24.24
2024-01-27 05:00:00,17.208,22.2
2024-01-27 06:00:00,18.719,24.71
2024-01-27 07:00:00,23.802,25.01
2024-01-27 08:00:00,30.924,22.49
2024-01-27 09:00:00,33.611,21.42
2024-01-27 10:00:00,35.273,23.17
2024-01-27 11:00:00,35.574,23.9
2024-01-27 12:00:00,33.258,24.91
2024-01-27 13:00:00,30.941,25.25
2024-01-27 14:00:00,31.185,27.77
2024-01-27 15:00:00,32.089,28.89
2024-01-27 16:00:00,31.045,28.36
2024-01-27 17:00:00,35.244,31.05
2024-01-27 18:00:00,37.595,32.84
2024-01-27 19:00:00,43.722,31.79
2024-01-27 20:00:00,45.558,31.53
2024-01-27 21:00:00,40.103,31.53
2024-01-27 22:00:00,34.942,31.69
2024-01-27 23:00:00,25.897,29.1
2024-01-28 00:00:00,17.891,29.68
2024-01-28 01:00:00,18.313,28.15
2024-01-28 02:00:00,14.696,28.78
2024-01-28 03:00:00,14.014,25.99
2024-01-28 04:00:00,13.344,26.38
2024-01-28 05:00:00,16.775,23.23
2024-01-28 06:00:00,16.179,23.87
2024-01-28 07:00:00,24.258,23.2
2024-01-28 08:00:00,30.298,22.1
2024-01-28 09:00:00,33.572,23.09
2024-01-28 10:00:00,36.428,24.36
2024-01-28 11:00:00,35.906,23.85
2024-01-28 12:00:00,32.373,23.68
2024-01-28 13:00:00,35.081,26.11
2024-01-28 14:00:00,31.061,26.56
2024-01-28 15:00:00,33.393,28.18
2024-01-28 16:00:00,33.099,29.47
2024-01-28 17:00:00,35.033,29.1
2024-01-28 18:00:00,38.597,29.89
2024-01-28 19:00:00,42.015,32.01
2024-01-28 20:00:00,43.563,31.36
2024-01-28 21:00:00,40.244,29.57
2024-01-28 22:00:00,34.441,31.8
2024-01-28 23:00:00,26.091,30.68
2024-01-29 00:00:00,20.181,28.96
2024-01-29 01:00:00,18.546,27.39
2024-01-29 02:00:00,16.677,27.94
2024-01-29 03:00:00,16.401,26.39
2024-01-29 04:00:00,17.271,26.93
2024-01-29 05:00:00,18.483,24.43
2024-01-29 06:00:00,24.964,23.68
2024-01-29 07:00:00,26.815,22.79
2024-01-29 08:00:00,36.179,23.42
2024-01-29 09:00:00,40.297,23.42
2024-01-29 10:00:00,42.652,24.37
2024-01-29 11:00:00,41.531,23.67
2024-01-29 12:00:00,39.612,24.67
2024-01-29 13:00:00,38.936,25.72
2024-01-29 14:00:00,37.491,27.9
2024-01-29 15:00:00,38.366,29.63
2024-01-29 16:00:00,36.844,29.14
2024-01-29 17:00:00,42.612,30.1
2024-01-29 18:00:00,45.876,31.41
2024-01-29 19:00:00,48.973,31.41
2024-01-29 20:00:00,50.763,32.52
2024-01-29 21:00:00,48.288,29.8
2024-01-29 22:00:00,42.123,30.49
2024-01-29 23:00:00,34.918,29.81
2024-01-30 00:00:00,22.664,27.65
2024-01-30 01:00:00,18.803,27.65
2024-01-30 02:00:00,18.492,26.52
2024-01-30 03:00:00,17.517,25.93
2024-01-30 04:00:00,15.886,25.89
2024-01-30 05:00:00,17.074,23.87
2024-01-30 06:00:00,22.885,22.53
2024-01-30 07:00:00,29.894,22.85
2024-01-30 08:00:00,34.056,23.59
2024-01-30 09:00:00,39.555,22.12
2024-01-30 10:00:00,42.404,22.62
2024-01-30 11:00:00,40.843,24.51
2024-01-30 12:00:00,41.225,24.82
2024-01-30 13:00:00,37.32,26.59
2024-01-30 14:00:00,40.649,27.23
2024-01-30 15:00:00,36.171,28.97
2024-01-30 16:00:00,36.69,28.66
2024-01-30 17:00:00,41.76,30.41
2024-01-30 18:00:00,44.743,30.97
2024-01-30 19:00:00,49.43,30.61
2024-01-30 20:00:00,50.925,30.48
2024-01-30 21:00:00,48.25,32.13
2024-01-30 22:00:00,39.941,30.85
2024-01-30 23:00:00,32.061,29.6
2024-01-31 00:00:00,21.096,29.4
2024-01-31 01:00:00,20.506,29.3
2024-01-31 02:00:00,17.666,25.41
2024-01-31 03:00:00,15.846,24.87
2024-01-31 04:00:00,15.109,24.24
2024-01-31 05:00:00,18.184,25.21
2024-01-31 06:00:00,21.655,23.55
2024-01-31 07:00:00,27.693,23.49
2024-01-31 08:00:00,36.238,21.81
2024-01-31 09:00:00,38.477,21.98
2024-01-31 10:00:00,43.26,23.68
2024-01-31 11:00:00,40.963,24.09
2024-01-31 12:00:00,39.735,25.41
2024-01-31 13:00:00,37.705,25.9
2024-01-31 14:00:00,39.03,27.44
2024-01-31 15:00:00,37.737,28.51
2024-01-31 16:00:00,38.06,30.09
2024-01-31 17:00:00,42.024,31.04
2024-01-31 18:00:00,44.184,29.82
2024-01-31 19:00:00,47.802,29.76
2024-01-31 20:00:00,49.857,32.51
2024-01-31 21:00:00,48.807,32.51
2024-01-31 22:00:00,40.797,30.29
2024-01-31 23:00:00,32.69,28.9
2024-02-01 00:00:00,20.482,29.54
2024-02-01 01:00:00,19.966,29.12
2024-02-01 02:00:00,17.734,28.65
2024-02-01 03:00:00,15.868,26.45
2024-02-01 04:00:00,17.223,24.66
2024-02-01 05:00:00,18.293,23.31
2024-02-01 06:00:00,22.308,23.32
2024-02-01 07:00:00,29.113,22.62
2024-02-01 08:00:00,35.568,21.89
2024-02-01 09:00:00,40.133,24.49
2024-02-01 10:00:00,41.399,24.73
2024-02-01 11:00:00,39.469,24.93
2024-02-01 12:00:00,39.856,24.21
2024-02-01 13:00:00,37.941,26.72
2024-02-01 14:00:00,37.209,27.71
2024-02-01 15:00:00,37.494,28.71
2024-02-01 16:00:00,39.509,30.44
2024-02-01 17:00:00,42.009,30.88
2024-02-01 18:00:00,45.358,31.68
2024-02-01 19:00:00,48.887,32.05
2024-02-01 20:00:00,51.649,31.96
2024-02-01 21:00:00,46.005,30.11
2024-02-01 22:00:00,41.613,31.15
2024-02-01 23:00:00,29.709,29.93
2024-02-02 00:00:00,19.976,28.41
2024-02-02 01:00:00,18.855,29.7
2024-02-02 02:00:00,20.064,28.57
2024-02-02 03:00:00,18.541,27.11
2024-02-02 04:00:00,17.551,25.14
2024-02-02 05:00:00,18.724,25.08
2024-02-02 06:00:00,21.05,23.29
2024-02-02 07:00:00,29.23,23.0
2024-02-02 08:00:00,35.14,21.81
2024-02-02 09:00:00,39.457,23.15
2024-02-02 10:00:00,41.978,23.33
2024-02-02 11:00:00,40.319,22.95
2024-02-02 12:00:00,40.667,24.89
2024-02-02 13:00:00,36.785,25.95
2024-02-02 14:00:00,38.327,28.61
2024-02-02 15:00:00,36.843,29.05
2024-02-02 16:00:00,38.342,29.43
2024-02-02 17:00:00,42.131,30.55
2024-02-02 18:00:00,44.76,31.1
2024-02-02 19:00:00,49.638,31.35
2024-02-02 20:00:00,50.783,30.8
2024-02-02 21:00:00,47.776,31.39
2024-02-02 22:00:00,40.32,30.47
2024-02-02 23:00:00,31.462,29.35
2024-02-03 00:00:00,17.424,29.82
2024-02-03 01:00:00,16.48,28.64
2024-02-03 02:00:00,14.889,25.73
2024-02-03 03:00:00,13.682,25.9
2024-02-03 04:00:00,15.927,25.71
2024-02-03 05:00:00,16.03,24.83
2024-02-03 06:00:00,19.117,24.08
2024-02-03 07:00:00,24.858,22.84
2024-02-03 08:00:00,29.298,21.98
2024-02-03 09:00:00,33.801,21.94
2024-02-03 10:00:00,35.221,23.54
2024-02-03 11:00:00,33.408,24.28
2024-02-03 12:00:00,34.208,25.94
2024-02-03 13:00:00,32.43,26.87
2024-02-03 14:00:00,32.15,27.05
2024-02-03 15:00:00,31.499,27.32
2024-02-03 16:00:00,35.964,29.15
2024-02-03 17:00:00,34.871,30.51
2024-02-03 18:00:00,36.905,30.89
2024-02-03 19:00:00,40.418,31.03
2024-02-03 20:00:00,44.124,31.85
2024-02-03 21:00:00,42.546,31.09
2024-02-03 22:00:00,33.985,30.54
2024-02-03 23:00:00,28.182,30.58
2024-02-04 00:00:00,18.963,29.07
2024-02-04 01:00:00,16.28,28.5
2024-02-04 02:00:00,14.907,27.36
2024-02-04 03:00:00,14.49,25.07
2024-02-04 04:00:00,15.201,24.51
2024-02-04 05:00:00,16.011,25.11
2024-02-04 06:00:00,18.817,22.31
2024-02-04 07:00:00,24.532,21.1
2024-02-04 08:00:00,32.366,21.15
2024-02-04 09:00:00,34.503,22.81
2024-02-04 10:00:00,36.434,23.26
2024-02-04 11:00:00,35.231,23.86
2024-02-04 12:00:00,34.092,25.86
2024-02-04 13:00:00,33.057,23.83
2024-02-04 14:00:00,33.428,27.45
2024-02-04 15:00:00,32.812,29.55
2024-02-04 16:00:00,33.215,28.48
2024-02-04 17:00:00,34.839,30.01
2024-02-04 18:00:00,39.408,30.42
2024-02-04 19:00:00,41.981,30.76
2024-02-04 20:00:00,43.036,31.37
2024-02-04 21:00:00,43.915,32.61
2024-02-04 22:00:00,33.11,32.49
2024-02-04 23:00:00,27.855,30.04
2024-02-05 00:00:00,20.54,30.9
2024-02-05 01:00:00,19.514,28.32
2024-02-05 02:00:00,20.47,28.52
2024-02-05 03:00:00,15.848,25.88
2024-02-05 04:00:00,16.092,24.97
2024-02-05 05:00:00,18.342,24.23
2024-02-05 06:00:00,22.086,25.76
2024-02-05 07:00:00,29.972,23.45
2024-02-05 08:00:00,35.155,22.05
2024-02-05 09:00:00,40.957,23.54
2024-02-05 10:00:00,40.464,22.93
2024-02-05 11:00:00,38.957,23.54
2024-02-05 12:00:00,39.546,25.59
2024-02-05 13:00:00,37.16,25.97
2024-02-05 14:00:00,39.799,27.33
2024-02-05 15:00:00,36.18,28.29
2024-02-05 16:00:00,37.702,29.63
2024-02-05 17:00:00,42.242,30.63
2024-02-05 18:00:00,45.302,29.46
2024-02-05 19:00:00,47.921,31.99
2024-02-05 20:00:00,53.081,30.82
2024-02-05 21:00:00,47.428,30.3
2024-02-05 22:00:00,40.6,30.95
2024-02-05 23:00:00,31.407,30.35
2024-02-06 00:00:00,22.145,28.8
2024-02-06 01:00:00,19.852,28.93
2024-02-06 02:00:00,17.007,26.03
2024-02-06 03:00:00,16.498,25.61
2024-02-06 04:00:00,16.599,24.38
2024-02-06 05:00:00,19.124,23.88
2024-02-06 06:00:00,21.758,23.42
2024-02-06 07:00:00,31.128,21.94
2024-02-06 08:00:00,34.926,23.18
2024-02-06 09:00:00,40.281,22.8
2024-02-06 10:00:00,40.637,21.68
2024-02-06 11:00:00,39.476,22.34
2024-02-06 12:00:00,38.888,24.83
2024-02-06 13:00:00,37.77,25.75
2024-02-06 14:00:00,37.827,27.01
2024-02-06 15:00:00,36.741,28.23
2024-02-06 16:00:00,39.469,29.52
2024-02-06 17:00:00,41.021,31.03
2024-02-06 18:00:00,44.988,30.1
2024-02-06 19:00:00,49.069,30.5
2024-02-06 20:00:00,52.013,30.71
2024-02-06 21:00:00,48.669,31.66
2024-02-06 22:00:00,40.698,31.98
2024-02-06 23:00:00,30.158,29.92
2024-02-07 00:00:00,20.254,27.33
2024-02-07 01:00:00,18.076,26.88
2024-02-07 02:00:00,19.183,26.41
2024-02-07 03:00:00,17.371,25.47
2024-02-07 04:00:00,15.951,24.5
2024-02-07 05:00:00,17.784,23.93
2024-02-07 06:00:00,22.108,22.93
2024-02-07 07:00:00,28.166,23.57
2024-02-07 08:00:00,36.17,22.03
2024-02-07 09:00:00,39.997,22.04
2024-02-07 10:00:00,43.943,23.56
2024-02-07 11:00:00,42.075,22.66
2024-02-07 12:00:00,41.116,25.13
2024-02-07 13:00:00,39.445,25.99
2024-02-07 14:00:00,37.819,26.95
2024-02-07 15:00:00,38.35,29.5
2024-02-07 16:00:00,38.404,28.82
2024-02-07 17:00:00,43.483,31.9
2024-02-07 18:00:00,46.312,30.78
2024-02-07 19:00:00,49.738,30.39
2024-02-07 20:00:00,51.13,31.62
2024-02-07 21:00:00,50.225,30.55
2024-02-07 22:00:00,39.338,30.36
2024-02-07 23:00:00,33.495,30.56
2024-02-08 00:00:00,21.23,29.76
2024-02-08 01:00:00,17.946,27.73
2024-02-08 02:00:00,17.083,27.85
2024-02-08 03:00:00,15.146,26.82
2024-02-08 04:00:00,17.497,25.96
2024-02-08 05:00:00,17.301,24.3
2024-02-08 06:00:00,23.122,24.25
2024-02-08 07:00:00,30.227,21.2
2024-02-08 08:00:00,35.015,22.3
2024-02-08 09:00:00,40.017,22.01
2024-02-08 10:00:00,40.491,23.25
2024-02-08 11:00:00,40.404,23.41
2024-02-08 12:00:00,42.406,24.67
2024-02-08 13:00:00,39.553,27.39
2024-02-08 14:00:00,37.98,26.91
2024-02-08 15:00:00,37.116,28.55
2024-02-08 16:00:00,38.717,29.11
2024-02-08 17:00:00,41.953,30.29
2024-02-08 18:00:00,45.473,30.95
2024-02-08 19:00:00,50.011,31.75
2024-02-08 20:00:00,50.027,32.48
2024-02-08 21:00:00,47.472,32.71
2024-02-08 22:00:00,41.178,31.19
2024-02-08 23:00:00,30.428,30.7
2024-02-09 00:00:00,22.164,28.37
2024-02-09 01:00:00,19.365,28.14
2024-02-09 02:00:00,15.986,27.79
2024-02-09 03:00:00,16.942,26.57
2024-02-09 04:00:00,15.111,24.96
2024-02-09 05:00:00,19.067,24.56
2024-02-09 06:00:00,22.696,23.53
2024-02-09 07:00:00,30.958,23.65
2024-02-09 08:00:00,36.793,22.77
2024-02-09 09:00:00,39.208,22.4
2024-02-09 10:00:00,39.759,23.41
2024-02-09 11:00:00,40.03,21.51
2024-02-09 12:00:00,38.534,25.09
2024-02-09 13:00:00,40.622,22.95
2024-02-09 14:00:00,38.239,25.65
2024-02-09 15:00:00,38.692,28.56
2024-02-09 16:00:00,38.469,29.66
2024-02-09 17:00:00,41.637,29.28
2024-02-09 18:00:00,45.867,30.35
2024-02-09 19:00:00,50.599,32.47
2024-02-09 20:00:00,51.318,31.14
2024-02-09 21:00:00,47.372,33.17
2024-02-09 22:00:00,42.455,30.92
2024-02-09 23:00:00,31.321,30.53
2024-02-10 00:00:00,17.742,30.57
2024-02-10 01:00:00,13.587,28.29
2024-02-10 02:00:00,15.82,26.22
2024-02-10 03:00:00,14.409,25.77
2024-02-10 04:00:00,14.407,24.74
2024-02-10 05:00:00,15.195,22.74
2024-02-10 06:00:00,18.921,22.92
2024-02-10 07:00:00,24.333,22.08
2024-02-10 08:00:00,30.817,23.26
2024-02-10 09:00:00,34.898,22.7
2024-02-10 10:00:00,35.311,22.89
2024-02-10 11:00:00,35.648,23.75
2024-02-10 12:00:00,33.732,24.94
2024-02-10 13:00:00,32.432,26.34
2024-02-10 14:00:00,32.715,26.21
2024-02-10 15:00:00,30.692,27.34
2024-02-10 16:00:00,33.183,30.14
2024-02-10 17:00:00,33.974,29.86
2024-02-10 18:00:00,37.967,29.77
2024-02-10 19:00:00,39.99,31.71
2024-02-10 20:00:00,43.171,31.88
2024-02-10 21:00:00,42.824,30.13
2024-02-10 22:00:00,34.561,31.09
2024-02-10 23:00:00,27.533,30.77
2024-02-11 00:00:00,20.606,29.55
2024-02-11 01:00:00,16.885,28.67
2024-02-11 02:00:00,14.392,25.88
2024-02-11 03:00:00,13.665,26.1
2024-02-11 04:00:00,14.306,24.51
2024-02-11 05:00:00,14.96,23.43
2024-02-11 06:00:00,18.938,23.8
2024-02-11 07:00:00,25.714,23.83
2024-02-11 08:00:00,31.392,23.93
2024-02-11 09:00:00,32.567,23.7
2024-02-11 10:00:00,34.712,23.01
2024-02-11 11:00:00,34.207,24.09
2024-02-11 12:00:00,34.424,25.36
2024-02-11 13:00:00,34.112,25.92
2024-02-11 14:00:00,35.269,27.1
2024-02-11 15:00:00,31.604,28.81
2024-02-11 16:00:00,32.522,29.19
2024-02-11 17:00:00,36.147,29.59
2024-02-11 18:00:00,38.319,30.55
2024-02-11 19:00:00,41.906,31.84
2024-02-11 20:00:00,42.927,31.49
2024-02-11 21:00:00,38.508,31.6
2024-02-11 22:00:00,34.806,31.42
2024-02-11 23:00:00,26.691,29.87
2024-02-12 00:00:00,22.717,29.84
2024-02-12 01:00:00,19.386,28.45
2024-02-12 02:00:00,16.57,25.99
2024-02-12 03:00:00,16.567,26.97
2024-02-12 04:00:00,14.697,24.33
2024-02-12 05:00:00,17.125,22.47
2024-02-12 06:00:00,23.598,22.25
2024-02-12 07:00:00,28.818,21.81
2024-02-12 08:00:00,36.641,22.52
2024-02-12 09:00:00,38.284,22.41
2024-02-12 10:00:00,41.573,22.81
2024-02-12 11:00:00,40.315,24.29
2024-02-12 12:00:00,40.755,25.0
2024-02-12 13:00:00,39.446,26.06
2024-02-12 14:00:00,38.905,27.3
2024-02-12 15:00:00,39.312,28.63
2024-02-12 16:00:00,38.385,27.53
2024-02-12 17:00:00,43.182,29.86
2024-02-12 18:00:00,44.835,29.12
2024-02-12 19:00:00,48.368,31.34
2024-02-12 20:00:00,51.768,31.46
2024-02-12 21:00:00,46.915,32.15
2024-02-12 22:00:00,41.384,31.81
2024-02-12 23:00:00,31.723,30.31
2024-02-13 00:00:00,22.513,28.81
2024-02-13 01:00:00,19.319,28.52
2024-02-13 02:00:00,17.907,26.54
2024-02-13 03:00:00,17.349,25.8
2024-02-13 04:00:00,16.154,25.5
2024-02-13 05:00:00,17.64,23.33
2024-02-13 06:00:00,23.434,23.71
2024-02-13 07:00:00,29.04,23.15
2024-02-13 08:00:00,35.285,21.69
2024-02-13 09:00:00,40.206,23.39
2024-02-13 10:00:00,43.446,23.62
2024-02-13 11:00:00,40.348,23.86
2024-02-13 12:00:00,39.299,24.1
2024-02-13 13:00:00,37.018,25.1
2024-02-13 14:00:00,38.207,26.52
2024-02-13 15:00:00,38.41,28.55
2024-02-13 16:00:00,39.613,28.44
2024-02-13 17:00:00,41.93,30.48
2024-02-13 18:00:00,46.875,29.85
2024-02-13 19:00:00,50.216,31.13
2024-02-13 20:00:00,52.135,31.54
2024-02-13 21:00:00,49.454,33.25
2024-02-13 22:00:00,42.401,29.74
2024-02-13 23:00:00,31.447,31.31
2024-02-14 00:00:00,20.066,29.32
2024-02-14 01:00:00,20.057,28.44
2024-02-14 02:00:00,18.646,27.04
2024-02-14 03:00:00,18.431,26.14
2024-02-14 04:00:00,18.137,24.57
2024-02-14 05:00:00,20.344,24.92
2024-02-14 06:00:00,23.582,22.68
2024-02-14 07:00:00,29.303,23.5
2024-02-14 08:00:00,34.287,21.92
2024-02-14 09:00:00,40.604,22.54
2024-02-14 10:00:00,41.256,22.18
2024-02-14 11:00:00,41.016,24.12
2024-02-14 12:00:00,39.836,25.84
2024-02-14 13:00:00,39.241,25.71
2024-02-14 14:00:00,38.151,26.78
2024-02-14 15:00:00,38.694,27.21
2024-02-14 16:00:00,35.982,29.0
2024-02-14 17:00:00,42.014,28.84
2024-02-14 18:00:00,47.127,30.1
2024-02-14 19:00:00,51.377,31.46
2024-02-14 20:00:00,51.747,32.49
2024-02-14 21:00:00,50.169,33.52
2024-02-14 22:00:00,40.972,30.36
2024-02-14 23:00:00,31.623,31.26
2024-02-15 00:00:00,21.96,29.37
2024-02-15 01:00:00,19.377,27.97
2024-02-15 02:00:00,17.052,27.27
2024-02-15 03:00:00,16.304,25.81
2024-02-15 04:00:00,15.696,24.76
2024-02-15 05:00:00,18.899,23.42
2024-02-15 06:00:00,22.962,21.91
2024-02-15 07:00:00,28.703,21.34
2024-02-15 08:00:00,35.122,22.94
2024-02-15 09:00:00,40.805,22.35
2024-02-15 10:00:00,42.616,22.55
2024-02-15 11:00:00,39.647,23.74
2024-02-15 12:00:00,38.467,25.3
2024-02-15 13:00:00,39.734,25.9
2024-02-15 14:00:00,36.847,26.39
2024-02-15 15:00:00,38.298,29.06
2024-02-15 16:00:00,40.409,30.43
2024-02-15 17:00:00,43.472,30.49
2024-02-15 18:00:00,46.653,31.59
2024-02-15 19:00:00,50.193,32.25
2024-02-15 20:00:00,53.297,32.32
2024-02-15 21:00:00,46.069,31.75
2024-02-15 22:00:00,40.326,31.29
2024-02-15 23:00:00,32.485,30.51
2024-02-16 00:00:00,21.076,28.28
2024-02-16 01:00:00,20.645,28.63
2024-02-16 02:00:00,17.81,25.82
2024-02-16 03:00:00,16.964,25.11
2024-02-16 04:00:00,16.55,25.7
2024-02-16 05:00:00,17.827,24.4
2024-02-16 06:00:00,22.392,24.2
2024-02-16 07:00:00,29.347,22.34
2024-02-16 08:00:00,34.91,21.48
2024-02-16 09:00:00,41.262,22.36
2024-02-16 10:00:00,42.486,23.09
2024-02-16 11:00:00,41.921,23.78
2024-02-16 12:00:00,38.628,25.56
2024-02-16 13:00:00,37.027,25.45
2024-02-16 14:00:00,38.246,27.18
2024-02-16 15:00:00,40.697,27.27
2024-02-16 16:00:00,40.052,29.51
2024-02-16 17:00:00,41.254,30.08
2024-02-16 18:00:00,46.333,30.19
2024-02-16 19:00:00,50.212,31.05
2024-02-16 20:00:00,49.604,31.25
2024-02-16 21:00:00,49.847,31.03
2024-02-16 22:00:00,40.629,32.21
2024-02-16 23:00:00,31.528,30.0
2024-02-17 00:00:00,18.231,28.95
2024-02-17 01:00:00,17.64,26.38
2024-02-17 02:00:00,14.402,26.18
2024-02-17 03:00:00,12.564,25.52
2024-02-17 04:00:00,14.635,24.09
2024-02-17 05:00:00,13.521,24.81
2024-02-17 06:00:00,19.2,22.86
2024-02-17 07:00:00,25.92,23.57
2024-02-17 08:00:00,30.936,22.44
2024-02-17 09:00:00,35.31,22.57
2024-02-17 10:00:00,36.18,22.92
2024-02-17 11:00:00,37.139,23.71
2024-02-17 12:00:00,33.213,26.01
2024-02-17 13:00:00,33.352,23.86
2024-02-17 14:00:00,32.066,25.28
2024-02-17 15:00:00,33.055,27.61
2024-02-17 16:00:00,32.883,29.14
2024-02-17 17:00:00,37.3,30.61
2024-02-17 18:00:00,38.474,31.16
2024-02-17 19:00:00,43.485,30.92
2024-02-17 20:00:00,43.955,32.19
2024-02-17 21:00:00,41.149,32.05
2024-02-17 22:00:00,35.233,30.92
2024-02-17 23:00:00,27.143,30.83
2024-02-18 00:00:00,18.57,29.34
2024-02-18 01:00:00,16.262,27.59
2024-02-18 02:00:00,14.457,27.43
2024-02-18 03:00:00,13.964,25.8
2024-02-18 04:00:00,12.589,24.62
2024-02-18 05:00:00,16.465,24.87
2024-02-18 06:00:00,18.248,21.01
2024-02-18 07:00:00,24.488,21.39
2024-02-18 08:00:00,31.006,21.42
2024-02-18 09:00:00,35.103,22.23
2024-02-18 10:00:00,33.737,22.77
2024-02-18 11:00:00,34.586,22.48
2024-02-18 12:00:00,34.282,23.83
2024-02-18 13:00:00,32.999,25.01
2024-02-18 14:00:00,33.883,28.83
2024-02-18 15:00:00,31.241,29.47
2024-02-18 16:00:00,30.856,28.78
2024-02-18 17:00:00,36.374,29.75
2024-02-18 18:00:00,38.467,29.84
2024-02-18 19:00:00,40.256,29.68
2024-02-18 20:00:00,43.188,31.27
2024-02-18 21:00:00,42.438,30.41
2024-02-18 22:00:00,33.391,30.69
2024-02-18 23:00:00,29.26,28.76
2024-02-19 00:00:00,20.565,28.5
2024-02-19 01:00:00,19.469,28.14
2024-02-19 02:00:00,16.606,27.15
2024-02-19 03:00:00,16.872,26.03
2024-02-19 04:00:00,16.694,23.55
2024-02-19 05:00:00,16.841,24.36
2024-02-19 06:00:00,25.832,22.32
2024-02-19 07:00:00,28.565,23.01
2024-02-19 08:00:00,35.196,22.34
2024-02-19 09:00:00,41.278,21.4
2024-02-19 10:00:00,43.671,22.7
2024-02-19 11:00:00,41.949,23.96
2024-02-19 12:00:00,38.555,25.09
2024-02-19 13:00:00,38.978,25.57
2024-02-19 14:00:00,36.331,28.07
2024-02-19 15:00:00,38.66,28.82
2024-02-19 16:00:00,37.092,28.89
2024-02-19 17:00:00,41.001,30.63
2024-02-19 18:00:00,45.897,32.29
2024-02-19 19:00:00,49.924,32.76
2024-02-19 20:00:00,50.734,30.36
2024-02-19 21:00:00,49.999,30.45
2024-02-19 22:00:00,41.538,31.93
2024-02-19 23:00:00,32.278,29.18
2024-02-20 00:00:00,20.166,28.03
2024-02-20 01:00:00,21.113,27.62
2024-02-20 02:00:00,17.031,27.18
2024-02-20 03:00:00,18.602,25.59
2024-02-20 04:00:00,18.893,24.07
2024-02-20 05:00:00,18.883,23.12
2024-02-20 06:00:00,24.003,22.37
2024-02-20 07:00:00,25.925,21.79
2024-02-20 08:00:00,35.501,24.16
2024-02-20 09:00:00,41.414,22.73
2024-02-20 10:00:00,42.763,23.65
2024-02-20 11:00:00,39.556,23.26
2024-02-20 12:00:00,39.48,24.43
2024-02-20 13:00:00,36.173,25.1
2024-02-20 14:00:00,38.671,24.71
2024-02-20 15:00:00,35.819,26.89
2024-02-20 16:00:00,39.913,27.63
2024-02-20 17:00:00,43.026,28.21
2024-02-20 18:00:00,45.416,29.77
2024-02-20 19:00:00,50.002,32.24
2024-02-20 20:00:00,50.779,31.29
2024-02-20 21:00:00,48.697,32.21
2024-02-20 22:00:00,39.63,31.05
2024-02-20 23:00:00,32.255,30.63
2024-02-21 00:00:00,19.746,28.35
2024-02-21 01:00:00,17.513,28.41
2024-02-21 02:00:00,17.726,27.41
2024-02-21 03:00:00,16.615,25.2
2024-02-21 04:00:00,17.108,25.02
2024-02-21 05:00:00,17.698,24.09
2024-02-21 06:00:00,24.873,22.48
2024-02-21 07:00:00,29.234,21.58
2024-02-21 08:00:00,35.938,21.37
2024-02-21 09:00:00,40.491,22.54
2024-02-21 10:00:00,42.843,23.18
2024-02-21 11:00:00,41.388,23.0
2024-02-21 12:00:00,40.231,24.59
2024-02-21 13:00:00,39.511,26.11
2024-02-21 14:00:00,36.389,27.31
2024-02-21 15:00:00,35.917,29.22
2024-02-21 16:00:00,38.682,30.09
2024-02-21 17:00:00,41.618,29.2
2024-02-21 18:00:00,46.491,32.06
2024-02-21 19:00:00,49.49,30.73
2024-02-21 20:00:00,51.594,32.15
2024-02-21 21:00:00,47.179,31.21
2024-02-21 22:00:00,40.789,30.38
2024-02-21 23:00:00,30.252,28.55
2024-02-22 00:00:00,21.815,28.92
2024-02-22 01:00:00,17.464,26.73
2024-02-22 02:00:00,18.205,27.58
2024-02-22 03:00:00,15.332,26.86
2024-02-22 04:00:00,16.439,23.92
2024-02-22 05:00:00,19.273,23.87
2024-02-22 06:00:00,23.182,22.33
2024-02-22 07:00:00,27.391,21.96
2024-02-22 08:00:00,35.014,22.92
2024-02-22 09:00:00,38.759,22.43
2024-02-22 10:00:00,40.091,24.3
2024-02-22 11:00:00,40.92,23.23
2024-02-22 12:00:00,40.352,25.35
2024-02-22 13:00:00,39.209,25.71
2024-02-22 14:00:00,38.865,27.44
2024-02-22 15:00:00,37.728,27.61
2024-02-22 16:00:00,38.481,29.01
2024-02-22 17:00:00,40.725,29.89
2024-02-22 18:00:00,45.451,30.03
2024-02-22 19:00:00,48.122,31.67
2024-02-22 20:00:00,50.138,31.82
2024-02-22 21:00:00,48.541,31.62
2024-02-22 22:00:00,40.68,31.92
2024-02-22 23:00:00,34.746,31.14
2024-02-23 00:00:00,20.047,28.74
2024-02-23 01:00:00,19.252,28.26
2024-02-23 02:00:00,16.398,26.29
2024-02-23 03:00:00,16.434,25.65
2024-02-23 04:00:00,16.476,24.06
2024-02-23 05:00:00,19.222,24.9
2024-02-23 06:00:00,22.491,23.18
2024-02-23 07:00:00,28.875,22.27
2024-02-23 08:00:00,35.261,23.24
2024-02-23 09:00:00,38.861,20.71
2024-02-23 10:00:00,41.155,21.28
2024-02-23 11:00:00,40.41,24.24
2024-02-23 12:00:00,39.855,24.58
2024-02-23 13:00:00,39.33,25.82
2024-02-23 14:00:00,38.011,25.72
2024-02-23 15:00:00,37.483,27.93
2024-02-23 16:00:00,37.005,30.64
2024-02-23 17:00:00,42.371,30.62
2024-02-23 18:00:00,45.19,30.82
2024-02-23 19:00:00,50.232,30.78
2024-02-23 20:00:00,52.343,30.97
2024-02-23 21:00:00,48.258,29.42
2024-02-23 22:00:00,39.756,30.88
2024-02-23 23:00:00,31.603,30.64
2024-02-24 00:00:00,18.563,27.77
2024-02-24 01:00:00,16.151,27.41
2024-02-24 02:00:00,14.597,25.85
2024-02-24 03:00:00,14.88,24.84
2024-02-24 04:00:00,14.813,24.57
2024-02-24 05:00:00,15.253,21.93
2024-02-24 06:00:00,17.82,23.37
2024-02-24 07:00:00,25.175,23.03
2024-02-24 08:00:00,29.562,22.07
2024-02-24 09:00:00,34.465,20.44
2024-02-24 10:00:00,35.701,22.08
2024-02-24 11:00:00,32.753,24.58
2024-02-24 12:00:00,33.896,22.3
2024-02-24 13:00:00,33.471,25.33
2024-02-24 14:00:00,33.162,25.83
2024-02-24 15:00:00,32.199,28.58
2024-02-24 16:00:00,30.929,28.48
2024-02-24 17:00:00,36.85,30.27
2024-02-24 18:00:00,39.434,31.12
2024-02-24 19:00:00,40.822,32.58
2024-02-24 20:00:00,42.546,31.1
2024-02-24 21:00:00,41.418,31.41
2024-02-24 22:00:00,35.373,29.47
2024-02-24 23:00:00,26.379,30.9
2024-02-25 00:00:00,19.049,28.41
2024-02-25 01:00:00,14.644,27.48
2024-02-25 02:00:00,14.109,26.75
2024-02-25 03:00:00,12.2,24.35
2024-02-25 04:00:00,13.39,24.69
2024-02-25 05:00:00,17.144,24.35
2024-02-25 06:00:00,21.606,23.1
2024-02-25 07:00:00,24.949,21.14
2024-02-25 08:00:00,29.694,22.16
2024-02-25 09:00:00,34.02,23.01
2024-02-25 10:00:00,36.03,21.36
2024-02-25 11:00:00,33.086,22.72
2024-02-25 12:00:00,33.229,25.21
2024-02-25 13:00:00,34.41,25.81
2024-02-25 14:00:00,31.446,27.09
2024-02-25 15:00:00,31.315,29.41
2024-02-25 16:00:00,32.959,29.38
2024-02-25 17:00:00,35.836,30.46
2024-02-25 18:00:00,38.377,32.82
2024-02-25 19:00:00,42.128,30.93
2024-02-25 20:00:00,43.97,30.61
2024-02-25 21:00:00,43.183,31.44
2024-02-25 22:00:00,34.551,31.0
2024-02-25 23:00:00,26.835,29.51
2024-02-26 00:00:00,22.978,28.17
2024-02-26 01:00:00,18.82,29.76
2024-02-26 02:00:00,16.499,27.01
2024-02-26 03:00:00,17.085,25.0
2024-02-26 04:00:00,17.928,25.23
2024-02-26 05:00:00,18.728,23.48
2024-02-26 06:00:00,22.851,22.65
2024-02-26 07:00:00,27.593,22.85
2024-02-26 08:00:00,35.64,21.21
2024-02-26 09:00:00,41.548,22.68
2024-02-26 10:00:00,40.561,24.38
2024-02-26 11:00:00,40.55,23.93
2024-02-26 12:00:00,39.385,24.19
2024-02-26 13:00:00,38.048,25.17
2024-02-26 14:00:00,38.503,26.41
2024-02-26 15:00:00,38.192,27.7
2024-02-26 16:00:00,39.201,28.69
2024-02-26 17:00:00,40.824,30.65
2024-02-26 18:00:00,44.221,29.25
2024-02-26 19:00:00,49.738,31.77
2024-02-26 20:00:00,50.484,30.93
2024-02-26 21:00:00,50.325,31.39
2024-02-26 22:00:00,42.722,29.73
2024-02-26 23:00:00,33.651,30.98
2024-02-27 00:00:00,20.461,29.98
2024-02-27 01:00:00,19.961,28.67
2024-02-27 02:00:00,18.738,25.52
2024-02-27 03:00:00,17.604,26.23
2024-02-27 04:00:00,16.469,24.81
2024-02-27 05:00:00,19.665,22.27
2024-02-27 06:00:00,22.95,22.82
2024-02-27 07:00:00,29.201,22.68
2024-02-27 08:00:00,34.131,22.68
2024-02-27 09:00:00,40.948,22.53
2024-02-27 10:00:00,41.554,23.07
2024-02-27 11:00:00,41.274,24.73
2024-02-27 12:00:00,40.02,25.46
2024-02-27 13:00:00,38.945,23.27
2024-02-27 14:00:00,38.203,26.47
2024-02-27 15:00:00,38.542,27.76
2024-02-27 16:00:00,38.557,27.57
2024-02-27 17:00:00,40.336,29.98
2024-02-27 18:00:00,46.48,31.62
2024-02-27 19:00:00,48.645,30.2
2024-02-27 20:00:00,49.649,31.49
2024-02-27 21:00:00,47.407,30.34
2024-02-27 22:00:00,41.089,30.08
2024-02-27 23:00:00,31.522,31.09
2024-02-28 00:00:00,19.245,28.54
2024-02-28 01:00:00,18.989,28.26
2024-02-28 02:00:00,19.043,25.22
2024-02-28 03:00:00,16.37,27.05
2024-02-28 04:00:00,16.661,24.95
2024-02-28 05:00:00,19.424,23.39
2024-02-28 06:00:00,23.761,23.28
2024-02-28 07:00:00,30.112,21.24
2024-02-28 08:00:00,32.872,23.16
2024-02-28 09:00:00,42.058,22.11
2024-02-28 10:00:00,42.469,22.66
2024-02-28 11:00:00,43.311,23.14
2024-02-28 12:00:00,38.982,24.0
2024-02-28 13:00:00,36.961,26.11
2024-02-28 14:00:00,38.257,26.92
2024-02-28 15:00:00,37.459,28.4
2024-02-28 16:00:00,39.427,28.96
2024-02-28 17:00:00,42.916,30.3
2024-02-28 18:00:00,45.811,30.27
2024-02-28 19:00:00,49.224,32.84
2024-02-28 20:00:00,51.533,29.96
2024-02-28 21:00:00,48.189,32.07
2024-02-28 22:00:00,40.453,31.7
2024-02-28 23:00:00,32.678,29.21
2024-02-29 00:00:00,22.705,30.74
2024-02-29 01:00:00,20.486,28.67
2024-02-29 02:00:00,17.678,27.48
2024-02-29 03:00:00,14.647,25.56
2024-02-29 04:00:00,16.679,24.28
2024-02-29 05:00:00,17.587,23.36
2024-02-29 06:00:00,22.818,23.12
2024-02-29 07:00:00,28.385,23.48
2024-02-29 08:00:00,35.679,22.35
2024-02-29 09:00:00,39.23,21.63
2024-02-29 10:00:00,40.514,23.47
2024-02-29 11:00:00,42.047,24.26
2024-02-29 12:00:00,38.791,24.98
2024-02-29 13:00:00,38.76,26.13
2024-02-29 14:00:00,39.224,26.48
2024-02-29 15:00:00,38.673,27.12
2024-02-29 16:00:00,39.571,28.26
2024-02-29 17:00:00,42.129,28.57
2024-02-29 18:00:00,46.638,30.79
2024-02-29 19:00:00,50.871,30.98
2024-02-29 20:00:00,51.434,30.85
2024-02-29 21:00:00,46.576,28.68
2024-02-29 22:00:00,40.261,29.6
2024-02-29 23:00:00,32.33,30.77
2024-03-01 00:00:00,20.78,28.41
2024-03-01 01:00:00,21.033,28.15
2024-03-01 02:00:00,17.786,25.58
2024-03-01 03:00:00,16.917,26.68
2024-03-01 04:00:00,17.977,24.33
2024-03-01 05:00:00,18.173,23.74
2024-03-01 06:00:00,23.13,24.66
2024-03-01 07:00:00,29.987,23.56
2024-03-01 08:00:00,34.198,21.95
2024-03-01 09:00:00,39.999,21.87
2024-03-01 10:00:00,42.666,22.53
2024-03-01 11:00:00,40.867,23.92
2024-03-01 12:00:00,41.277,24.36
2024-03-01 13:00:00,37.153,25.21
2024-03-01 14:00:00,36.526,27.86
2024-03-01 15:00:00,38.525,27.76
2024-03-01 16:00:00,39.643,30.78
2024-03-01 17:00:00,41.623,29.94
2024-03-01 18:00:00,46.308,32.01
2024-03-01 19:00:00,50.23,31.32
2024-03-01 20:00:00,50.17,31.96
2024-03-01 21:00:00,47.729,30.45
2024-03-01 22:00:00,40.994,29.9
2024-03-01 23:00:00,32.542,30.23
2024-03-02 00:00:00,17.018,29.72
2024-03-02 01:00:00,16.271,27.88
2024-03-02 02:00:00,14.923,25.65
2024-03-02 03:00:00,14.732,24.43
2024-03-02 04:00:00,14.297,23.29
2024-03-02 05:00:00,15.049,22.08
2024-03-02 06:00:00,20.781,22.87
2024-03-02 07:00:00,24.159,23.23
2024-03-02 08:00:00,30.047,22.17
2024-03-02 09:00:00,32.623,20.52
2024-03-02 10:00:00,34.819,22.63
2024-03-02 11:00:00,35.206,23.37
2024-03-02 12:00:00,34.14,26.1
2024-03-02 13:00:00,33.558,24.35
2024-03-02 14:00:00,33.075,26.36
2024-03-02 15:00:00,34.208,29.2
2024-03-02 16:00:00,32.183,29.28
2024-03-02 17:00:00,33.895,30.31
2024-03-02 18:00:00,37.943,30.66
2024-03-02 19:00:00,41.332,31.28
2024-03-02 20:00:00,42.356,31.79
2024-03-02 21:00:00,41.278,30.37
2024-03-02 22:00:00,35.958,31.27
2024-03-02 23:00:00,28.447,28.75
2024-03-03 00:00:00,18.721,29.18
2024-03-03 01:00:00,18.657,27.98
2024-03-03 02:00:00,14.809,26.18
2024-03-03 03:00:00,12.64,25.49
2024-03-03 04:00:00,15.38,23.92
2024-03-03 05:00:00,13.731,22.63
2024-03-03 06:00:00,18.737,22.49
2024-03-03 07:00:00,25.24,21.44
2024-03-03 08:00:00,30.241,22.43
2024-03-03 09:00:00,34.052,21.4
2024-03-03 10:00:00,34.343,23.34
2024-03-03 11:00:00,34.669,22.54
2024-03-03 12:00:00,34.837,23.96
2024-03-03 13:00:00,32.966,25.0
2024-03-03 14:00:00,31.666,27.72
2024-03-03 15:00:00,30.807,28.09
2024-03-03 16:00:00,32.12,28.74
2024-03-03 17:00:00,35.947,30.24
2024-03-03 18:00:00,39.365,28.87
2024-03-03 19:00:00,41.233,30.97
2024-03-03 20:00:00,41.095,32.76
2024-03-03 21:00:00,41.611,31.11
2024-03-03 22:00:00,33.764,30.61
2024-03-03 23:00:00,27.58,30.28
2024-03-04 00:00:00,20.649,29.63
2024-03-04 01:00:00,18.372,26.23
2024-03-04 02:00:00,18.006,25.31
2024-03-04 03:00:00,19.235,25.66
2024-03-04 04:00:00,17.594,23.84
2024-03-04 05:00:00,18.499,24.52
2024-03-04 06:00:00,23.316,22.51
2024-03-04 07:00:00,27.284,20.76
2024-03-04 08:00:00,34.555,21.14
2024-03-04 09:00:00,37.729,20.11
2024-03-04 10:00:00,43.584,22.57
2024-03-04 11:00:00,42.358,23.32
2024-03-04 12:00:00,40.181,24.06
2024-03-04 13:00:00,38.898,26.35
2024-03-04 14:00:00,36.667,27.61
2024-03-04 15:00:00,37.516,27.68
2024-03-04 16:00:00,40.588,27.19
2024-03-04 17:00:00,41.954,30.33
2024-03-04 18:00:00,45.324,30.99
2024-03-04 19:00:00,47.677,31.24
2024-03-04 20:00:00,52.408,31.93
2024-03-04 21:00:00,48.379,30.06
2024-03-04 22:00:00,39.008,32.15
2024-03-04 23:00:00,30.677,29.06
2024-03-05 00:00:00,20.117,29.5
2024-03-05 01:00:00,19.246,26.46
2024-03-05 02:00:00,18.061,25.9
2024-03-05 03:00:00,16.317,26.69
2024-03-05 04:00:00,17.623,24.19
2024-03-05 05:00:00,18.44,24.14
2024-03-05 06:00:00,24.034,22.94
2024-03-05 07:00:00,28.706,22.21
2024-03-05 08:00:00,38.806,23.24
2024-03-05 09:00:00,39.714,22.11
2024-03-05 10:00:00,40.899,21.32
2024-03-05 11:00:00,39.753,22.82
2024-03-05 12:00:00,39.565,24.83
2024-03-05 13:00:00,37.006,25.79
2024-03-05 14:00:00,38.55,25.39
2024-03-05 15:00:00,35.797,27.23
2024-03-05 16:00:00,38.925,28.43
2024-03-05 17:00:00,40.442,29.53
2024-03-05 18:00:00,45.511,29.44
2024-03-05 19:00:00,50.087,30.48
2024-03-05 20:00:00,53.35,30.56
2024-03-05 21:00:00,47.35,31.6
2024-03-05 22:00:00,40.647,31.18
2024-03-05 23:00:00,30.882,29.7
2024-03-06 00:00:00,20.533,28.57
2024-03-06 01:00:00,18.651,27.91
2024-03-06 02:00:00,18.691,25.98
2024-03-06 03:00:00,16.332,24.55
2024-03-06 04:00:00,19.124,23.63
2024-03-06 05:00:00,18.784,22.94
2024-03-06 06:00:00,21.92,21.81
2024-03-06 07:00:00,28.696,22.42
2024-03-06 08:00:00,34.882,22.72
2024-03-06 09:00:00,41.106,21.02
2024-03-06 10:00:00,40.148,22.76
2024-03-06 11:00:00,39.432,23.27
2024-03-06 12:00:00,39.177,24.65
2024-03-06 13:00:00,39.457,25.46
2024-03-06 14:00:00,39.508,25.47
2024-03-06 15:00:00,39.148,26.78
2024-03-06 16:00:00,39.3,28.9
2024-03-06 17:00:00,41.735,30.63
2024-03-06 18:00:00,46.711,28.75
2024-03-06 19:00:00,48.303,31.25
2024-03-06 20:00:00,49.118,32.08
2024-03-06 21:00:00,48.895,30.85
2024-03-06 22:00:00,39.774,30.96
2024-03-06 23:00:00,31.553,29.25
2024-03-07 00:00:00,21.542,28.78
2024-03-07 01:00:00,19.633,26.49
2024-03-07 02:00:00,18.807,24.75
2024-03-07 03:00:00,17.679,26.21
2024-03-07 04:00:00,17.029,23.59
2024-03-07 05:00:00,17.909,23.08
2024-03-07 06:00:00,23.06,21.62
2024-03-07 07:00:00,28.462,21.15
2024-03-07 08:00:00,35.5,21.98
2024-03-07 09:00:00,42.961,21.69
2024-03-07 10:00:00,42.006,23.03
2024-03-07 11:00:00,41.259,23.8
2024-03-07 12:00:00,39.06,24.63
2024-03-07 13:00:00,39.8,25.65
2024-03-07 14:00:00,39.025,27.88
2024-03-07 15:00:00,38.523,26.93
2024-03-07 16:00:00,38.979,28.83
2024-03-07 17:00:00,42.875,30.71
2024-03-07 18:00:00,47.197,31.53
2024-03-07 19:00:00,49.759,29.83
2024-03-07 20:00:00,50.883,30.87
2024-03-07 21:00:00,49.362,32.05
2024-03-07 22:00:00,39.878,30.92
2024-03-07 23:00:00,30.888,29.95
2024-03-08 00:00:00,21.366,28.69
2024-03-08 01:00:00,17.604,27.47
2024-03-08 02:00:00,18.694,26.85
2024-03-08 03:00:00,15.848,25.25
2024-03-08 04:00:00,16.349,24.33
2024-03-08 05:00:00,18.142,23.49
2024-03-08 06:00:00,22.99,22.17
2024-03-08 07:00:00,28.719,22.69
2024-03-08 08:00:00,35.631,24.44
2024-03-08 09:00:00,40.229,20.84
2024-03-08 10:00:00,41.364,22.97
2024-03-08 11:00:00,40.011,22.82
2024-03-08 12:00:00,40.883,24.82
2024-03-08 13:00:00,36.614,25.48
2024-03-08 14:00:00,38.04,27.22
2024-03-08 15:00:00,37.262,28.71
2024-03-08 16:00:00,39.187,29.01
2024-03-08 17:00:00,40.337,30.7
2024-03-08 18:00:00,45.39,28.63
2024-03-08 19:00:00,49.366,32.23
2024-03-08 20:00:00,52.091,31.41
2024-03-08 21:00:00,48.789,31.82
2024-03-08 22:00:00,39.593,29.53
2024-03-08 23:00:00,31.123,29.12
2024-03-09 00:00:00,19.111,28.97
2024-03-09 01:00:00,15.248,27.76
2024-03-09 02:00:00,15.092,26.83
2024-03-09 03:00:00,14.296,26.31
2024-03-09 04:00:00,13.912,22.94
2024-03-09 05:00:00,18.356,24.2
2024-03-09 06:00:00,19.087,22.71
2024-03-09 07:00:00,25.168,22.09
2024-03-09 08:00:00,29.563,20.93
2024-03-09 09:00:00,34.785,22.66
2024-03-09 10:00:00,36.435,20.77
2024-03-09 11:00:00,34.08,23.94
2024-03-09 12:00:00,33.757,23.16
2024-03-09 13:00:00,32.033,25.48
2024-03-09 14:00:00,31.345,26.51
2024-03-09 15:00:00,33.137,28.7
2024-03-09 16:00:00,32.381,28.71
2024-03-09 17:00:00,33.085,29.23
2024-03-09 18:00:00,40.816,30.09
2024-03-09 19:00:00,41.231,31.96
2024-03-09 20:00:00,43.099,31.53
2024-03-09 21:00:00,42.856,30.64
2024-03-09 22:00:00,34.535,30.31
2024-03-09 23:00:00,26.71,28.53
2024-03-10 00:00:00,16.954,29.16
2024-03-10 01:00:00,14.805,26.35
2024-03-10 02:00:00,15.003,27.2
2024-03-10 03:00:00,14.676,25.53
2024-03-10 04:00:00,14.617,26.25
2024-03-10 05:00:00,15.115,22.53
2024-03-10 06:00:00,19.528,22.62
2024-03-10 07:00:00,22.836,23.69
2024-03-10 08:00:00,30.814,23.05
2024-03-10 09:00:00,34.411,21.69
2024-03-10 10:00:00,37.56,22.88
2024-03-10 11:00:00,34.688,23.41
2024-03-10 12:00:00,32.851,24.57
2024-03-10 13:00:00,32.894,24.87
2024-03-10 14:00:00,32.178,26.52
2024-03-10 15:00:00,32.522,26.48
2024-03-10 16:00:00,32.973,28.95
2024-03-10 17:00:00,34.262,30.13
2024-03-10 18:00:00,37.347,30.31
2024-03-10 19:00:00,42.318,29.64
2024-03-10 20:00:00,44.761,31.88
2024-03-10 21:00:00,41.263,31.23
2024-03-10 22:00:00,35.51,29.91
2024-03-10 23:00:00,27.91,29.55
2024-03-11 00:00:00,21.692,27.64
2024-03-11 01:00:00,18.549,26.93
2024-03-11 02:00:00,18.049,26.16
2024-03-11 03:00:00,18.061,26.4
2024-03-11 04:00:00,17.37,23.82
2024-03-11 05:00:00,19.123,23.92
2024-03-11 06:00:00,22.478,22.26
2024-03-11 07:00:00,28.864,22.44
2024-03-11 08:00:00,35.579,21.97
2024-03-11 09:00:00,40.238,22.94
2024-03-11 10:00:00,43.011,22.26
2024-03-11 11:00:00,38.406,22.14
2024-03-11 12:00:00,39.811,23.23
2024-03-11 13:00:00,38.679,24.99
2024-03-11 14:00:00,36.851,25.58
2024-03-11 15:00:00,38.425,28.08
2024-03-11 16:00:00,38.021,28.46
2024-03-11 17:00:00,41.456,31.66
2024-03-11 18:00:00,47.786,29.09
2024-03-11 19:00:00,50.5,31.09
2024-03-11 20:00:00,51.586,30.18
2024-03-11 21:00:00,48.838,30.53
2024-03-11 22:00:00,40.632,30.59
2024-03-11 23:00:00,33.659,27.9
2024-03-12 00:00:00,22.238,29.02
2024-03-12 01:00:00,18.615,29.27
2024-03-12 02:00:00,16.422,26.22
2024-03-12 03:00:00,17.408,25.62
2024-03-12 04:00:00,16.773,25.15
2024-03-12 05:00:00,16.902,23.26
2024-03-12 06:00:00,23.387,22.22
2024-03-12 07:00:00,28.796,20.41
2024-03-12 08:00:00,36.241,22.59
2024-03-12 09:00:00,40.741,22.14
2024-03-12 10:00:00,41.2,21.87
2024-03-12 11:00:00,41.446,23.5
2024-03-12 12:00:00,39.272,23.86
2024-03-12 13:00:00,38.318,24.99
2024-03-12 14:00:00,37.707,27.06
2024-03-12 15:00:00,38.894,26.67
2024-03-12 16:00:00,38.474,29.66
2024-03-12 17:00:00,43.22,28.64
2024-03-12 18:00:00,47.719,29.94
2024-03-12 19:00:00,48.717,32.46
2024-03-12 20:00:00,48.021,31.97
2024-03-12 21:00:00,49.515,31.0
2024-03-12 22:00:00,40.451,29.72
2024-03-12 23:00:00,30.736,29.33
2024-03-13 00:00:00,20.82,28.88
2024-03-13 01:00:00,18.957,27.77
2024-03-13 02:00:00,19.173,26.5
2024-03-13 03:00:00,16.993,25.38
2024-03-13 04:00:00,18.139,24.15
2024-03-13 05:00:00,18.864,22.23
2024-03-13 06:00:00,22.635,22.26
2024-03-13 07:00:00,28.672,22.95
2024-03-13 08:00:00,36.273,20.97
2024-03-13 09:00:00,41.127,22.07
2024-03-13 10:00:00,42.837,22.02
2024-03-13 11:00:00,40.533,23.47
2024-03-13 12:00:00,39.959,24.01
2024-03-13 13:00:00,39.356,26.58
2024-03-13 14:00:00,37.858,26.97
2024-03-13 15:00:00,36.582,26.68
2024-03-13 16:00:00,37.938,29.35
2024-03-13 17:00:00,41.574,29.13
2024-03-13 18:00:00,46.575,30.0
2024-03-13 19:00:00,50.754,31.16
2024-03-13 20:00:00,49.617,30.67
2024-03-13 21:00:00,47.841,31.63
2024-03-13 22:00:00,40.435,29.84
2024-03-13 23:00:00,32.431,29.25
2024-03-14 00:00:00,20.881,28.29
2024-03-14 01:00:00,18.942,27.28
2024-03-14 02:00:00,16.41,27.44
2024-03-14 03:00:00,17.323,25.9
2024-03-14 04:00:00,16.665,25.68
2024-03-14 05:00:00,17.693,25.19
2024-03-14 06:00:00,22.685,21.84
2024-03-14 07:00:00,30.22,22.27
2024-03-14 08:00:00,34.675,21.12
2024-03-14 09:00:00,39.432,21.59
2024-03-14 10:00:00,43.097,22.16
2024-03-14 11:00:00,40.877,22.53
2024-03-14 12:00:00,40.463,23.47
2024-03-14 13:00:00,39.17,25.28
2024-03-14 14:00:00,38.214,25.59
2024-03-14 15:00:00,37.385,28.4
2024-03-14 16:00:00,39.608,28.07
2024-03-14 17:00:00,43.006,31.99
2024-03-14 18:00:00,47.006,30.09
2024-03-14 19:00:00,48.261,30.96
2024-03-14 20:00:00,52.331,30.02
2024-03-14 21:00:00,48.085,32.27
2024-03-14 22:00:00,40.03,31.35
2024-03-14 23:00:00,31.447,29.98
2024-03-15 00:00:00,22.268,27.73
2024-03-15 01:00:00,19.931,27.89
2024-03-15 02:00:00,17.59,25.66
2024-03-15 03:00:00,17.684,26.56
2024-03-15 04:00:00,16.973,24.95
2024-03-15 05:00:00,17.776,23.45
2024-03-15 06:00:00,22.228,20.71
2024-03-15 07:00:00,29.488,21.42
2024-03-15 08:00:00,35.616,22.6
2024-03-15 09:00:00,38.887,23.18
2024-03-15 10:00:00,42.684,23.54
2024-03-15 11:00:00,40.31,22.1
2024-03-15 12:00:00,41.404,24.54
2024-03-15 13:00:00,37.329,26.2
2024-03-15 14:00:00,38.066,25.23
2024-03-15 15:00:00,37.026,27.71
2024-03-15 16:00:00,37.765,29.02
2024-03-15 17:00:00,41.323,29.49
2024-03-15 18:00:00,47.706,28.97
2024-03-15 19:00:00,49.616,30.64
2024-03-15 20:00:00,50.192,30.79
2024-03-15 21:00:00,46.585,30.78
2024-03-15 22:00:00,39.044,30.0
2024-03-15 23:00:00,31.073,29.38
2024-03-16 00:00:00,17.561,28.77
2024-03-16 01:00:00,16.244,28.07
2024-03-16 02:00:00,12.855,26.31
2024-03-16 03:00:00,14.212,25.06
2024-03-16 04:00:00,15.354,24.37
2024-03-16 05:00:00,17.261,21.83
2024-03-16 06:00:00,17.575,23.03
2024-03-16 07:00:00,23.892,22.2
2024-03-16 08:00:00,29.474,22.08
2024-03-16 09:00:00,34.395,22.97
2024-03-16 10:00:00,34.303,21.09
2024-03-16 11:00:00,36.396,21.79
2024-03-16 12:00:00,33.857,24.52
2024-03-16 13:00:00,32.82,25.38
2024-03-16 14:00:00,34.137,26.68
2024-03-16 15:00:00,32.063,27.34
2024-03-16 16:00:00,33.354,29.33
2024-03-16 17:00:00,34.781,30.47
2024-03-16 18:00:00,37.617,30.83
2024-03-16 19:00:00,41.427,30.68
2024-03-16 20:00:00,45.581,29.36
2024-03-16 21:00:00,41.828,31.51
2024-03-16 22:00:00,34.96,31.42
2024-03-16 23:00:00,25.881,30.24
2024-03-17 00:00:00,19.136,28.09
2024-03-17 01:00:00,15.088,28.25
2024-03-17 02:00:00,13.574,27.23
2024-03-17 03:00:00,13.735,26.62
2024-03-17 04:00:00,16.299,23.59
2024-03-17 05:00:00,17.542,23.18
2024-03-17 06:00:00,19.047,23.24
2024-03-17 07:00:00,24.022,22.24
2024-03-17 08:00:00,28.672,21.15
2024-03-17 09:00:00,34.326,22.53
2024-03-17 10:00:00,35.712,23.11
2024-03-17 11:00:00,35.485,23.43
2024-03-17 12:00:00,34.742,24.47
2024-03-17 13:00:00,32.745,25.17
2024-03-17 14:00:00,33.08,27.72
2024-03-17 15:00:00,31.364,26.98
2024-03-17 16:00:00,33.494,28.32
2024-03-17 17:00:00,35.03,29.73
2024-03-17 18:00:00,39.484,31.14
2024-03-17 19:00:00,42.436,29.69
2024-03-17 20:00:00,43.42,29.99
2024-03-17 21:00:00,41.993,29.25
2024-03-17 22:00:00,33.078,30.46
2024-03-17 23:00:00,25.791,28.82
2024-03-18 00:00:00,21.145,28.48
2024-03-18 01:00:00,17.908,28.23
2024-03-18 02:00:00,17.435,26.02
2024-03-18 03:00:00,16.448,25.56
2024-03-18 04:00:00,18.166,24.05
2024-03-18 05:00:00,18.505,23.89
2024-03-18 06:00:00,24.0,23.02
2024-03-18 07:00:00,29.378,21.64
2024-03-18 08:00:00,35.154,21.9
2024-03-18 09:00:00,40.426,23.02
2024-03-18 10:00:00,42.564,22.95
2024-03-18 11:00:00,42.017,22.24
2024-03-18 12:00:00,39.645,24.81
2024-03-18 13:00:00,37.08,24.5
2024-03-18 14:00:00,36.498,27.66
2024-03-18 15:00:00,37.407,28.52
2024-03-18 16:00:00,36.375,29.02
2024-03-18 17:00:00,43.651,29.84
2024-03-18 18:00:00,46.509,30.26
2024-03-18 19:00:00,48.822,31.42
2024-03-18 20:00:00,49.868,30.74
2024-03-18 21:00:00,49.499,31.07
2024-03-18 22:00:00,39.664,31.13
2024-03-18 23:00:00,30.581,29.26
2024-03-19 00:00:00,20.639,28.29
2024-03-19 01:00:00,19.496,26.74
2024-03-19 02:00:00,18.483,25.68
2024-03-19 03:00:00,18.047,23.9
2024-03-19 04:00:00,17.896,24.86
2024-03-19 05:00:00,18.361,24.8
2024-03-19 06:00:00,23.991,23.77
2024-03-19 07:00:00,28.386,20.88
2024-03-19 08:00:00,33.843,22.61
2024-03-19 09:00:00,39.605,23.32
2024-03-19 10:00:00,40.998,22.27
2024-03-19 11:00:00,40.155,23.43
2024-03-19 12:00:00,38.801,22.67
2024-03-19 13:00:00,38.29,25.58
2024-03-19 14:00:00,38.882,25.68
2024-03-19 15:00:00,39.49,27.85
2024-03-19 16:00:00,37.0,27.53
2024-03-19 17:00:00,40.507,30.14
2024-03-19 18:00:00,45.093,31.24
2024-03-19 19:00:00,50.251,30.25
2024-03-19 20:00:00,50.791,30.12
2024-03-19 21:00:00,47.711,29.15
2024-03-19 22:00:00,41.531,30.21
2024-03-19 23:00:00,32.596,29.24
2024-03-20 00:00:00,21.401,27.54
2024-03-20 01:00:00,18.547,28.05
2024-03-20 02:00:00,18.126,26.17
2024-03-20 03:00:00,16.592,24.5
2024-03-20 04:00:00,16.584,23.83
2024-03-20 05:00:00,17.837,24.2
2024-03-20 06:00:00,23.893,23.11
2024-03-20 07:00:00,29.325,22.07
2024-03-20 08:00:00,36.756,22.52
2024-03-20 09:00:00,41.653,21.25
2024-03-20 10:00:00,42.288,22.65
2024-03-20 11:00:00,40.283,23.46
2024-03-20 12:00:00,40.841,23.9
2024-03-20 13:00:00,39.235,25.71
2024-03-20 14:00:00,40.905,25.9
2024-03-20 15:00:00,38.056,28.1
2024-03-20 16:00:00,39.472,29.22
2024-03-20 17:00:00,42.116,27.37
2024-03-20 18:00:00,45.799,31.37
2024-03-20 19:00:00,49.206,28.43
2024-03-20 20:00:00,51.3,30.53
2024-03-20 21:00:00,48.982,31.69
2024-03-20 22:00:00,41.977,30.17
2024-03-20 23:00:00,31.935,28.53
2024-03-21 00:00:00,20.948,27.9
2024-03-21 01:00:00,19.047,28.51
2024-03-21 02:00:00,16.501,24.98
2024-03-21 03:00:00,18.524,26.26
2024-03-21 04:00:00,16.278,24.23
2024-03-21 05:00:00,19.347,22.39
2024-03-21 06:00:00,23.232,22.16
2024-03-21 07:00:00,29.38,21.36
2024-03-21 08:00:00,35.58,22.71
2024-03-21 09:00:00,39.486,22.76
2024-03-21 10:00:00,40.832,21.25
2024-03-21 11:00:00,42.563,23.02
2024-03-21 12:00:00,39.896,23.58
2024-03-21 13:00:00,39.908,26.39
2024-03-21 14:00:00,39.663,25.44
2024-03-21 15:00:00,37.321,28.97
2024-03-21 16:00:00,39.192,28.74
2024-03-21 17:00:00,41.866,28.77
2024-03-21 18:00:00,44.72,29.87
2024-03-21 19:00:00,49.281,30.22
2024-03-21 20:00:00,51.599,30.0
2024-03-21 21:00:00,47.941,30.94
2024-03-21 22:00:00,40.469,29.43
2024-03-21 23:00:00,31.443,27.96
2024-03-22 00:00:00,23.574,28.46
2024-03-22 01:00:00,17.509,26.24
2024-03-22 02:00:00,18.362,25.92
2024-03-22 03:00:00,16.572,24.63
2024-03-22 04:00:00,16.177,23.57
2024-03-22 05:00:00,18.077,24.94
2024-03-22 06:00:00,23.631,22.66
2024-03-22 07:00:00,29.809,22.37
2024-03-22 08:00:00,35.89,20.6
2024-03-22 09:00:00,41.405,21.65
2024-03-22 10:00:00,43.114,22.79
2024-03-22 11:00:00,41.633,22.51
2024-03-22 12:00:00,39.223,24.99
2024-03-22 13:00:00,39.264,24.39
2024-03-22 14:00:00,38.759,26.29
2024-03-22 15:00:00,36.908,27.21
2024-03-22 16:00:00,37.159,28.9
2024-03-22 17:00:00,39.757,29.18
2024-03-22 18:00:00,45.971,30.2
2024-03-22 19:00:00,49.774,30.67
2024-03-22 20:00:00,49.795,30.43
2024-03-22 21:00:00,49.517,31.25
2024-03-22 22:00:00,40.955,30.6
2024-03-22 23:00:00,32.996,29.63
2024-03-23 00:00:00,18.585,28.42
2024-03-23 01:00:00,15.385,28.32
2024-03-23 02:00:00,15.64,26.33
2024-03-23 03:00:00,14.989,25.1
2024-03-23 04:00:00,13.747,24.35
2024-03-23 05:00:00,14.135,24.69
2024-03-23 06:00:00,19.61,21.54
2024-03-23 07:00:00,23.689,22.78
2024-03-23 08:00:00,31.488,20.5
2024-03-23 09:00:00,33.831,22.34
2024-03-23 10:00:00,37.306,23.88
2024-03-23 11:00:00,32.513,23.72
2024-03-23 12:00:00,33.95,24.4
2024-03-23 13:00:00,34.404,24.9
2024-03-23 14:00:00,31.604,26.54
2024-03-23 15:00:00,31.917,27.48
2024-03-23 16:00:00,32.535,28.13
2024-03-23 17:00:00,34.85,29.46
2024-03-23 18:00:00,39.265,30.57
2024-03-23 19:00:00,40.728,30.24
2024-03-23 20:00:00,43.237,30.37
2024-03-23 21:00:00,41.709,29.77
2024-03-23 22:00:00,34.461,30.72
2024-03-23 23:00:00,25.857,30.13
2024-03-24 00:00:00,19.258,28.95
2024-03-24 01:00:00,17.218,28.45
2024-03-24 02:00:00,14.11,26.58
2024-03-24 03:00:00,12.986,25.66
2024-03-24 04:00:00,13.335,24.5
2024-03-24 05:00:00,16.162,23.26
2024-03-24 06:00:00,19.789,22.19
2024-03-24 07:00:00,25.515,23.93
2024-03-24 08:00:00,30.012,21.65
2024-03-24 09:00:00,33.303,21.63
2024-03-24 10:00:00,36.484,22.96
2024-03-24 11:00:00,34.115,23.53
2024-03-24 12:00:00,34.003,23.14
2024-03-24 13:00:00,31.365,26.24
2024-03-24 14:00:00,31.931,26.43
2024-03-24 15:00:00,33.109,26.78
2024-03-24 16:00:00,32.215,29.71
2024-03-24 17:00:00,36.378,30.19
2024-03-24 18:00:00,36.637,29.39
2024-03-24 19:00:00,41.479,32.28
2024-03-24 20:00:00,43.175,31.54
2024-03-24 21:00:00,42.96,30.85
2024-03-24 22:00:00,33.488,31.68
2024-03-24 23:00:00,27.561,29.82
2024-03-25 00:00:00,22.498,28.74
2024-03-25 01:00:00,18.644,27.14
2024-03-25 02:00:00,17.469,26.97
2024-03-25 03:00:00,16.974,25.72
2024-03-25 04:00:00,15.319,24.27
2024-03-25 05:00:00,17.896,22.69
2024-03-25 06:00:00,24.252,22.71
2024-03-25 07:00:00,29.603,22.1
2024-03-25 08:00:00,35.54,20.94
2024-03-25 09:00:00,40.405,20.98
2024-03-25 10:00:00,42.413,23.06
2024-03-25 11:00:00,41.588,21.24
2024-03-25 12:00:00,39.212,24.42
2024-03-25 13:00:00,40.325,24.96
2024-03-25 14:00:00,39.593,27.55
2024-03-25 15:00:00,38.431,27.28
2024-03-25 16:00:00,37.9,29.28
2024-03-25 17:00:00,40.779,29.37
2024-03-25 18:00:00,45.567,30.49
2024-03-25 19:00:00,49.532,31.44
2024-03-25 20:00:00,49.196,30.64
2024-03-25 21:00:00,48.955,31.65
2024-03-25 22:00:00,42.113,29.61
2024-03-25 23:00:00,32.208,29.92
2024-03-26 00:00:00,20.73,29.49
2024-03-26 01:00:00,18.57,28.2
2024-03-26 02:00:00,18.156,28.04
2024-03-26 03:00:00,16.674,24.73
2024-03-26 04:00:00,17.282,23.15
2024-03-26 05:00:00,18.974,22.53
2024-03-26 06:00:00,24.064,23.14
2024-03-26 07:00:00,27.915,22.56
2024-03-26 08:00:00,35.926,22.09
2024-03-26 09:00:00,39.919,21.26
2024-03-26 10:00:00,41.719,23.22
2024-03-26 11:00:00,41.682,22.34
2024-03-26 12:00:00,40.773,25.18
2024-03-26 13:00:00,40.186,27.63
2024-03-26 14:00:00,38.684,26.8
2024-03-26 15:00:00,37.628,28.14
2024-03-26 16:00:00,38.502,28.36
2024-03-26 17:00:00,40.051,28.24
2024-03-26 18:00:00,47.267,29.92
2024-03-26 19:00:00,49.142,29.98
2024-03-26 20:00:00,51.516,29.85
2024-03-26 21:00:00,49.143,32.23
2024-03-26 22:00:00,39.53,30.62
2024-03-26 23:00:00,30.678,29.99
2024-03-27 00:00:00,22.998,28.51
2024-03-27 01:00:00,19.676,27.53
2024-03-27 02:00:00,17.258,27.28
2024-03-27 03:00:00,16.701,25.31
2024-03-27 04:00:00,17.938,24.68
2024-03-27 05:00:00,19.313,23.16
2024-03-27 06:00:00,21.455,22.33
2024-03-27 07:00:00,30.737,21.03
2024-03-27 08:00:00,36.685,20.42
2024-03-27 09:00:00,40.134,21.95
2024-03-27 10:00:00,40.604,22.65
2024-03-27 11:00:00,41.875,22.29
2024-03-27 12:00:00,40.266,24.23
2024-03-27 13:00:00,37.273,25.38
2024-03-27 14:00:00,38.013,24.78
2024-03-27 15:00:00,40.929,26.94
2024-03-27 16:00:00,38.777,29.08
2024-03-27 17:00:00,41.063,29.99
2024-03-27 18:00:00,44.871,29.48
2024-03-27 19:00:00,51.278,30.98
2024-03-27 20:00:00,51.865,31.82
2024-03-27 21:00:00,49.886,31.47
2024-03-27 22:00:00,41.053,30.32
2024-03-27 23:00:00,32.899,29.31
2024-03-28 00:00:00,20.555,28.25
2024-03-28 01:00:00,19.546,28.04
2024-03-28 02:00:00,18.143,26.66
2024-03-28 03:00:00,18.24,25.84
2024-03-28 04:00:00,17.155,24.36
2024-03-28 05:00:00,17.722,23.97
2024-03-28 06:00:00,23.015,22.68
2024-03-28 07:00:00,27.36,22.78
2024-03-28 08:00:00,33.333,22.7
2024-03-28 09:00:00,41.138,21.51
2024-03-28 10:00:00,41.438,21.16
2024-03-28 11:00:00,40.533,24.55
2024-03-28 12:00:00,40.628,24.46
2024-03-28 13:00:00,40.185,23.97
2024-03-28 14:00:00,38.795,25.93
2024-03-28 15:00:00,39.707,28.28
2024-03-28 16:00:00,39.273,28.53
2024-03-28 17:00:00,42.128,29.27
2024-03-28 18:00:00,46.145,31.52
2024-03-28 19:00:00,48.159,30.01
2024-03-28 20:00:00,51.975,30.36
2024-03-28 21:00:00,45.956,31.02
2024-03-28 22:00:00,40.202,30.71
2024-03-28 23:00:00,31.643,30.08
2024-03-29 00:00:00,20.614,29.48
2024-03-29 01:00:00,18.919,27.82
2024-03-29 02:00:00,19.726,26.89
2024-03-29 03:00:00,17.956,25.13
2024-03-29 04:00:00,16.13,24.3
2024-03-29 05:00:00,17.881,23.4
2024-03-29 06:00:00,21.647,22.78
2024-03-29 07:00:00,29.789,22.77
2024-03-29 08:00:00,35.445,22.44
2024-03-29 09:00:00,38.284,22.19
2024-03-29 10:00:00,41.923,21.96
2024-03-29 11:00:00,41.248,23.37
2024-03-29 12:00:00,40.762,24.23
2024-03-29 13:00:00,38.685,25.49
2024-03-29 14:00:00,37.87,28.27
2024-03-29 15:00:00,39.766,27.25
2024-03-29 16:00:00,38.767,29.09
2024-03-29 17:00:00,42.554,30.54
2024-03-29 18:00:00,45.35,30.48
2024-03-29 19:00:00,50.174,32.72
2024-03-29 20:00:00,49.515,30.7
2024-03-29 21:00:00,47.979,31.11
2024-03-29 22:00:00,39.568,29.76
2024-03-29 23:00:00,31.003,29.4
2024-03-30 00:00:00,19.482,28.95
2024-03-30 01:00:00,15.848,28.34
2024-03-30 02:00:00,15.905,26.76
2024-03-30 03:00:00,15.853,26.34
2024-03-30 04:00:00,14.277,24.17
2024-03-30 05:00:00,16.62,23.05
2024-03-30 06:00:00,20.049,24.77
2024-03-30 07:00:00,24.828,22.47
2024-03-30 08:00:00,31.11,21.42
2024-03-30 09:00:00,36.123,21.6
2024-03-30 10:00:00,34.897,21.85
2024-03-30 11:00:00,33.702,24.07
2024-03-30 12:00:00,32.775,23.96
2024-03-30 13:00:00,33.96,25.44
2024-03-30 14:00:00,33.664,26.45
2024-03-30 15:00:00,31.531,28.25
2024-03-30 16:00:00,30.767,28.07
2024-03-30 17:00:00,34.859,28.82
2024-03-30 18:00:00,39.574,30.58
2024-03-30 19:00:00,41.981,31.33
2024-03-30 20:00:00,43.534,31.27
2024-03-30 21:00:00,40.649,30.2
2024-03-30 22:00:00,35.714,30.94
2024-03-30 23:00:00,27.227,29.09
2024-03-31 00:00:00,18.805,28.33
2024-03-31 01:00:00,16.635,26.91
2024-03-31 02:00:00,15.707,27.54
2024-03-31 03:00:00,14.773,25.84
2024-03-31 04:00:00,13.359,24.73
2024-03-31 05:00:00,15.987,24.32
2024-03-31 06:00:00,20.315,24.85
2024-03-31 07:00:00,25.888,20.79
2024-03-31 08:00:00,30.769,21.41
2024-03-31 09:00:00,33.262,21.66
2024-03-31 10:00:00,34.719,21.92
2024-03-31 11:00:00,34.236,22.46
2024-03-31 12:00:00,34.006,24.01
2024-03-31 13:00:00,32.821,24.36
2024-03-31 14:00:00,31.366,26.77
2024-03-31 15:00:00,30.927,27.71
2024-03-31 16:00:00,30.806,29.13
2024-03-31 17:00:00,32.365,30.09
2024-03-31 18:00:00,38.881,30.88
2024-03-31 19:00:00,44.416,30.55
2024-03-31 20:00:00,45.183,32.7
2024-03-31 21:00:00,40.185,31.03
2024-03-31 22:00:00,34.833,28.91
2024-03-31 23:00:00,25.383,28.88
2024-04-01 00:00:00,20.082,27.36
2024-04-01 01:00:00,18.159,27.68
2024-04-01 02:00:00,17.62,26.4
2024-04-01 03:00:00,16.644,24.96
2024-04-01 04:00:00,17.088,25.86
2024-04-01 05:00:00,19.036,23.76
2024-04-01 06:00:00,22.606,23.18
2024-04-01 07:00:00,29.107,21.41
2024-04-01 08:00:00,34.584,21.2
2024-04-01 09:00:00,38.919,22.18
2024-04-01 10:00:00,40.291,22.74
2024-04-01 11:00:00,41.462,21.83
2024-04-01 12:00:00,39.435,24.11
2024-04-01 13:00:00,36.851,25.35
2024-04-01 14:00:00,38.186,26.33
2024-04-01 15:00:00,36.466,27.01
2024-04-01 16:00:00,40.454,28.32
2024-04-01 17:00:00,41.23,29.54
2024-04-01 18:00:00,46.595,30.47
2024-04-01 19:00:00,50.581,31.33
2024-04-01 20:00:00,50.026,31.87
2024-04-01 21:00:00,48.528,30.61
2024-04-01 22:00:00,41.365,30.03
2024-04-01 23:00:00,31.738,30.03
2024-04-02 00:00:00,21.788,29.24
2024-04-02 01:00:00,18.024,27.32
2024-04-02 02:00:00,18.415,27.13
2024-04-02 03:00:00,16.334,26.12
2024-04-02 04:00:00,17.186,25.28
2024-04-02 05:00:00,19.298,24.74
2024-04-02 06:00:00,23.632,21.91
2024-04-02 07:00:00,29.426,22.17
2024-04-02 08:00:00,36.355,22.01
2024-04-02 09:00:00,40.992,22.08
2024-04-02 10:00:00,43.345,22.08
2024-04-02 11:00:00,40.765,22.13
2024-04-02 12:00:00,39.947,24.33
2024-04-02 13:00:00,39.711,24.72
2024-04-02 14:00:00,37.75,26.57
2024-04-02 15:00:00,36.378,27.03
2024-04-02 16:00:00,39.263,27.87
2024-04-02 17:00:00,41.61,29.87
2024-04-02 18:00:00,44.668,30.52
2024-04-02 19:00:00,49.981,31.31
2024-04-02 20:00:00,52.46,32.75
2024-04-02 21:00:00,46.788,31.07
2024-04-02 22:00:00,41.843,30.79
2024-04-02 23:00:00,29.032,28.82
2024-04-03 00:00:00,21.012,27.72
2024-04-03 01:00:00,21.257,28.93
2024-04-03 02:00:00,17.515,25.76
2024-04-03 03:00:00,16.922,24.5
2024-04-03 04:00:00,17.608,24.22
2024-04-03 05:00:00,16.609,23.25
2024-04-03 06:00:00,23.024,21.88
2024-04-03 07:00:00,29.135,21.91
2024-04-03 08:00:00,37.6,22.99
2024-04-03 09:00:00,39.03,21.51
2024-04-03 10:00:00,41.431,21.49
2024-04-03 11:00:00,39.853,24.07
2024-04-03 12:00:00,38.725,24.65
2024-04-03 13:00:00,39.91,24.84
2024-04-03 14:00:00,38.277,25.24
2024-04-03 15:00:00,37.173,27.07
2024-04-03 16:00:00,38.232,28.71
2024-04-03 17:00:00,41.246,30.62
2024-04-03 18:00:00,45.417,29.57
2024-04-03 19:00:00,48.18,30.78
2024-04-03 20:00:00,50.736,31.54
2024-04-03 21:00:00,48.084,28.94
2024-04-03 22:00:00,40.027,31.23
2024-04-03 23:00:00,31.778,28.74
2024-04-04 00:00:00,21.665,29.02
2024-04-04 01:00:00,18.812,27.87
2024-04-04 02:00:00,17.703,27.37
2024-04-04 03:00:00,19.032,25.78
2024-04-04 04:00:00,18.993,22.35
2024-04-04 05:00:00,17.285,22.69
2024-04-04 06:00:00,22.017,22.72
2024-04-04 07:00:00,27.989,22.0
2024-04-04 08:00:00,36.778,22.39
2024-04-04 09:00:00,39.884,22.79
2024-04-04 10:00:00,42.064,23.09
2024-04-04 11:00:00,42.837,23.15
2024-04-04 12:00:00,39.769,22.78
2024-04-04 13:00:00,39.48,24.98
2024-04-04 14:00:00,38.781,26.84
2024-04-04 15:00:00,37.14,26.8
2024-04-04 16:00:00,39.84,29.26
2024-04-04 17:00:00,40.953,30.41
2024-04-04 18:00:00,47.267,30.5
2024-04-04 19:00:00,48.871,28.4
2024-04-04 20:00:00,50.512,29.98
2024-04-04 21:00:00,47.34,32.36
2024-04-04 22:00:00,39.857,29.97
2024-04-04 23:00:00,31.185,28.1
2024-04-05 00:00:00,18.94,29.74
2024-04-05 01:00:00,19.142,27.68
2024-04-05 02:00:00,17.332,27.39
2024-04-05 03:00:00,17.636,25.56
2024-04-05 04:00:00,17.261,24.62
2024-04-05 05:00:00,17.638,23.61
2024-04-05 06:00:00,22.482,23.17
2024-04-05 07:00:00,28.831,23.98
2024-04-05 08:00:00,37.216,22.78
2024-04-05 09:00:00,39.451,20.9
2024-04-05 10:00:00,41.086,22.97
2024-04-05 11:00:00,39.649,24.24
2024-04-05 12:00:00,38.268,25.22
2024-04-05 13:00:00,39.073,25.0
2024-04-05 14:00:00,38.457,27.44
2024-04-05 15:00:00,39.048,28.41
2024-04-05 16:00:00,39.822,30.82
2024-04-05 17:00:00,44.265,29.09
2024-04-05 18:00:00,45.825,30.0
2024-04-05 19:00:00,49.204,30.61
2024-04-05 20:00:00,49.674,30.62
2024-04-05 21:00:00,49.161,30.14
2024-04-05 22:00:00,40.921,28.19
2024-04-05 23:00:00,32.284,29.34
2024-04-06 00:00:00,17.045,29.05
2024-04-06 01:00:00,16.832,27.28
2024-04-06 02:00:00,15.382,28.06
2024-04-06 03:00:00,14.447,25.35
2024-04-06 04:00:00,13.609,25.29
2024-04-06 05:00:00,16.819,23.54
2024-04-06 06:00:00,21.599,23.27
2024-04-06 07:00:00,23.577,22.39
2024-04-06 08:00:00,31.08,23.1
2024-04-06 09:00:00,31.311,22.21
2024-04-06 10:00:00,36.229,23.01
2024-04-06 11:00:00,32.772,23.62
2024-04-06 12:00:00,33.278,24.03
2024-04-06 13:00:00,31.607,25.67
2024-04-06 14:00:00,32.293,28.3
2024-04-06 15:00:00,32.935,27.46
2024-04-06 16:00:00,31.052,29.1
2024-04-06 17:00:00,35.18,30.7
2024-04-06 18:00:00,38.491,31.32
2024-04-06 19:00:00,43.662,30.87
2024-04-06 20:00:00,43.79,29.1
2024-04-06 21:00:00,39.982,31.27
2024-04-06 22:00:00,34.199,28.63
2024-04-06 23:00:00,28.464,30.87
2024-04-07 00:00:00,18.936,28.9
2024-04-07 01:00:00,15.536,28.48
2024-04-07 02:00:00,14.9,25.79
2024-04-07 03:00:00,14.066,24.1
2024-04-07 04:00:00,13.757,24.47
2024-04-07 05:00:00,13.862,23.3
2024-04-07 06:00:00,18.816,22.22
2024-04-07 07:00:00,26.126,22.23
2024-04-07 08:00:00,29.956,24.23
2024-04-07 09:00:00,34.141,22.83
2024-04-07 10:00:00,35.69,23.45
2024-04-07 11:00:00,36.943,24.01
2024-04-07 12:00:00,33.822,25.45
2024-04-07 13:00:00,34.062,25.2
2024-04-07 14:00:00,31.902,24.87
2024-04-07 15:00:00,31.814,27.53
2024-04-07 16:00:00,32.959,29.41
2024-04-07 17:00:00,34.757,28.92
2024-04-07 18:00:00,38.807,30.27
2024-04-07 19:00:00,42.955,30.31
2024-04-07 20:00:00,42.534,32.22
2024-04-07 21:00:00,41.183,31.46
2024-04-07 22:00:00,35.403,30.93
2024-04-07 23:00:00,26.036,30.19
2024-04-08 00:00:00,22.537,28.73
2024-04-08 01:00:00,19.454,27.84
2024-04-08 02:00:00,17.682,25.57
2024-04-08 03:00:00,14.782,23.6
2024-04-08 04:00:00,16.449,24.38
2024-04-08 05:00:00,18.739,23.59
2024-04-08 06:00:00,24.73,23.59
2024-04-08 07:00:00,29.649,23.43
2024-04-08 08:00:00,36.849,23.27
2024-04-08 09:00:00,39.057,21.37
2024-04-08 10:00:00,41.691,22.34
2024-04-08 11:00:00,42.045,23.72
2024-04-08 12:00:00,38.875,26.29
2024-04-08 13:00:00,39.745,26.54
2024-04-08 14:00:00,38.998,27.41
2024-04-08 15:00:00,38.02,27.37
2024-04-08 16:00:00,38.425,28.06
2024-04-08 17:00:00,40.814,30.33
2024-04-08 18:00:00,47.711,29.53
2024-04-08 19:00:00,50.114,30.67
2024-04-08 20:00:00,51.347,30.93
2024-04-08 21:00:00,48.029,32.14
2024-04-08 22:00:00,40.839,30.13
2024-04-08 23:00:00,31.788,27.75
2024-04-09 00:00:00,21.828,29.17
2024-04-09 01:00:00,20.129,27.12
2024-04-09 02:00:00,17.052,26.55
2024-04-09 03:00:00,15.334,25.28
2024-04-09 04:00:00,16.916,24.05
2024-04-09 05:00:00,16.578,23.97
2024-04-09 06:00:00,22.62,21.4
2024-04-09 07:00:00,28.551,21.76
2024-04-09 08:00:00,36.202,22.57
2024-04-09 09:00:00,42.312,21.68
2024-04-09 10:00:00,39.837,21.34
2024-04-09 11:00:00,43.12,23.87
2024-04-09 12:00:00,39.542,25.17
2024-04-09 13:00:00,39.115,25.32
2024-04-09 14:00:00,36.807,24.95
2024-04-09 15:00:00,38.757,28.25
2024-04-09 16:00:00,38.802,27.44
2024-04-09 17:00:00,41.757,29.95
2024-04-09 18:00:00,43.924,29.71
2024-04-09 19:00:00,49.545,29.94
2024-04-09 20:00:00,51.863,30.67
2024-04-09 21:00:00,48.209,30.72
2024-04-09 22:00:00,41.998,29.9
2024-04-09 23:00:00,32.776,30.17
2024-04-10 00:00:00,20.766,28.42
2024-04-10 01:00:00,21.007,28.47
2024-04-10 02:00:00,17.896,26.75
2024-04-10 03:00:00,16.881,24.8
2024-04-10 04:00:00,16.931,23.58
2024-04-10 05:00:00,18.431,22.02
2024-04-10 06:00:00,20.267,22.86
2024-04-10 07:00:00,28.881,21.89
2024-04-10 08:00:00,34.309,20.13
2024-04-10 09:00:00,41.949,21.75
2024-04-10 10:00:00,43.438,21.91
2024-04-10 11:00:00,41.669,24.6
2024-04-10 12:00:00,39.537,22.91
2024-04-10 13:00:00,37.732,24.21
2024-04-10 14:00:00,37.579,27.41
2024-04-10 15:00:00,39.721,28.78
2024-04-10 16:00:00,38.054,28.18
2024-04-10 17:00:00,39.417,29.2
2024-04-10 18:00:00,46.951,30.92
2024-04-10 19:00:00,51.001,29.01
2024-04-10 20:00:00,52.692,29.54
2024-04-10 21:00:00,49.509,30.65
2024-04-10 22:00:00,42.026,31.66
2024-04-10 23:00:00,31.674,29.36
2024-04-11 00:00:00,19.302,28.86
2024-04-11 01:00:00,19.408,28.6
2024-04-11 02:00:00,18.484,28.21
2024-04-11 03:00:00,16.692,24.9
2024-04-11 04:00:00,16.646,24.26
2024-04-11 05:00:00,17.377,24.8
2024-04-11 06:00:00,21.928,21.41
2024-04-11 07:00:00,30.945,23.0
2024-04-11 08:00:00,37.612,21.21
2024-04-11 09:00:00,40.287,22.26
2024-04-11 10:00:00,42.107,22.44
2024-04-11 11:00:00,39.8,22.58
2024-04-11 12:00:00,40.435,23.49
2024-04-11 13:00:00,40.555,25.59
2024-04-11 14:00:00,36.69,27.33
2024-04-11 15:00:00,38.213,27.59
2024-04-11 16:00:00,39.31,28.84
2024-04-11 17:00:00,42.358,30.17
2024-04-11 18:00:00,47.576,29.65
2024-04-11 19:00:00,51.547,31.47
2024-04-11 20:00:00,50.762,31.69
2024-04-11 21:00:00,49.137,32.96
2024-04-11 22:00:00,40.886,30.13
2024-04-11 23:00:00,30.975,29.35
2024-04-12 00:00:00,21.696,29.4
2024-04-12 01:00:00,20.065,28.35
2024-04-12 02:00:00,18.071,26.1
2024-04-12 03:00:00,15.931,25.05
2024-04-12 04:00:00,16.357,24.72
2024-04-12 05:00:00,17.895,22.69
2024-04-12 06:00:00,22.091,22.31
2024-04-12 07:00:00,29.39,22.26
2024-04-12 08:00:00,36.126,22.83
2024-04-12 09:00:00,41.289,21.7
2024-04-12 10:00:00,40.945,21.16
2024-04-12 11:00:00,40.211,21.82
2024-04-12 12:00:00,41.366,23.28
2024-04-12 13:00:00,38.592,24.32
2024-04-12 14:00:00,38.281,26.41
2024-04-12 15:00:00,37.561,26.75
2024-04-12 16:00:00,39.916,28.22
2024-04-12 17:00:00,43.015,29.1
2024-04-12 18:00:00,47.035,30.08
2024-04-12 19:00:00,49.497,31.94
2024-04-12 20:00:00,50.11,31.57
2024-04-12 21:00:00,50.414,30.9
2024-04-12 22:00:00,41.673,30.07
2024-04-12 23:00:00,31.154,29.37
2024-04-13 00:00:00,19.659,29.05
2024-04-13 01:00:00,15.927,28.17
2024-04-13 02:00:00,16.611,25.81
2024-04-13 03:00:00,15.813,25.4
2024-04-13 04:00:00,13.366,22.66
2024-04-13 05:00:00,16.199,23.53
2024-04-13 06:00:00,20.305,23.25
2024-04-13 07:00:00,27.377,21.97
2024-04-13 08:00:00,29.588,23.49
2024-04-13 09:00:00,35.708,21.49
2024-04-13 10:00:00,35.565,22.82
2024-04-13 11:00:00,33.414,23.33
2024-04-13 12:00:00,33.691,24.21
2024-04-13 13:00:00,32.949,25.28
2024-04-13 14:00:00,31.432,26.63
2024-04-13 15:00:00,32.397,28.38
2024-04-13 16:00:00,33.923,29.89
2024-04-13 17:00:00,35.79,29.72
2024-04-13 18:00:00,38.462,31.09
2024-04-13 19:00:00,41.898,30.33
2024-04-13 20:00:00,43.345,31.66
2024-04-13 21:00:00,41.404,30.28
2024-04-13 22:00:00,35.812,31.31
2024-04-13 23:00:00,27.154,31.49
2024-04-14 00:00:00,16.776,28.7
2024-04-14 01:00:00,15.899,25.95
2024-04-14 02:00:00,15.342,26.11
2024-04-14 03:00:00,15.452,26.36
2024-04-14 04:00:00,15.629,24.74
2024-04-14 05:00:00,17.416,23.56
2024-04-14 06:00:00,19.641,23.45
2024-04-14 07:00:00,25.488,22.59
2024-04-14 08:00:00,28.861,23.02
2024-04-14 09:00:00,34.685,22.93
2024-04-14 10:00:00,34.45,23.87
2024-04-14 11:00:00,34.616,23.65
2024-04-14 12:00:00,36.903,25.02
2024-04-14 13:00:00,33.256,25.14
2024-04-14 14:00:00,31.631,26.07
2024-04-14 15:00:00,32.495,29.08
2024-04-14 16:00:00,32.419,28.97
2024-04-14 17:00:00,34.567,30.37
2024-04-14 18:00:00,41.16,30.54
2024-04-14 19:00:00,43.138,30.43
2024-04-14 20:00:00,43.702,31.06
2024-04-14 21:00:00,40.783,32.04
2024-04-14 22:00:00,34.363,30.89
2024-04-14 23:00:00,28.45,28.36
2024-04-15 00:00:00,21.733,28.63
2024-04-15 01:00:00,16.236,29.14
2024-04-15 02:00:00,20.319,26.38
2024-04-15 03:00:00,17.017,23.95
2024-04-15 04:00:00,17.18,25.82
2024-04-15 05:00:00,19.468,23.92
2024-04-15 06:00:00,23.425,22.6
2024-04-15 07:00:00,29.832,21.91
2024-04-15 08:00:00,35.268,22.92
2024-04-15 09:00:00,39.036,21.77
2024-04-15 10:00:00,42.106,23.57
2024-04-15 11:00:00,42.26,23.8
2024-04-15 12:00:00,39.119,24.5
2024-04-15 13:00:00,38.017,25.51
2024-04-15 14:00:00,39.495,26.41
2024-04-15 15:00:00,37.274,28.56
2024-04-15 16:00:00,38.341,28.11
2024-04-15 17:00:00,41.439,28.44
2024-04-15 18:00:00,45.834,30.94
2024-04-15 19:00:00,47.865,31.41
2024-04-15 20:00:00,50.45,31.44
2024-04-15 21:00:00,48.685,31.23
2024-04-15 22:00:00,41.028,30.2
2024-04-15 23:00:00,32.801,30.37
2024-04-16 00:00:00,23.296,28.77
2024-04-16 01:00:00,20.923,27.33
2024-04-16 02:00:00,18.783,26.31
2024-04-16 03:00:00,16.678,27.01
2024-04-16 04:00:00,16.194,22.92
2024-04-16 05:00:00,18.378,23.78
2024-04-16 06:00:00,23.547,21.32
2024-04-16 07:00:00,29.908,22.13
2024-04-16 08:00:00,36.336,21.71
2024-04-16 09:00:00,40.166,20.54
2024-04-16 10:00:00,42.623,22.97
2024-04-16 11:00:00,42.086,23.07
2024-04-16 12:00:00,40.678,22.63
2024-04-16 13:00:00,38.727,26.07
2024-04-16 14:00:00,37.399,27.71
2024-04-16 15:00:00,36.865,28.92
2024-04-16 16:00:00,38.065,29.1
2024-04-16 17:00:00,42.082,29.78
2024-04-16 18:00:00,46.43,31.52
2024-04-16 19:00:00,48.027,32.25
2024-04-16 20:00:00,50.486,31.97
2024-04-16 21:00:00,48.698,30.16
2024-04-16 22:00:00,39.882,30.62
2024-04-16 23:00:00,32.063,30.1
2024-04-17 00:00:00,21.106,27.37
2024-04-17 01:00:00,18.642,28.1
2024-04-17 02:00:00,17.904,28.38
2024-04-17 03:00:00,17.23,25.91
2024-04-17 04:00:00,15.965,25.49
2024-04-17 05:00:00,18.113,23.53
2024-04-17 06:00:00,23.427,22.61
2024-04-17 07:00:00,28.293,22.52
2024-04-17 08:00:00,34.009,21.41
2024-04-17 09:00:00,38.723,21.45
2024-04-17 10:00:00,41.394,23.68
2024-04-17 11:00:00,39.455,24.48
2024-04-17 12:00:00,39.425,23.52
2024-04-17 13:00:00,40.458,26.18
2024-04-17 14:00:00,36.844,26.5
2024-04-17 15:00:00,37.452,28.01
2024-04-17 16:00:00,40.935,29.19
2024-04-17 17:00:00,42.236,30.55
2024-04-17 18:00:00,45.525,30.53
2024-04-17 19:00:00,49.31,32.04
2024-04-17 20:00:00,51.438,31.32
2024-04-17 21:00:00,50.18,31.42
2024-04-17 22:00:00,40.259,29.8
2024-04-17 23:00:00,30.847,31.48
2024-04-18 00:00:00,20.014,29.2
2024-04-18 01:00:00,19.485,28.31
2024-04-18 02:00:00,16.416,25.29
2024-04-18 03:00:00,16.357,24.75
2024-04-18 04:00:00,15.903,25.31
2024-04-18 05:00:00,19.456,23.62
2024-04-18 06:00:00,22.431,21.15
2024-04-18 07:00:00,29.475,23.06
2024-04-18 08:00:00,34.064,21.64
2024-04-18 09:00:00,40.424,23.36
2024-04-18 10:00:00,40.593,22.61
2024-04-18 11:00:00,40.366,23.56
2024-04-18 12:00:00,42.035,25.27
2024-04-18 13:00:00,39.711,24.69
2024-04-18 14:00:00,38.119,25.78
2024-04-18 15:00:00,41.003,27.58
2024-04-18 16:00:00,37.827,29.49
2024-04-18 17:00:00,43.009,28.69
2024-04-18 18:00:00,44.337,29.14
2024-04-18 19:00:00,49.221,31.58
2024-04-18 20:00:00,49.625,30.6
2024-04-18 21:00:00,48.712,30.61
2024-04-18 22:00:00,40.857,28.99
2024-04-18 23:00:00,31.306,29.22
2024-04-19 00:00:00,22.534,28.82
2024-04-19 01:00:00,18.802,28.49
2024-04-19 02:00:00,18.183,25.96
2024-04-19 03:00:00,17.667,26.74
2024-04-19 04:00:00,15.317,23.78
2024-04-19 05:00:00,17.597,22.85
2024-04-19 06:00:00,23.005,23.91
2024-04-19 07:00:00,29.713,22.4
2024-04-19 08:00:00,37.15,21.64
2024-04-19 09:00:00,40.07,22.11
2024-04-19 10:00:00,41.497,23.77
2024-04-19 11:00:00,39.91,24.57
2024-04-19 12:00:00,40.117,23.68
2024-04-19 13:00:00,38.457,25.39
2024-04-19 14:00:00,37.97,26.66
2024-04-19 15:00:00,37.644,26.96
2024-04-19 16:00:00,39.323,28.79
2024-04-19 17:00:00,41.245,29.77
2024-04-19 18:00:00,45.112,31.4
2024-04-19 19:00:00,49.91,31.9
2024-04-19 20:00:00,47.914,30.82
2024-04-19 21:00:00,47.834,30.76
2024-04-19 22:00:00,39.626,31.02
2024-04-19 23:00:00,32.847,29.3
2024-04-20 00:00:00,17.757,29.31
2024-04-20 01:00:00,15.901,27.68
2024-04-20 02:00:00,15.123,25.81
2024-04-20 03:00:00,13.698,24.66
2024-04-20 04:00:00,13.895,25.5
2024-04-20 05:00:00,15.705,23.28
2024-04-20 06:00:00,19.077,24.01
2024-04-20 07:00:00,24.272,21.83
2024-04-20 08:00:00,29.315,22.32
2024-04-20 09:00:00,33.07,24.16
2024-04-20 10:00:00,35.609,21.85
2024-04-20 11:00:00,34.993,21.89
2024-04-20 12:00:00,32.356,25.37
2024-04-20 13:00:00,33.721,24.77
2024-04-20 14:00:00,33.292,26.58
2024-04-20 15:00:00,33.073,27.29
2024-04-20 16:00:00,33.252,29.06
2024-04-20 17:00:00,36.197,29.02
2024-04-20 18:00:00,41.244,30.35
2024-04-20 19:00:00,41.742,31.3
2024-04-20 20:00:00,42.283,30.29
2024-04-20 21:00:00,39.618,30.38
2024-04-20 22:00:00,36.471,30.22
2024-04-20 23:00:00,28.681,28.64
2024-04-21 00:00:00,17.264,28.51
2024-04-21 01:00:00,15.731,27.86
2024-04-21 02:00:00,14.842,26.28
2024-04-21 03:00:00,15.554,25.22
2024-04-21 04:00:00,12.992,24.33
2024-04-21 05:00:00,13.6,22.89
2024-04-21 06:00:00,21.718,23.25
2024-04-21 07:00:00,25.028,23.4
2024-04-21 08:00:00,30.809,21.73
2024-04-21 09:00:00,34.037,22.64
2024-04-21 10:00:00,36.022,22.51
2024-04-21 11:00:00,33.136,23.71
2024-04-21 12:00:00,32.955,25.6
2024-04-21 13:00:00,33.053,25.84
2024-04-21 14:00:00,30.196,25.18
2024-04-21 15:00:00,31.77,28.13
2024-04-21 16:00:00,32.575,29.84
2024-04-21 17:00:00,35.238,29.61
2024-04-21 18:00:00,38.453,31.3
2024-04-21 19:00:00,41.034,30.4
2024-04-21 20:00:00,41.492,29.92
2024-04-21 21:00:00,41.33,31.06
2024-04-21 22:00:00,34.374,29.1
2024-04-21 23:00:00,25.474,29.6
2024-04-22 00:00:00,21.484,29.89
2024-04-22 01:00:00,19.079,26.24
2024-04-22 02:00:00,17.38,25.58
2024-04-22 03:00:00,14.63,24.62
2024-04-22 04:00:00,17.526,24.31
2024-04-22 05:00:00,17.102,23.13
2024-04-22 06:00:00,23.015,23.83
2024-04-22 07:00:00,28.246,23.03
2024-04-22 08:00:00,35.303,22.51
2024-04-22 09:00:00,41.465,22.38
2024-04-22 10:00:00,42.362,23.03
2024-04-22 11:00:00,41.953,22.74
2024-04-22 12:00:00,40.117,25.05
2024-04-22 13:00:00,39.164,24.56
2024-04-22 14:00:00,36.433,27.28
2024-04-22 15:00:00,37.416,28.73
2024-04-22 16:00:00,38.531,29.03
2024-04-22 17:00:00,43.068,29.65
2024-04-22 18:00:00,45.384,30.83
2024-04-22 19:00:00,49.74,28.67
2024-04-22 20:00:00,51.23,31.36
2024-04-22 21:00:00,49.631,30.87
2024-04-22 22:00:00,40.664,30.47
2024-04-22 23:00:00,32.464,30.36
2024-04-23 00:00:00,19.681,28.81
2024-04-23 01:00:00,17.734,26.87
2024-04-23 02:00:00,15.521,26.5
2024-04-23 03:00:00,17.632,25.51
2024-04-23 04:00:00,17.517,24.46
2024-04-23 05:00:00,19.275,23.57
2024-04-23 06:00:00,22.259,23.55
2024-04-23 07:00:00,28.495,21.4
2024-04-23 08:00:00,35.577,22.26
2024-04-23 09:00:00,41.763,23.31
2024-04-23 10:00:00,43.548,21.34
2024-04-23 11:00:00,41.61,23.58
2024-04-23 12:00:00,40.118,23.9
2024-04-23 13:00:00,40.122,25.16
2024-04-23 14:00:00,37.989,25.9
2024-04-23 15:00:00,37.341,27.65
2024-04-23 16:00:00,38.628,30.35
2024-04-23 17:00:00,40.822,28.79
2024-04-23 18:00:00,45.721,29.59
2024-04-23 19:00:00,48.33,29.93
2024-04-23 20:00:00,52.046,32.51
2024-04-23 21:00:00,49.005,30.6
2024-04-23 22:00:00,42.258,30.5
2024-04-23 23:00:00,29.958,29.49
2024-04-24 00:00:00,23.36,28.12
2024-04-24 01:00:00,17.776,27.6
2024-04-24 02:00:00,16.628,28.59
2024-04-24 03:00:00,16.197,26.58
2024-04-24 04:00:00,18.164,23.7
2024-04-24 05:00:00,18.59,23.96
2024-04-24 06:00:00,22.701,22.07
2024-04-24 07:00:00,28.262,20.86
2024-04-24 08:00:00,34.297,22.95
2024-04-24 09:00:00,41.445,23.21
2024-04-24 10:00:00,42.635,23.57
2024-04-24 11:00:00,42.179,23.07
2024-04-24 12:00:00,40.185,24.25
2024-04-24 13:00:00,36.065,26.07
2024-04-24 14:00:00,36.981,26.95
2024-04-24 15:00:00,38.214,27.48
2024-04-24 16:00:00,38.383,27.59
2024-04-24 17:00:00,41.25,29.91
2024-04-24 18:00:00,44.775,31.39
2024-04-24 19:00:00,50.437,30.02
2024-04-24 20:00:00,51.465,31.65
2024-04-24 21:00:00,48.961,31.25
2024-04-24 22:00:00,40.154,31.13
2024-04-24 23:00:00,31.8,30.52
2024-04-25 00:00:00,20.055,28.33
2024-04-25 01:00:00,19.248,26.51
2024-04-25 02:00:00,15.272,26.21
2024-04-25 03:00:00,15.231,26.18
2024-04-25 04:00:00,16.501,23.95
2024-04-25 05:00:00,20.783,22.9
2024-04-25 06:00:00,21.113,21.29
2024-04-25 07:00:00,27.802,23.7
2024-04-25 08:00:00,35.921,22.8
2024-04-25 09:00:00,42.095,22.91
2024-04-25 10:00:00,42.026,23.52
2024-04-25 11:00:00,41.516,23.92
2024-04-25 12:00:00,39.436,24.2
2024-04-25 13:00:00,38.239,25.35
2024-04-25 14:00:00,38.334,26.3
2024-04-25 15:00:00,37.069,29.92
2024-04-25 16:00:00,39.499,29.34
2024-04-25 17:00:00,40.182,29.46
2024-04-25 18:00:00,46.808,30.91
2024-04-25 19:00:00,49.51,30.18
2024-04-25 20:00:00,50.781,32.35
2024-04-25 21:00:00,46.774,30.46
2024-04-25 22:00:00,39.801,30.94
2024-04-25 23:00:00,32.843,30.68
2024-04-26 00:00:00,21.207,29.21
2024-04-26 01:00:00,19.664,27.89
2024-04-26 02:00:00,16.953,26.66
2024-04-26 03:00:00,16.8,25.44
2024-04-26 04:00:00,15.43,23.94
2024-04-26 05:00:00,18.462,23.11
2024-04-26 06:00:00,23.328,23.94
2024-04-26 07:00:00,29.397,22.22
2024-04-26 08:00:00,34.778,21.52
2024-04-26 09:00:00,39.941,21.89
2024-04-26 10:00:00,42.368,23.64
2024-04-26 11:00:00,40.584,24.01
2024-04-26 12:00:00,39.487,24.85
2024-04-26 13:00:00,40.702,25.28
2024-04-26 14:00:00,37.28,27.11
2024-04-26 15:00:00,38.842,27.3
2024-04-26 16:00:00,37.582,28.7
2024-04-26 17:00:00,42.488,30.61
2024-04-26 18:00:00,46.622,31.25
2024-04-26 19:00:00,48.949,30.22
2024-04-26 20:00:00,49.758,30.47
2024-04-26 21:00:00,46.44,31.09
2024-04-26 22:00:00,40.173,31.94
2024-04-26 23:00:00,32.157,28.31
2024-04-27 00:00:00,17.108,29.13
2024-04-27 01:00:00,16.572,26.72
2024-04-27 02:00:00,13.667,26.15
2024-04-27 03:00:00,14.067,25.2
2024-04-27 04:00:00,13.136,24.07
2024-04-27 05:00:00,15.526,23.05
2024-04-27 06:00:00,18.996,22.77
2024-04-27 07:00:00,23.495,21.89
2024-04-27 08:00:00,29.673,20.99
2024-04-27 09:00:00,33.294,22.94
2024-04-27 10:00:00,34.207,23.37
2024-04-27 11:00:00,35.784,24.16
2024-04-27 12:00:00,33.446,23.18
2024-04-27 13:00:00,30.7,25.74
2024-04-27 14:00:00,31.877,27.21
2024-04-27 15:00:00,33.012,27.01
2024-04-27 16:00:00,32.169,28.92
2024-04-27 17:00:00,37.075,29.76
2024-04-27 18:00:00,38.141,32.04
2024-04-27 19:00:00,42.563,32.55
2024-04-27 20:00:00,44.407,29.84
2024-04-27 21:00:00,41.642,33.01
2024-04-27 22:00:00,33.278,29.83
2024-04-27 23:00:00,25.916,30.64
2024-04-28 00:00:00,19.4,29.7
2024-04-28 01:00:00,15.652,27.04
2024-04-28 02:00:00,16.168,27.07
2024-04-28 03:00:00,13.867,25.42
2024-04-28 04:00:00,14.45,24.87
2024-04-28 05:00:00,14.192,23.68
2024-04-28 06:00:00,18.887,23.73
2024-04-28 07:00:00,23.817,22.39
2024-04-28 08:00:00,30.575,22.04
2024-04-28 09:00:00,34.342,23.21
2024-04-28 10:00:00,36.019,23.24
2024-04-28 11:00:00,34.18,24.08
2024-04-28 12:00:00,32.864,23.9
2024-04-28 13:00:00,33.132,24.68
2024-04-28 14:00:00,31.462,26.22
2024-04-28 15:00:00,33.179,27.35
2024-04-28 16:00:00,32.829,29.56
2024-04-28 17:00:00,35.214,30.64
2024-04-28 18:00:00,39.486,30.45
2024-04-28 19:00:00,41.972,32.17
2024-04-28 20:00:00,41.659,32.28
2024-04-28 21:00:00,40.1,31.22
2024-04-28 22:00:00,35.759,29.92
2024-04-28 23:00:00,26.963,31.12
2024-04-29 00:00:00,19.705,28.88
2024-04-29 01:00:00,19.739,27.95
2024-04-29 02:00:00,17.28,26.41
2024-04-29 03:00:00,15.938,24.81
2024-04-29 04:00:00,15.662,23.26
2024-04-29 05:00:00,19.38,24.01
2024-04-29 06:00:00,20.945,22.16
2024-04-29 07:00:00,28.216,24.79
2024-04-29 08:00:00,35.823,21.32
2024-04-29 09:00:00,41.9,21.34
2024-04-29 10:00:00,42.385,23.2
2024-04-29 11:00:00,39.937,24.73
2024-04-29 12:00:00,41.34,24.49
2024-04-29 13:00:00,37.378,25.98
2024-04-29 14:00:00,38.521,25.22
2024-04-29 15:00:00,38.238,27.31
2024-04-29 16:00:00,37.861,28.08
2024-04-29 17:00:00,42.532,28.36
2024-04-29 18:00:00,45.376,30.68
2024-04-29 19:00:00,50.179,29.25
2024-04-29 20:00:00,49.124,30.14
2024-04-29 21:00:00,48.792,30.61
2024-04-29 22:00:00,40.38,29.93
2024-04-29 23:00:00,32.793,30.19
2024-04-30 00:00:00,21.375,29.19
2024-04-30 01:00:00,20.654,28.58
2024-04-30 02:00:00,18.368,27.3
2024-04-30 03:00:00,16.7,26.45
2024-04-30 04:00:00,17.633,24.45
2024-04-30 05:00:00,19.17,23.76
2024-04-30 06:00:00,23.431,23.21
2024-04-30 07:00:00,26.732,22.47
2024-04-30 08:00:00,34.698,21.88
2024-04-30 09:00:00,41.702,22.09
2024-04-30 10:00:00,40.539,22.15
2024-04-30 11:00:00,41.7,23.86
2024-04-30 12:00:00,40.501,24.38
2024-04-30 13:00:00,38.02,25.01
2024-04-30 14:00:00,36.215,26.17
2024-04-30 15:00:00,37.16,26.9
2024-04-30 16:00:00,40.88,29.74
2024-04-30 17:00:00,40.939,29.95
2024-04-30 18:00:00,45.09,29.91
2024-04-30 19:00:00,48.452,31.7
2024-04-30 20:00:00,52.239,30.76
2024-04-30 21:00:00,48.202,29.93
2024-04-30 22:00:00,40.162,31.42
2024-04-30 23:00:00,33.062,29.46
2024-05-01 00:00:00,22.011,28.63
2024-05-01 01:00:00,18.442,27.91
2024-05-01 02:00:00,16.602,27.62
2024-05-01 03:00:00,18.011,25.56
2024-05-01 04:00:00,16.847,23.5
2024-05-01 05:00:00,16.78,23.96
2024-05-01 06:00:00,21.131,22.43
2024-05-01 07:00:00,27.932,23.88
2024-05-01 08:00:00,34.436,22.21
2024-05-01 09:00:00,38.203,20.58
2024-05-01 10:00:00,40.699,23.1
2024-05-01 11:00:00,39.863,25.09
2024-05-01 12:00:00,39.308,25.73
2024-05-01 13:00:00,40.487,27.02
2024-05-01 14:00:00,37.978,25.9
2024-05-01 15:00:00,37.569,28.61
2024-05-01 16:00:00,39.279,28.39
2024-05-01 17:00:00,41.578,30.08
2024-05-01 18:00:00,46.308,29.6
2024-05-01 19:00:00,49.756,30.55
2024-05-01 20:00:00,51.125,30.68
2024-05-01 21:00:00,51.272,31.79
2024-05-01 22:00:00,41.729,31.26
2024-05-01 23:00:00,30.517,30.12
2024-05-02 00:00:00,21.798,27.89
2024-05-02 01:00:00,18.572,27.64
2024-05-02 02:00:00,18.305,26.13
2024-05-02 03:00:00,15.427,26.25
2024-05-02 04:00:00,15.7,25.42
2024-05-02 05:00:00,18.711,24.39
2024-05-02 06:00:00,23.968,22.22
2024-05-02 07:00:00,29.583,20.19
2024-05-02 08:00:00,36.571,20.81
2024-05-02 09:00:00,40.671,23.52
2024-05-02 10:00:00,41.996,22.51
2024-05-02 11:00:00,40.286,22.95
2024-05-02 12:00:00,40.609,25.79
2024-05-02 13:00:00,39.805,26.58
2024-05-02 14:00:00,38.186,26.75
2024-05-02 15:00:00,37.621,27.66
2024-05-02 16:00:00,40.383,28.88
2024-05-02 17:00:00,41.799,30.1
2024-05-02 18:00:00,45.977,31.91
2024-05-02 19:00:00,49.964,31.42
2024-05-02 20:00:00,50.9,31.81
2024-05-02 21:00:00,47.613,32.02
2024-05-02 22:00:00,41.186,29.7
2024-05-02 23:00:00,31.58,30.52
2024-05-03 00:00:00,23.299,28.75
2024-05-03 01:00:00,20.184,25.89
2024-05-03 02:00:00,17.243,25.03
2024-05-03 03:00:00,17.574,24.76
2024-05-03 04:00:00,17.144,24.91
2024-05-03 05:00:00,19.696,23.65
2024-05-03 06:00:00,22.415,22.99
2024-05-03 07:00:00,29.262,23.95
2024-05-03 08:00:00,35.599,21.22
2024-05-03 09:00:00,40.35,22.37
2024-05-03 10:00:00,40.917,23.09
2024-05-03 11:00:00,41.387,22.97
2024-05-03 12:00:00,40.206,24.52
2024-05-03 13:00:00,40.071,24.3
2024-05-03 14:00:00,38.24,27.87
2024-05-03 15:00:00,37.32,27.36
2024-05-03 16:00:00,39.565,30.62
2024-05-03 17:00:00,41.01,29.9
2024-05-03 18:00:00,47.007,31.47
2024-05-03 19:00:00,50.574,31.05
2024-05-03 20:00:00,52.282,31.22
2024-05-03 21:00:00,48.834,30.63
2024-05-03 22:00:00,40.304,30.74
2024-05-03 23:00:00,31.731,30.19
2024-05-04 00:00:00,18.595,28.37
2024-05-04 01:00:00,15.902,27.81
2024-05-04 02:00:00,16.532,26.26
2024-05-04 03:00:00,14.897,27.43
2024-05-04 04:00:00,13.395,24.43
2024-05-04 05:00:00,17.527,24.81
2024-05-04 06:00:00,19.607,22.7
2024-05-04 07:00:00,23.594,22.61
2024-05-04 08:00:00,29.498,21.2
2024-05-04 09:00:00,35.764,22.05
2024-05-04 10:00:00,37.408,23.03
2024-05-04 11:00:00,35.71,24.84
2024-05-04 12:00:00,35.159,24.68
2024-05-04 13:00:00,34.187,26.7
2024-05-04 14:00:00,33.081,27.27
2024-05-04 15:00:00,32.415,29.23
2024-05-04 16:00:00,33.497,28.96
2024-05-04 17:00:00,36.298,31.85
2024-05-04 18:00:00,38.259,30.27
2024-05-04 19:00:00,42.796,30.49
2024-05-04 20:00:00,44.838,30.29
2024-05-04 21:00:00,40.972,32.97
2024-05-04 22:00:00,34.36,31.32
2024-05-04 23:00:00,27.363,29.68
2024-05-05 00:00:00,17.544,30.01
2024-05-05 01:00:00,15.13,28.48
2024-05-05 02:00:00,16.343,28.34
2024-05-05 03:00:00,13.846,24.36
2024-05-05 04:00:00,14.324,24.3
2024-05-05 05:00:00,14.984,23.22
2024-05-05 06:00:00,20.81,21.29
2024-05-05 07:00:00,25.58,23.27
2024-05-05 08:00:00,30.099,22.05
2024-05-05 09:00:00,33.043,23.01
2024-05-05 10:00:00,35.193,24.76
2024-05-05 11:00:00,35.262,23.31
2024-05-05 12:00:00,34.005,24.18
2024-05-05 13:00:00,33.057,25.7
2024-05-05 14:00:00,32.728,27.56
2024-05-05 15:00:00,32.853,27.48
2024-05-05 16:00:00,32.903,28.52
2024-05-05 17:00:00,36.006,30.8
2024-05-05 18:00:00,38.008,30.98
2024-05-05 19:00:00,44.654,29.49
2024-05-05 20:00:00,43.06,30.3
2024-05-05 21:00:00,41.39,32.32
2024-05-05 22:00:00,35.258,31.0
2024-05-05 23:00:00,26.458,29.35
2024-05-06 00:00:00,21.428,28.89
2024-05-06 01:00:00,19.376,27.95
2024-05-06 02:00:00,16.918,27.37
2024-05-06 03:00:00,17.277,24.53
2024-05-06 04:00:00,15.148,23.86
2024-05-06 05:00:00,20.148,23.82
2024-05-06 06:00:00,23.759,22.81
2024-05-06 07:00:00,29.722,22.89
2024-05-06 08:00:00,33.929,21.3
2024-05-06 09:00:00,39.482,22.72
2024-05-06 10:00:00,43.237,23.76
2024-05-06 11:00:00,45.034,23.99
2024-05-06 12:00:00,40.999,24.65
2024-05-06 13:00:00,39.818,25.55
2024-05-06 14:00:00,38.785,26.12
2024-05-06 15:00:00,36.876,27.9
2024-05-06 16:00:00,39.775,30.05
2024-05-06 17:00:00,40.697,29.88
2024-05-06 18:00:00,44.665,29.98
2024-05-06 19:00:00,48.171,30.74
2024-05-06 20:00:00,51.995,31.45
2024-05-06 21:00:00,48.391,30.84
2024-05-06 22:00:00,40.903,31.08
2024-05-06 23:00:00,31.604,30.39
2024-05-07 00:00:00,20.272,29.76
2024-05-07 01:00:00,18.696,29.1
2024-05-07 02:00:00,17.217,27.59
2024-05-07 03:00:00,15.397,24.88
2024-05-07 04:00:00,16.316,23.82
2024-05-07 05:00:00,17.257,23.55
2024-05-07 06:00:00,23.539,22.54
2024-05-07 07:00:00,29.744,21.54
2024-05-07 08:00:00,34.38,21.95
2024-05-07 09:00:00,39.987,22.07
2024-05-07 10:00:00,43.713,22.37
2024-05-07 11:00:00,39.8,23.37
2024-05-07 12:00:00,40.215,25.49
2024-05-07 13:00:00,38.868,25.8
2024-05-07 14:00:00,39.365,28.78
2024-05-07 15:00:00,38.041,28.1
2024-05-07 16:00:00,38.32,28.82
2024-05-07 17:00:00,41.888,29.99
2024-05-07 18:00:00,45.983,30.91
2024-05-07 19:00:00,49.376,31.5
2024-05-07 20:00:00,49.655,32.97
2024-05-07 21:00:00,49.718,30.48
2024-05-07 22:00:00,41.888,31.39
2024-05-07 23:00:00,30.555,30.16
2024-05-08 00:00:00,21.113,27.8
2024-05-08 01:00:00,19.15,28.59
2024-05-08 02:00:00,16.67,27.83
2024-05-08 03:00:00,14.926,24.96
2024-05-08 04:00:00,16.146,24.56
2024-05-08 05:00:00,17.996,22.25
2024-05-08 06:00:00,21.48,21.91
2024-05-08 07:00:00,29.251,23.31
2024-05-08 08:00:00,36.886,21.94
2024-05-08 09:00:00,41.149,21.58
2024-05-08 10:00:00,41.691,23.1
2024-05-08 11:00:00,38.923,23.22
2024-05-08 12:00:00,40.51,24.19
2024-05-08 13:00:00,38.909,26.24
2024-05-08 14:00:00,38.683,25.89
2024-05-08 15:00:00,39.715,27.26
2024-05-08 16:00:00,37.919,29.19
2024-05-08 17:00:00,38.888,30.78
2024-05-08 18:00:00,44.825,31.71
2024-05-08 19:00:00,49.966,30.64
2024-05-08 20:00:00,51.027,32.07
2024-05-08 21:00:00,47.21,30.54
2024-05-08 22:00:00,39.352,32.18
2024-05-08 23:00:00,31.258,29.1
2024-05-09 00:00:00,20.149,30.14
2024-05-09 01:00:00,19.911,27.47
2024-05-09 02:00:00,17.43,28.44
2024-05-09 03:00:00,16.19,26.14
2024-05-09 04:00:00,16.057,23.77
2024-05-09 05:00:00,18.628,23.23
2024-05-09 06:00:00,22.993,23.56
2024-05-09 07:00:00,29.276,23.33
2024-05-09 08:00:00,35.884,22.27
2024-05-09 09:00:00,40.216,22.52
2024-05-09 10:00:00,40.766,23.54
2024-05-09 11:00:00,40.055,23.76
2024-05-09 12:00:00,39.377,23.55
2024-05-09 13:00:00,40.866,25.02
2024-05-09 14:00:00,36.874,27.02
2024-05-09 15:00:00,37.313,28.97
2024-05-09 16:00:00,38.86,30.38
2024-05-09 17:00:00,41.511,30.64
2024-05-09 18:00:00,46.995,30.96
2024-05-09 19:00:00,49.155,31.78
2024-05-09 20:00:00,50.761,30.81
2024-05-09 21:00:00,49.281,31.06
2024-05-09 22:00:00,42.647,30.08
2024-05-09 23:00:00,33.056,29.02
2024-05-10 00:00:00,21.281,29.36
2024-05-10 01:00:00,19.329,28.16
2024-05-10 02:00:00,17.898,27.39
2024-05-10 03:00:00,16.98,26.12
2024-05-10 04:00:00,15.966,24.79
2024-05-10 05:00:00,19.315,24.11
2024-05-10 06:00:00,23.161,22.91
2024-05-10 07:00:00,29.024,22.83
2024-05-10 08:00:00,34.403,21.77
2024-05-10 09:00:00,40.354,22.8
2024-05-10 10:00:00,39.889,23.49
2024-05-10 11:00:00,40.207,23.13
2024-05-10 12:00:00,39.206,24.64
2024-05-10 13:00:00,39.053,25.19
2024-05-10 14:00:00,40.167,26.43
2024-05-10 15:00:00,38.323,27.12
2024-05-10 16:00:00,40.237,30.12
2024-05-10 17:00:00,42.478,30.89
2024-05-10 18:00:00,47.048,31.18
2024-05-10 19:00:00,51.364,32.78
2024-05-10 20:00:00,50.254,31.2
2024-05-10 21:00:00,47.637,33.63
2024-05-10 22:00:00,41.482,30.57
2024-05-10 23:00:00,31.616,30.24
2024-05-11 00:00:00,18.432,28.79
2024-05-11 01:00:00,16.219,28.32
2024-05-11 02:00:00,14.564,27.53
2024-05-11 03:00:00,15.959,25.6
2024-05-11 04:00:00,13.184,26.03
2024-05-11 05:00:00,16.306,23.87
2024-05-11 06:00:00,20.042,23.18
2024-05-11 07:00:00,23.099,21.79
2024-05-11 08:00:00,29.498,22.7
2024-05-11 09:00:00,33.571,22.41
2024-05-11 10:00:00,36.123,22.48
2024-05-11 11:00:00,34.306,23.06
2024-05-11 12:00:00,33.726,26.75
2024-05-11 13:00:00,31.459,25.49
2024-05-11 14:00:00,34.885,25.7
2024-05-11 15:00:00,32.152,27.47
2024-05-11 16:00:00,33.455,29.08
2024-05-11 17:00:00,34.996,30.49
2024-05-11 18:00:00,38.349,31.21
2024-05-11 19:00:00,44.0,31.76
2024-05-11 20:00:00,41.395,30.86
2024-05-11 21:00:00,41.467,31.49
2024-05-11 22:00:00,33.444,30.07
2024-05-11 23:00:00,26.464,29.56
2024-05-12 00:00:00,17.556,28.39
2024-05-12 01:00:00,15.467,27.09
2024-05-12 02:00:00,15.209,27.73
2024-05-12 03:00:00,11.686,26.26
2024-05-12 04:00:00,13.984,25.41
2024-05-12 05:00:00,15.514,23.73
2024-05-12 06:00:00,18.121,23.6
2024-05-12 07:00:00,26.253,21.12
2024-05-12 08:00:00,29.739,23.07
2024-05-12 09:00:00,34.004,22.68
2024-05-12 10:00:00,34.943,23.49
2024-05-12 11:00:00,34.597,24.01
2024-05-12 12:00:00,35.147,23.84
2024-05-12 13:00:00,35.468,24.52
2024-05-12 14:00:00,33.273,26.32
2024-05-12 15:00:00,33.189,28.5
2024-05-12 16:00:00,34.697,29.69
2024-05-12 17:00:00,35.801,28.98
2024-05-12 18:00:00,40.617,30.0
2024-05-12 19:00:00,42.858,30.66
2024-05-12 20:00:00,43.497,31.1
2024-05-12 21:00:00,41.54,30.15
2024-05-12 22:00:00,32.822,29.65
2024-05-12 23:00:00,27.175,29.42
2024-05-13 00:00:00,19.845,29.21
2024-05-13 01:00:00,17.722,27.11
2024-05-13 02:00:00,18.047,26.8
2024-05-13 03:00:00,15.694,26.58
2024-05-13 04:00:00,16.823,23.6
2024-05-13 05:00:00,18.501,23.55
2024-05-13 06:00:00,23.137,23.82
2024-05-13 07:00:00,28.148,22.22
2024-05-13 08:00:00,36.617,21.94
2024-05-13 09:00:00,40.199,23.48
2024-05-13 10:00:00,42.27,22.76
2024-05-13 11:00:00,39.58,24.6
2024-05-13 12:00:00,39.598,24.99
2024-05-13 13:00:00,39.879,25.46
2024-05-13 14:00:00,39.24,27.29
2024-05-13 15:00:00,36.927,28.32
2024-05-13 16:00:00,38.204,29.97
2024-05-13 17:00:00,40.812,29.65
2024-05-13 18:00:00,45.23,30.84
2024-05-13 19:00:00,48.043,31.2
2024-05-13 20:00:00,50.859,31.97
2024-05-13 21:00:00,49.096,30.43
2024-05-13 22:00:00,39.999,31.62
2024-05-13 23:00:00,31.528,30.46
2024-05-14 00:00:00,21.195,28.11
2024-05-14 01:00:00,20.456,29.04
2024-05-14 02:00:00,17.226,28.7
2024-05-14 03:00:00,16.243,26.55
2024-05-14 04:00:00,15.967,25.8
2024-05-14 05:00:00,17.2,23.8
2024-05-14 06:00:00,23.49,21.69
2024-05-14 07:00:00,28.932,21.09
2024-05-14 08:00:00,35.756,22.62
2024-05-14 09:00:00,41.59,22.1
2024-05-14 10:00:00,43.179,22.29
2024-05-14 11:00:00,39.121,23.69
2024-05-14 12:00:00,40.441,25.16
2024-05-14 13:00:00,38.99,24.59
2024-05-14 14:00:00,37.779,26.56
2024-05-14 15:00:00,38.074,29.29
2024-05-14 16:00:00,36.999,28.31
2024-05-14 17:00:00,43.312,30.8
2024-05-14 18:00:00,46.425,30.43
2024-05-14 19:00:00,48.587,31.71
2024-05-14 20:00:00,50.403,32.3
2024-05-14 21:00:00,46.713,31.87
2024-05-14 22:00:00,40.48,31.55
2024-05-14 23:00:00,31.128,29.19
2024-05-15 00:00:00,20.068,30.07
2024-05-15 01:00:00,20.172,27.41
2024-05-15 02:00:00,19.152,27.14
2024-05-15 03:00:00,16.802,25.97
2024-05-15 04:00:00,16.518,25.07
2024-05-15 05:00:00,18.804,24.02
2024-05-15 06:00:00,22.93,22.36
2024-05-15 07:00:00,27.966,21.51
2024-05-15 08:00:00,35.034,23.13
2024-05-15 09:00:00,39.988,22.74
2024-05-15 10:00:00,42.073,23.96
2024-05-15 11:00:00,40.81,23.72
2024-05-15 12:00:00,39.995,23.56
2024-05-15 13:00:00,37.205,26.55
2024-05-15 14:00:00,38.929,26.64
2024-05-15 15:00:00,37.743,28.38
2024-05-15 16:00:00,41.364,28.67
2024-05-15 17:00:00,41.425,31.44
2024-05-15 18:00:00,46.23,30.14
2024-05-15 19:00:00,52.356,31.02
2024-05-15 20:00:00,51.198,31.53
2024-05-15 21:00:00,48.381,30.42
2024-05-15 22:00:00,39.793,31.11
2024-05-15 23:00:00,33.179,31.42
2024-05-16 00:00:00,20.238,28.8
2024-05-16 01:00:00,19.816,28.43
2024-05-16 02:00:00,17.367,24.75
2024-05-16 03:00:00,16.637,25.75
2024-05-16 04:00:00,15.378,24.45
2024-05-16 05:00:00,19.73,23.11
2024-05-16 06:00:00,22.667,23.92
2024-05-16 07:00:00,27.831,22.34
2024-05-16 08:00:00,36.978,22.31
2024-05-16 09:00:00,39.776,22.3
2024-05-16 10:00:00,42.161,21.52
2024-05-16 11:00:00,41.658,22.87
2024-05-16 12:00:00,40.264,25.47
2024-05-16 13:00:00,36.519,24.1
2024-05-16 14:00:00,38.959,26.34
2024-05-16 15:00:00,37.637,27.8
2024-05-16 16:00:00,38.424,30.6
2024-05-16 17:00:00,41.709,30.76
2024-05-16 18:00:00,44.258,30.41
2024-05-16 19:00:00,49.666,32.35
2024-05-16 20:00:00,49.608,30.87
2024-05-16 21:00:00,48.158,32.12
2024-05-16 22:00:00,40.959,29.77
2024-05-16 23:00:00,32.716,31.0
2024-05-17 00:00:00,20.584,28.89
2024-05-17 01:00:00,20.861,27.31
2024-05-17 02:00:00,18.816,26.79
2024-05-17 03:00:00,16.392,26.02
2024-05-17 04:00:00,15.699,24.32
2024-05-17 05:00:00,16.887,24.23
2024-05-17 06:00:00,23.227,22.61
2024-05-17 07:00:00,28.318,23.12
2024-05-17 08:00:00,36.923,22.82
2024-05-17 09:00:00,39.597,22.58
2024-05-17 10:00:00,40.901,22.72
2024-05-17 11:00:00,41.038,23.91
2024-05-17 12:00:00,39.08,25.16
2024-05-17 13:00:00,38.769,27.46
2024-05-17 14:00:00,39.256,27.73
2024-05-17 15:00:00,37.86,28.92
2024-05-17 16:00:00,38.883,31.7
2024-05-17 17:00:00,42.029,30.57
2024-05-17 18:00:00,44.173,31.26
2024-05-17 19:00:00,49.87,31.89
2024-05-17 20:00:00,51.163,30.67
2024-05-17 21:00:00,49.361,30.97
2024-05-17 22:00:00,41.418,30.47
2024-05-17 23:00:00,31.414,30.68
2024-05-18 00:00:00,19.26,29.09
2024-05-18 01:00:00,16.175,28.26
2024-05-18 02:00:00,15.425,27.86
2024-05-18 03:00:00,13.988,26.51
2024-05-18 04:00:00,14.776,24.61
2024-05-18 05:00:00,15.222,23.27
2024-05-18 06:00:00,21.188,24.0
2024-05-18 07:00:00,26.767,23.26
2024-05-18 08:00:00,31.236,21.2
2024-05-18 09:00:00,35.819,22.39
2024-05-18 10:00:00,33.977,23.23
2024-05-18 11:00:00,33.23,24.43
2024-05-18 12:00:00,33.485,25.47
2024-05-18 13:00:00,32.988,26.06
2024-05-18 14:00:00,32.31,27.46
2024-05-18 15:00:00,30.404,28.21
2024-05-18 16:00:00,34.121,28.71
2024-05-18 17:00:00,37.744,29.97
2024-05-18 18:00:00,40.322,30.91
2024-05-18 19:00:00,43.157,31.32
2024-05-18 20:00:00,43.581,29.99
2024-05-18 21:00:00,40.323,31.03
2024-05-18 22:00:00,34.754,30.94
2024-05-18 23:00:00,29.025,29.96
2024-05-19 00:00:00,17.848,29.06
2024-05-19 01:00:00,16.009,28.56
2024-05-19 02:00:00,16.302,26.14
2024-05-19 03:00:00,15.503,24.54
2024-05-19 04:00:00,13.441,24.48
2024-05-19 05:00:00,15.339,24.44
2024-05-19 06:00:00,18.996,24.46
2024-05-19 07:00:00,24.781,23.29
2024-05-19 08:00:00,31.471,21.33
2024-05-19 09:00:00,33.426,22.48
2024-05-19 10:00:00,36.658,23.32
2024-05-19 11:00:00,34.784,23.97
2024-05-19 12:00:00,36.186,25.19
2024-05-19 13:00:00,33.271,25.11
2024-05-19 14:00:00,32.414,27.07
2024-05-19 15:00:00,32.665,28.52
2024-05-19 16:00:00,32.602,29.93
2024-05-19 17:00:00,33.716,29.55
2024-05-19 18:00:00,38.77,30.64
2024-05-19 19:00:00,41.788,29.2
2024-05-19 20:00:00,41.726,31.02
2024-05-19 21:00:00,41.108,30.95
2024-05-19 22:00:00,32.572,30.1
2024-05-19 23:00:00,26.522,30.34
2024-05-20 00:00:00,21.668,29.23
2024-05-20 01:00:00,19.479,26.38
2024-05-20 02:00:00,17.431,27.2
2024-05-20 03:00:00,16.743,25.12
2024-05-20 04:00:00,16.03,25.16
2024-05-20 05:00:00,18.371,22.82
2024-05-20 06:00:00,23.009,23.15
2024-05-20 07:00:00,28.152,22.45
2024-05-20 08:00:00,35.973,22.77
2024-05-20 09:00:00,40.557,22.78
2024-05-20 10:00:00,41.65,22.93
2024-05-20 11:00:00,43.269,22.62
2024-05-20 12:00:00,39.636,23.6
2024-05-20 13:00:00,38.475,25.4
2024-05-20 14:00:00,37.819,27.03
2024-05-20 15:00:00,36.75,27.71
2024-05-20 16:00:00,39.46,29.79
2024-05-20 17:00:00,41.12,29.99
2024-05-20 18:00:00,45.321,30.16
2024-05-20 19:00:00,48.921,31.16
2024-05-20 20:00:00,49.995,31.72
2024-05-20 21:00:00,46.664,31.65
2024-05-20 22:00:00,40.328,32.44
2024-05-20 23:00:00,32.511,29.69
2024-05-21 00:00:00,21.621,29.23
2024-05-21 01:00:00,20.972,28.55
2024-05-21 02:00:00,18.616,27.02
2024-05-21 03:00:00,17.364,25.48
2024-05-21 04:00:00,18.75,23.56
2024-05-21 05:00:00,18.261,23.46
2024-05-21 06:00:00,23.014,22.29
2024-05-21 07:00:00,29.058,21.32
2024-05-21 08:00:00,37.275,21.91
2024-05-21 09:00:00,40.293,21.87
2024-05-21 10:00:00,41.159,23.62
2024-05-21 11:00:00,41.399,24.35
2024-05-21 12:00:00,38.947,24.08
2024-05-21 13:00:00,39.304,25.68
2024-05-21 14:00:00,38.672,25.57
2024-05-21 15:00:00,37.547,27.82
2024-05-21 16:00:00,39.337,29.62
2024-05-21 17:00:00,40.302,30.9
2024-05-21 18:00:00,46.066,30.38
2024-05-21 19:00:00,48.998,32.25
2024-05-21 20:00:00,53.92,30.35
2024-05-21 21:00:00,48.609,30.41
2024-05-21 22:00:00,40.192,31.53
2024-05-21 23:00:00,30.214,31.58
2024-05-22 00:00:00,22.752,29.71
2024-05-22 01:00:00,19.023,28.2
2024-05-22 02:00:00,17.043,25.31
2024-05-22 03:00:00,17.173,24.28
2024-05-22 04:00:00,17.493,24.92
2024-05-22 05:00:00,19.007,23.6
2024-05-22 06:00:00,22.97,22.29
2024-05-22 07:00:00,29.232,22.77
2024-05-22 08:00:00,35.937,22.66
2024-05-22 09:00:00,40.633,23.48
2024-05-22 10:00:00,42.253,23.28
2024-05-22 11:00:00,41.916,24.87
2024-05-22 12:00:00,39.838,24.83
2024-05-22 13:00:00,37.927,25.82
2024-05-22 14:00:00,38.103,27.93
2024-05-22 15:00:00,38.509,27.46
2024-05-22 16:00:00,36.938,31.58
2024-05-22 17:00:00,40.004,30.56
2024-05-22 18:00:00,46.837,31.28
2024-05-22 19:00:00,51.021,31.84
2024-05-22 20:00:00,49.709,33.08
2024-05-22 21:00:00,48.552,32.06
2024-05-22 22:00:00,40.392,29.69
2024-05-22 23:00:00,31.354,31.39
2024-05-23 00:00:00,21.732,29.06
2024-05-23 01:00:00,18.061,28.33
2024-05-23 02:00:00,16.721,26.06
2024-05-23 03:00:00,16.523,26.34
2024-05-23 04:00:00,16.682,24.31
2024-05-23 05:00:00,17.212,23.98
2024-05-23 06:00:00,23.755,22.96
2024-05-23 07:00:00,28.644,24.28
2024-05-23 08:00:00,35.27,24.17
2024-05-23 09:00:00,40.578,22.78
2024-05-23 10:00:00,41.689,23.24
2024-05-23 11:00:00,41.654,23.61
2024-05-23 12:00:00,38.828,25.73
2024-05-23 13:00:00,37.335,25.67
2024-05-23 14:00:00,37.934,26.76
2024-05-23 15:00:00,37.801,29.04
2024-05-23 16:00:00,37.494,28.92
2024-05-23 17:00:00,40.404,30.25
2024-05-23 18:00:00,46.086,29.73
2024-05-23 19:00:00,48.697,32.01
2024-05-23 20:00:00,49.518,33.15
2024-05-23 21:00:00,49.435,32.02
2024-05-23 22:00:00,40.156,32.17
2024-05-23 23:00:00,32.793,29.61
2024-05-24 00:00:00,21.449,29.54
2024-05-24 01:00:00,19.681,27.51
2024-05-24 02:00:00,17.634,26.92
2024-05-24 03:00:00,14.122,26.56
2024-05-24 04:00:00,15.67,24.94
2024-05-24 05:00:00,18.232,22.79
2024-05-24 06:00:00,23.322,22.16
2024-05-24 07:00:00,27.245,21.66
2024-05-24 08:00:00,35.645,23.0
2024-05-24 09:00:00,39.145,24.41
2024-05-24 10:00:00,42.059,24.3
2024-05-24 11:00:00,40.78,22.41
2024-05-24 12:00:00,40.538,26.0
2024-05-24 13:00:00,39.848,26.7
2024-05-24 14:00:00,38.718,25.88
2024-05-24 15:00:00,38.618,28.04
2024-05-24 16:00:00,38.403,30.24
2024-05-24 17:00:00,44.7,30.74
2024-05-24 18:00:00,44.657,29.97
2024-05-24 19:00:00,48.932,31.95
2024-05-24 20:00:00,51.919,29.91
2024-05-24 21:00:00,49.218,31.29
2024-05-24 22:00:00,41.297,31.93
2024-05-24 23:00:00,32.309,30.32
2024-05-25 00:00:00,16.082,28.97
2024-05-25 01:00:00,18.094,29.0
2024-05-25 02:00:00,14.965,27.91
2024-05-25 03:00:00,15.576,27.01
2024-05-25 04:00:00,12.231,25.58
2024-05-25 05:00:00,15.868,24.81
2024-05-25 06:00:00,18.933,23.82
2024-05-25 07:00:00,25.293,23.0
2024-05-25 08:00:00,30.668,22.7
2024-05-25 09:00:00,34.62,22.59
2024-05-25 10:00:00,34.467,22.27
2024-05-25 11:00:00,34.622,23.19
2024-05-25 12:00:00,33.629,24.66
2024-05-25 13:00:00,33.451,26.16
2024-05-25 14:00:00,33.522,28.29
2024-05-25 15:00:00,32.232,28.27
2024-05-25 16:00:00,31.644,30.19
2024-05-25 17:00:00,35.657,31.18
2024-05-25 18:00:00,41.678,30.85
2024-05-25 19:00:00,43.728,31.96
2024-05-25 20:00:00,40.316,31.45
2024-05-25 21:00:00,41.247,32.55
2024-05-25 22:00:00,35.631,31.55
2024-05-25 23:00:00,26.691,29.37
2024-05-26 00:00:00,17.738,29.52
2024-05-26 01:00:00,16.201,29.63
2024-05-26 02:00:00,15.736,27.0
2024-05-26 03:00:00,13.134,26.34
2024-05-26 04:00:00,15.518,25.33
2024-05-26 05:00:00,15.549,23.14
2024-05-26 06:00:00,18.554,23.66
2024-05-26 07:00:00,25.856,21.69
2024-05-26 08:00:00,28.769,22.15
2024-05-26 09:00:00,33.68,23.67
2024-05-26 10:00:00,34.964,23.54
2024-05-26 11:00:00,36.867,23.73
2024-05-26 12:00:00,33.114,25.26
2024-05-26 13:00:00,30.748,25.94
2024-05-26 14:00:00,31.919,27.17
2024-05-26 15:00:00,32.544,28.85
2024-05-26 16:00:00,33.746,28.83
2024-05-26 17:00:00,37.869,30.37
2024-05-26 18:00:00,40.45,30.81
2024-05-26 19:00:00,42.241,30.24
2024-05-26 20:00:00,42.441,30.93
2024-05-26 21:00:00,42.839,32.76
2024-05-26 22:00:00,34.304,31.37
2024-05-26 23:00:00,26.206,29.29
2024-05-27 00:00:00,20.995,28.18
2024-05-27 01:00:00,18.103,28.24
2024-05-27 02:00:00,17.376,28.42
2024-05-27 03:00:00,16.592,25.85
2024-05-27 04:00:00,17.575,25.97
2024-05-27 05:00:00,17.964,24.27
2024-05-27 06:00:00,21.657,23.65
2024-05-27 07:00:00,27.434,21.76
2024-05-27 08:00:00,35.914,23.42
2024-05-27 09:00:00,40.364,22.56
2024-05-27 10:00:00,41.255,23.97
2024-05-27 11:00:00,40.323,23.34
2024-05-27 12:00:00,40.176,25.07
2024-05-27 13:00:00,40.178,26.29
2024-05-27 14:00:00,37.454,27.06
2024-05-27 15:00:00,37.831,28.67
2024-05-27 16:00:00,39.737,29.22
2024-05-27 17:00:00,41.028,29.84
2024-05-27 18:00:00,45.884,32.36
2024-05-27 19:00:00,49.431,32.37
2024-05-27 20:00:00,49.662,31.08
2024-05-27 21:00:00,48.622,31.99
2024-05-27 22:00:00,40.832,30.49
2024-05-27 23:00:00,32.186,29.42
2024-05-28 00:00:00,20.209,30.26
2024-05-28 01:00:00,19.39,26.99
2024-05-28 02:00:00,19.259,27.93
2024-05-28 03:00:00,18.949,25.82
2024-05-28 04:00:00,18.136,24.77
2024-05-28 05:00:00,17.159,24.34
2024-05-28 06:00:00,23.41,23.76
2024-05-28 07:00:00,28.577,22.19
2024-05-28 08:00:00,35.99,23.27
2024-05-28 09:00:00,39.502,22.94
2024-05-28 10:00:00,40.072,22.29
2024-05-28 11:00:00,40.449,23.88
2024-05-28 12:00:00,40.517,26.05
2024-05-28 13:00:00,39.054,27.38
2024-05-28 14:00:00,38.661,27.77
2024-05-28 15:00:00,37.961,27.41
2024-05-28 16:00:00,39.173,29.84
2024-05-28 17:00:00,42.36,31.07
2024-05-28 18:00:00,45.62,31.68
2024-05-28 19:00:00,49.555,32.18
2024-05-28 20:00:00,52.778,32.0
2024-05-28 21:00:00,48.595,31.5
2024-05-28 22:00:00,40.843,30.62
2024-05-28 23:00:00,31.725,28.87
2024-05-29 00:00:00,21.198,29.73
2024-05-29 01:00:00,18.936,28.52
2024-05-29 02:00:00,18.063,27.66
2024-05-29 03:00:00,16.314,24.98
2024-05-29 04:00:00,16.682,25.48
2024-05-29 05:00:00,17.554,25.68
2024-05-29 06:00:00,23.06,23.38
2024-05-29 07:00:00,29.666,22.82
2024-05-29 08:00:00,35.484,22.96
2024-05-29 09:00:00,38.241,24.5
2024-05-29 10:00:00,42.422,22.5
2024-05-29 11:00:00,40.923,24.2
2024-05-29 12:00:00,38.767,24.33
2024-05-29 13:00:00,39.549,25.62
2024-05-29 14:00:00,36.824,27.18
2024-05-29 15:00:00,38.806,29.47
2024-05-29 16:00:00,38.701,30.91
2024-05-29 17:00:00,39.506,30.77
2024-05-29 18:00:00,46.082,30.82
2024-05-29 19:00:00,49.056,33.57
2024-05-29 20:00:00,50.432,31.39
2024-05-29 21:00:00,47.698,31.12
2024-05-29 22:00:00,40.67,29.71
2024-05-29 23:00:00,31.125,31.53
2024-05-30 00:00:00,19.526,30.26
2024-05-30 01:00:00,20.678,30.33
2024-05-30 02:00:00,17.601,26.12
2024-05-30 03:00:00,16.083,27.24
2024-05-30 04:00:00,15.679,25.04
2024-05-30 05:00:00,19.146,24.7
2024-05-30 06:00:00,21.626,22.02
2024-05-30 07:00:00,29.207,24.07
2024-05-30 08:00:00,35.105,23.37
2024-05-30 09:00:00,39.754,22.86
2024-05-30 10:00:00,40.694,23.86
2024-05-30 11:00:00,40.167,23.45
2024-05-30 12:00:00,39.789,24.53
2024-05-30 13:00:00,39.0,25.71
2024-05-30 14:00:00,37.449,25.76
2024-05-30 15:00:00,37.647,29.1
2024-05-30 16:00:00,39.666,30.45
2024-05-30 17:00:00,40.124,29.87
2024-05-30 18:00:00,45.894,31.42
2024-05-30 19:00:00,48.5,31.38
2024-05-30 20:00:00,49.926,32.01
2024-05-30 21:00:00,48.716,31.1
2024-05-30 22:00:00,40.244,30.44
2024-05-30 23:00:00,30.379,31.28
2024-05-31 00:00:00,22.771,29.45
2024-05-31 01:00:00,20.318,30.04
2024-05-31 02:00:00,15.879,27.29
2024-05-31 03:00:00,15.326,25.35
2024-05-31 04:00:00,17.435,25.99
2024-05-31 05:00:00,18.069,24.58
2024-05-31 06:00:00,24.481,23.94
2024-05-31 07:00:00,29.699,23.87
2024-05-31 08:00:00,36.005,22.24
2024-05-31 09:00:00,39.248,22.81
2024-05-31 10:00:00,42.321,23.23
2024-05-31 11:00:00,39.499,23.05
2024-05-31 12:00:00,41.111,24.8
2024-05-31 13:00:00,39.191,27.17
2024-05-31 14:00:00,37.409,27.46
2024-05-31 15:00:00,38.561,27.36
2024-05-31 16:00:00,41.046,28.27
2024-05-31 17:00:00,41.598,31.78
2024-05-31 18:00:00,46.461,31.1
2024-05-31 19:00:00,49.03,31.1
2024-05-31 20:00:00,51.087,31.55
2024-05-31 21:00:00,46.913,30.44
2024-05-31 22:00:00,40.799,32.31
2024-05-31 23:00:00,31.664,30.14
2024-06-01 00:00:00,20.042,30.62
2024-06-01 01:00:00,14.642,28.48
2024-06-01 02:00:00,14.886,28.42
2024-06-01 03:00:00,15.619,26.32
2024-06-01 04:00:00,14.059,25.71
2024-06-01 05:00:00,15.431,24.67
2024-06-01 06:00:00,18.658,23.88
2024-06-01 07:00:00,23.758,23.21
2024-06-01 08:00:00,28.483,22.6
2024-06-01 09:00:00,33.605,24.47
2024-06-01 10:00:00,34.538,22.66
2024-06-01 11:00:00,34.8,24.11
2024-06-01 12:00:00,33.01,25.05
2024-06-01 13:00:00,32.457,26.45
2024-06-01 14:00:00,32.051,26.95
2024-06-01 15:00:00,32.03,28.71
2024-06-01 16:00:00,32.407,29.41
2024-06-01 17:00:00,34.464,29.21
2024-06-01 18:00:00,39.102,31.2
2024-06-01 19:00:00,43.138,30.76
2024-06-01 20:00:00,43.481,30.41
2024-06-01 21:00:00,40.56,31.75
2024-06-01 22:00:00,34.554,31.58
2024-06-01 23:00:00,24.785,30.9
2024-06-02 00:00:00,18.065,30.0
2024-06-02 01:00:00,16.065,26.92
2024-06-02 02:00:00,14.22,26.21
2024-06-02 03:00:00,13.538,27.72
2024-06-02 04:00:00,13.887,24.22
2024-06-02 05:00:00,16.618,24.61
2024-06-02 06:00:00,20.621,22.86
2024-06-02 07:00:00,23.763,23.02
2024-06-02 08:00:00,29.817,22.3
2024-06-02 09:00:00,33.744,23.41
2024-06-02 10:00:00,36.373,23.52
2024-06-02 11:00:00,34.828,23.77
2024-06-02 12:00:00,33.908,24.22
2024-06-02 13:00:00,33.493,26.36
2024-06-02 14:00:00,31.904,26.34
2024-06-02 15:00:00,33.47,28.82
2024-06-02 16:00:00,32.944,31.67
2024-06-02 17:00:00,34.674,31.58
2024-06-02 18:00:00,38.781,31.79
2024-06-02 19:00:00,43.306,31.6
2024-06-02 20:00:00,42.916,30.27
2024-06-02 21:00:00,42.151,30.61
2024-06-02 22:00:00,34.042,32.24
2024-06-02 23:00:00,26.096,29.87
2024-06-03 00:00:00,22.093,29.01
2024-06-03 01:00:00,18.489,28.36
2024-06-03 02:00:00,18.689,26.47
2024-06-03 03:00:00,17.189,25.18
2024-06-03 04:00:00,15.939,25.04
2024-06-03 05:00:00,18.287,23.43
2024-06-03 06:00:00,22.39,22.84
2024-06-03 07:00:00,29.426,22.36
2024-06-03 08:00:00,37.626,23.25
2024-06-03 09:00:00,39.912,22.8
2024-06-03 10:00:00,42.364,23.29
2024-06-03 11:00:00,40.825,24.63
2024-06-03 12:00:00,39.805,24.97
2024-06-03 13:00:00,38.591,25.95
2024-06-03 14:00:00,37.375,27.71
2024-06-03 15:00:00,38.082,29.04
2024-06-03 16:00:00,38.465,29.47
2024-06-03 17:00:00,40.897,30.58
2024-06-03 18:00:00,46.934,30.61
2024-06-03 19:00:00,49.571,31.0
2024-06-03 20:00:00,50.767,32.46
2024-06-03 21:00:00,49.817,32.04
2024-06-03 22:00:00,38.927,31.6
2024-06-03 23:00:00,32.918,30.75
2024-06-04 00:00:00,20.522,29.63
2024-06-04 01:00:00,19.596,29.07
2024-06-04 02:00:00,17.25,28.1
2024-06-04 03:00:00,15.889,26.91
2024-06-04 04:00:00,18.17,25.02
2024-06-04 05:00:00,20.253,25.28
2024-06-04 06:00:00,22.724,23.64
2024-06-04 07:00:00,29.412,23.51
2024-06-04 08:00:00,35.758,23.08
2024-06-04 09:00:00,42.055,23.2
2024-06-04 10:00:00,39.665,22.87
2024-06-04 11:00:00,41.185,24.73
2024-06-04 12:00:00,39.038,27.38
2024-06-04 13:00:00,36.357,25.89
2024-06-04 14:00:00,37.882,27.42
2024-06-04 15:00:00,39.625,28.17
2024-06-04 16:00:00,38.091,29.22
2024-06-04 17:00:00,42.627,31.78
2024-06-04 18:00:00,47.123,30.72
2024-06-04 19:00:00,49.457,31.33
2024-06-04 20:00:00,51.123,30.59
2024-06-04 21:00:00,46.699,31.11
2024-06-04 22:00:00,40.07,29.9
2024-06-04 23:00:00,32.545,31.05
2024-06-05 00:00:00,21.482,31.86
2024-06-05 01:00:00,19.755,28.24
2024-06-05 02:00:00,17.986,26.04
2024-06-05 03:00:00,19.066,26.93
2024-06-05 04:00:00,16.391,24.54
2024-06-05 05:00:00,19.998,25.23
2024-06-05 06:00:00,23.086,23.25
2024-06-05 07:00:00,30.798,22.52
2024-06-05 08:00:00,34.451,22.73
2024-06-05 09:00:00,40.478,23.64
2024-06-05 10:00:00,41.418,23.3
2024-06-05 11:00:00,40.942,23.8
2024-06-05 12:00:00,41.027,24.97
2024-06-05 13:00:00,39.146,25.2
2024-06-05 14:00:00,39.495,27.7
2024-06-05 15:00:00,37.056,27.12
2024-06-05 16:00:00,37.921,29.28
2024-06-05 17:00:00,41.836,31.17
2024-06-05 18:00:00,45.861,31.53
2024-06-05 19:00:00,49.28,32.21
2024-06-05 20:00:00,50.022,31.84
2024-06-05 21:00:00,49.673,32.67
2024-06-05 22:00:00,40.43,32.03
2024-06-05 23:00:00,33.075,30.93
2024-06-06 00:00:00,21.433,30.38
2024-06-06 01:00:00,20.041,29.16
2024-06-06 02:00:00,18.419,27.04
2024-06-06 03:00:00,15.989,25.16
2024-06-06 04:00:00,17.205,25.48
2024-06-06 05:00:00,20.327,24.65
2024-06-06 06:00:00,23.207,24.37
2024-06-06 07:00:00,29.989,22.3
2024-06-06 08:00:00,36.407,22.17
2024-06-06 09:00:00,40.603,23.42
2024-06-06 10:00:00,42.01,23.45
2024-06-06 11:00:00,41.358,22.71
2024-06-06 12:00:00,40.559,25.45
2024-06-06 13:00:00,37.381,24.76
2024-06-06 14:00:00,38.502,26.65
2024-06-06 15:00:00,37.552,29.65
2024-06-06 16:00:00,38.361,31.12
2024-06-06 17:00:00,43.142,29.62
2024-06-06 18:00:00,45.152,31.04
2024-06-06 19:00:00,48.047,31.79
2024-06-06 20:00:00,51.812,33.34
2024-06-06 21:00:00,47.001,31.36
2024-06-06 22:00:00,38.833,30.93
2024-06-06 23:00:00,32.546,31.84
2024-06-07 00:00:00,21.582,29.37
2024-06-07 01:00:00,19.862,29.16
2024-06-07 02:00:00,17.399,26.24
2024-06-07 03:00:00,15.418,26.12
2024-06-07 04:00:00,15.62,23.84
2024-06-07 05:00:00,18.082,23.39
2024-06-07 06:00:00,21.652,24.2
2024-06-07 07:00:00,29.383,23.04
2024-06-07 08:00:00,35.228,22.67
2024-06-07 09:00:00,40.479,22.48
2024-06-07 10:00:00,41.978,23.35
2024-06-07 11:00:00,41.195,24.49
2024-06-07 12:00:00,40.289,25.96
2024-06-07 13:00:00,38.409,24.16
2024-06-07 14:00:00,38.438,26.76
2024-06-07 15:00:00,37.981,28.72
2024-06-07 16:00:00,36.283,29.6
2024-06-07 17:00:00,42.479,30.94
2024-06-07 18:00:00,46.053,31.54
2024-06-07 19:00:00,50.045,31.54
2024-06-07 20:00:00,49.687,31.51
2024-06-07 21:00:00,48.128,31.59
2024-06-07 22:00:00,39.687,32.25
2024-06-07 23:00:00,32.379,30.03
2024-06-08 00:00:00,16.774,29.64
2024-06-08 01:00:00,15.526,28.75
2024-06-08 02:00:00,15.718,28.69
2024-06-08 03:00:00,13.664,26.04
2024-06-08 04:00:00,13.359,25.96
2024-06-08 05:00:00,16.531,25.25
2024-06-08 06:00:00,20.474,23.5
2024-06-08 07:00:00,25.446,22.93
2024-06-08 08:00:00,31.211,22.68
2024-06-08 09:00:00,34.01,22.9
2024-06-08 10:00:00,35.338,24.24
2024-06-08 11:00:00,34.019,24.45
2024-06-08 12:00:00,33.984,25.39
2024-06-08 13:00:00,32.408,25.39
2024-06-08 14:00:00,32.071,26.68
2024-06-08 15:00:00,32.691,30.33
2024-06-08 16:00:00,34.154,29.56
2024-06-08 17:00:00,35.953,30.02
2024-06-08 18:00:00,40.845,32.5
2024-06-08 19:00:00,41.33,32.03
2024-06-08 20:00:00,41.475,32.42
2024-06-08 21:00:00,41.911,31.7
2024-06-08 22:00:00,33.893,31.1
2024-06-08 23:00:00,26.598,30.51
2024-06-09 00:00:00,16.402,28.61
2024-06-09 01:00:00,15.556,28.56
2024-06-09 02:00:00,13.64,27.7
2024-06-09 03:00:00,13.863,27.78
2024-06-09 04:00:00,13.903,25.29
2024-06-09 05:00:00,15.698,22.42
2024-06-09 06:00:00,20.772,23.5
2024-06-09 07:00:00,25.4,25.32
2024-06-09 08:00:00,28.69,23.66
2024-06-09 09:00:00,34.867,22.48
2024-06-09 10:00:00,35.661,24.05
2024-06-09 11:00:00,34.58,23.7
2024-06-09 12:00:00,33.79,24.14
2024-06-09 13:00:00,33.155,26.03
2024-06-09 14:00:00,31.807,27.55
2024-06-09 15:00:00,31.893,27.15
2024-06-09 16:00:00,34.154,28.81
2024-06-09 17:00:00,34.829,30.67
2024-06-09 18:00:00,37.965,31.05
2024-06-09 19:00:00,41.987,32.15
2024-06-09 20:00:00,42.197,31.01
2024-06-09 21:00:00,39.425,32.4
2024-06-09 22:00:00,34.329,30.44
2024-06-09 23:00:00,28.355,31.98
2024-06-10 00:00:00,21.381,28.37
2024-06-10 01:00:00,19.562,27.78
2024-06-10 02:00:00,15.677,27.82
2024-06-10 03:00:00,17.277,27.66
2024-06-10 04:00:00,16.925,25.49
2024-06-10 05:00:00,17.682,24.76
2024-06-10 06:00:00,23.134,23.61
2024-06-10 07:00:00,29.244,22.33
2024-06-10 08:00:00,34.619,22.6
2024-06-10 09:00:00,40.628,22.18
2024-06-10 10:00:00,43.041,22.58
2024-06-10 11:00:00,40.567,24.64
2024-06-10 12:00:00,38.895,24.35
2024-06-10 13:00:00,38.579,26.59
2024-06-10 14:00:00,39.122,26.46
2024-06-10 15:00:00,36.489,28.9
2024-06-10 16:00:00,39.35,29.36
2024-06-10 17:00:00,41.128,31.81
2024-06-10 18:00:00,46.147,31.66
2024-06-10 19:00:00,48.894,32.84
2024-06-10 20:00:00,50.422,31.4
2024-06-10 21:00:00,50.004,31.9
2024-06-10 22:00:00,39.363,30.62
2024-06-10 23:00:00,32.115,30.36
2024-06-11 00:00:00,23.186,29.55
2024-06-11 01:00:00,20.079,28.1
2024-06-11 02:00:00,16.492,26.54
2024-06-11 03:00:00,15.523,25.22
2024-06-11 04:00:00,16.063,23.39
2024-06-11 05:00:00,18.521,23.49
2024-06-11 06:00:00,23.18,24.12
2024-06-11 07:00:00,27.773,21.89
2024-06-11 08:00:00,34.81,21.93
2024-06-11 09:00:00,39.462,24.61
2024-06-11 10:00:00,41.636,23.12
2024-06-11 11:00:00,42.824,24.6
2024-06-11 12:00:00,38.828,25.79
2024-06-11 13:00:00,37.764,26.89
2024-06-11 14:00:00,37.094,26.31
2024-06-11 15:00:00,38.388,28.51
2024-06-11 16:00:00,38.718,28.48
2024-06-11 17:00:00,40.906,32.67
2024-06-11 18:00:00,45.53,30.15
2024-06-11 19:00:00,48.663,31.04
2024-06-11 20:00:00,51.302,31.2
2024-06-11 21:00:00,51.188,30.68
2024-06-11 22:00:00,41.362,32.51
2024-06-11 23:00:00,31.525,32.66
2024-06-12 00:00:00,20.742,29.41
2024-06-12 01:00:00,18.01,27.65
2024-06-12 02:00:00,18.598,25.75
2024-06-12 03:00:00,17.523,26.18
2024-06-12 04:00:00,16.355,25.04
2024-06-12 05:00:00,19.598,23.84
2024-06-12 06:00:00,22.972,23.82
2024-06-12 07:00:00,29.86,23.51
2024-06-12 08:00:00,36.002,23.3
2024-06-12 09:00:00,40.109,22.95
2024-06-12 10:00:00,40.846,22.77
2024-06-12 11:00:00,40.652,24.9
2024-06-12 12:00:00,40.639,25.31
2024-06-12 13:00:00,38.242,27.1
2024-06-12 14:00:00,38.699,28.18
2024-06-12 15:00:00,36.636,27.58
2024-06-12 16:00:00,39.556,28.66
2024-06-12 17:00:00,42.139,30.13
2024-06-12 18:00:00,44.674,30.61
2024-06-12 19:00:00,49.242,32.51
2024-06-12 20:00:00,51.95,32.34
2024-06-12 21:00:00,47.166,32.78
2024-06-12 22:00:00,39.708,31.77
2024-06-12 23:00:00,31.549,30.91
2024-06-13 00:00:00,23.596,30.77
2024-06-13 01:00:00,18.694,29.1
2024-06-13 02:00:00,18.355,27.62
2024-06-13 03:00:00,17.095,27.58
2024-06-13 04:00:00,16.229,25.41
2024-06-13 05:00:00,18.524,24.14
2024-06-13 06:00:00,22.493,23.0
2024-06-13 07:00:00,28.705,23.78
2024-06-13 08:00:00,34.006,24.06
2024-06-13 09:00:00,40.265,23.18
2024-06-13 10:00:00,42.737,24.72
2024-06-13 11:00:00,40.859,22.81
2024-06-13 12:00:00,40.892,25.28
2024-06-13 13:00:00,39.352,26.38
2024-06-13 14:00:00,38.189,26.99
2024-06-13 15:00:00,37.1,30.65
2024-06-13 16:00:00,38.264,29.77
2024-06-13 17:00:00,40.32,30.43
2024-06-13 18:00:00,45.628,31.5
2024-06-13 19:00:00,49.619,30.33
2024-06-13 20:00:00,52.75,31.47
2024-06-13 21:00:00,48.989,32.72
2024-06-13 22:00:00,39.918,30.98
2024-06-13 23:00:00,30.152,30.1
2024-06-14 00:00:00,21.209,30.88
2024-06-14 01:00:00,20.208,29.82
2024-06-14 02:00:00,17.625,28.0
2024-06-14 03:00:00,17.383,26.06
2024-06-14 04:00:00,16.645,25.15
2024-06-14 05:00:00,19.091,23.77
2024-06-14 06:00:00,21.321,22.9
2024-06-14 07:00:00,30.706,22.41
2024-06-14 08:00:00,34.565,22.6
2024-06-14 09:00:00,41.1,22.42
2024-06-14 10:00:00,41.542,22.45
2024-06-14 11:00:00,40.682,24.59
2024-06-14 12:00:00,39.534,25.54
2024-06-14 13:00:00,39.021,27.8
2024-06-14 14:00:00,38.717,27.07
2024-06-14 15:00:00,38.82,29.0
2024-06-14 16:00:00,40.196,30.1
2024-06-14 17:00:00,42.158,30.58
2024-06-14 18:00:00,47.648,32.1
2024-06-14 19:00:00,49.565,32.57
2024-06-14 20:00:00,52.099,32.37
2024-06-14 21:00:00,48.887,31.75
2024-06-14 22:00:00,40.24,31.22
2024-06-14 23:00:00,31.805,29.7
2024-06-15 00:00:00,18.72,29.22
2024-06-15 01:00:00,16.44,28.28
2024-06-15 02:00:00,15.594,26.71
2024-06-15 03:00:00,15.188,26.8
2024-06-15 04:00:00,14.282,26.32
2024-06-15 05:00:00,12.603,23.71
2024-06-15 06:00:00,21.219,23.95
2024-06-15 07:00:00,24.406,22.44
2024-06-15 08:00:00,29.505,22.88
2024-06-15 09:00:00,33.1,22.72
2024-06-15 10:00:00,35.204,24.21
2024-06-15 11:00:00,34.106,23.9
2024-06-15 12:00:00,33.061,26.18
2024-06-15 13:00:00,32.25,26.26
2024-06-15 14:00:00,33.053,27.11
2024-06-15 15:00:00,34.15,27.79
2024-06-15 16:00:00,33.783,30.08
2024-06-15 17:00:00,36.692,31.53
2024-06-15 18:00:00,38.63,31.75
2024-06-15 19:00:00,42.156,33.77
2024-06-15 20:00:00,43.785,33.28
2024-06-15 21:00:00,40.51,31.73
2024-06-15 22:00:00,34.246,31.28
2024-06-15 23:00:00,27.749,31.19
2024-06-16 00:00:00,19.319,29.22
2024-06-16 01:00:00,16.542,29.73
2024-06-16 02:00:00,13.953,27.93
2024-06-16 03:00:00,14.004,26.68
2024-06-16 04:00:00,12.835,25.94
2024-06-16 05:00:00,15.683,25.84
2024-06-16 06:00:00,19.768,23.88
2024-06-16 07:00:00,24.433,23.21
2024-06-16 08:00:00,30.592,24.35
2024-06-16 09:00:00,34.672,24.07
2024-06-16 10:00:00,35.809,23.49
2024-06-16 11:00:00,33.454,24.47
2024-06-16 12:00:00,33.555,25.55
2024-06-16 13:00:00,33.364,26.77
2024-06-16 14:00:00,34.123,26.57
2024-06-16 15:00:00,31.802,27.58
2024-06-16 16:00:00,33.508,29.19
2024-06-16 17:00:00,36.443,30.06
2024-06-16 18:00:00,38.814,31.04
2024-06-16 19:00:00,43.221,32.51
2024-06-16 20:00:00,44.576,32.02
2024-06-16 21:00:00,42.59,32.16
2024-06-16 22:00:00,35.148,30.58
2024-06-16 23:00:00,29.284,30.47
2024-06-17 00:00:00,20.792,30.38
2024-06-17 01:00:00,21.547,29.3
2024-06-17 02:00:00,18.634,27.08
2024-06-17 03:00:00,18.197,26.63
2024-06-17 04:00:00,16.504,27.17
2024-06-17 05:00:00,19.221,24.47
2024-06-17 06:00:00,24.406,23.22
2024-06-17 07:00:00,27.961,23.18
2024-06-17 08:00:00,35.533,23.24
2024-06-17 09:00:00,38.106,23.2
2024-06-17 10:00:00,41.638,23.75
2024-06-17 11:00:00,39.968,23.34
2024-06-17 12:00:00,39.558,24.65
2024-06-17 13:00:00,41.742,26.39
2024-06-17 14:00:00,40.002,27.54
2024-06-17 15:00:00,36.272,28.39
2024-06-17 16:00:00,39.327,29.79
2024-06-17 17:00:00,42.635,30.91
2024-06-17 18:00:00,45.555,32.29
2024-06-17 19:00:00,49.652,31.95
2024-06-17 20:00:00,51.282,32.5
2024-06-17 21:00:00,47.076,31.6
2024-06-17 22:00:00,39.748,32.04
2024-06-17 23:00:00,31.796,31.17
2024-06-18 00:00:00,21.521,30.63
2024-06-18 01:00:00,18.657,29.42
2024-06-18 02:00:00,17.04,28.16
2024-06-18 03:00:00,16.738,26.45
2024-06-18 04:00:00,17.734,25.64
2024-06-18 05:00:00,18.282,25.36
2024-06-18 06:00:00,24.605,23.27
2024-06-18 07:00:00,28.36,22.84
2024-06-18 08:00:00,35.897,23.34
2024-06-18 09:00:00,39.929,23.68
2024-06-18 10:00:00,42.42,23.14
2024-06-18 11:00:00,40.003,24.46
2024-06-18 12:00:00,41.746,25.37
2024-06-18 13:00:00,37.036,24.76
2024-06-18 14:00:00,40.0,27.53
2024-06-18 15:00:00,37.832,28.74
2024-06-18 16:00:00,39.323,29.82
2024-06-18 17:00:00,43.181,32.02
2024-06-18 18:00:00,46.775,30.63
2024-06-18 19:00:00,48.725,31.39
2024-06-18 20:00:00,51.612,30.12
2024-06-18 21:00:00,50.355,31.67
2024-06-18 22:00:00,39.895,31.29
2024-06-18 23:00:00,33.781,30.48
2024-06-19 00:00:00,21.813,30.85
2024-06-19 01:00:00,18.938,29.57
2024-06-19 02:00:00,16.939,27.78
2024-06-19 03:00:00,16.602,26.25
2024-06-19 04:00:00,14.836,26.29
2024-06-19 05:00:00,17.936,24.52
2024-06-19 06:00:00,22.682,23.17
2024-06-19 07:00:00,27.974,22.0
2024-06-19 08:00:00,36.463,22.87
2024-06-19 09:00:00,40.067,23.98
2024-06-19 10:00:00,41.171,25.65
2024-06-19 11:00:00,40.468,24.59
2024-06-19 12:00:00,40.142,24.86
2024-06-19 13:00:00,38.835,25.61
2024-06-19 14:00:00,37.535,28.17
2024-06-19 15:00:00,37.868,27.48
2024-06-19 16:00:00,38.708,30.42
2024-06-19 17:00:00,40.658,31.57
2024-06-19 18:00:00,45.606,31.98
2024-06-19 19:00:00,50.061,31.9
2024-06-19 20:00:00,51.584,32.68
2024-06-19 21:00:00,48.215,32.22
2024-06-19 22:00:00,41.49,31.01
2024-06-19 23:00:00,30.62,32.4
2024-06-20 00:00:00,20.452,29.71
2024-06-20 01:00:00,19.124,29.52
2024-06-20 02:00:00,19.378,25.8
2024-06-20 03:00:00,16.997,27.6
2024-06-20 04:00:00,16.549,26.67
2024-06-20 05:00:00,19.935,24.58
2024-06-20 06:00:00,22.657,24.29
2024-06-20 07:00:00,31.349,23.84
2024-06-20 08:00:00,35.178,22.73
2024-06-20 09:00:00,39.258,23.84
2024-06-20 10:00:00,41.65,23.2
2024-06-20 11:00:00,40.546,24.08
2024-06-20 12:00:00,38.956,26.4
2024-06-20 13:00:00,41.414,27.37
2024-06-20 14:00:00,38.575,27.19
2024-06-20 15:00:00,38.214,28.33
2024-06-20 16:00:00,38.289,29.49
2024-06-20 17:00:00,41.231,31.52
2024-06-20 18:00:00,46.946,30.85
2024-06-20 19:00:00,47.761,32.39
2024-06-20 20:00:00,49.834,32.86
2024-06-20 21:00:00,48.198,32.04
2024-06-20 22:00:00,42.178,32.47
2024-06-20 23:00:00,31.238,30.7
2024-06-21 00:00:00,21.844,29.84
2024-06-21 01:00:00,19.408,28.15
2024-06-21 02:00:00,19.172,28.58
2024-06-21 03:00:00,15.214,25.99
2024-06-21 04:00:00,17.581,25.8
2024-06-21 05:00:00,18.157,24.53
2024-06-21 06:00:00,23.893,23.03
2024-06-21 07:00:00,28.234,22.94
2024-06-21 08:00:00,35.725,24.38
2024-06-21 09:00:00,40.185,23.59
2024-06-21 10:00:00,40.798,23.07
2024-06-21 11:00:00,39.494,24.84
2024-06-21 12:00:00,39.188,25.41
2024-06-21 13:00:00,38.893,29.37
2024-06-21 14:00:00,37.478,28.01
2024-06-21 15:00:00,37.403,28.64
2024-06-21 16:00:00,36.836,31.17
2024-06-21 17:00:00,41.442,29.49
2024-06-21 18:00:00,46.944,31.75
2024-06-21 19:00:00,50.189,33.72
2024-06-21 20:00:00,50.911,32.19
2024-06-21 21:00:00,48.699,30.74
2024-06-21 22:00:00,39.955,31.37
2024-06-21 23:00:00,33.277,32.13
2024-06-22 00:00:00,20.316,30.34
2024-06-22 01:00:00,16.641,28.28
2024-06-22 02:00:00,17.815,27.24
2024-06-22 03:00:00,13.612,26.18
2024-06-22 04:00:00,13.029,25.83
2024-06-22 05:00:00,14.882,25.68
2024-06-22 06:00:00,19.284,24.74
2024-06-22 07:00:00,27.068,23.81
2024-06-22 08:00:00,30.058,22.23
2024-06-22 09:00:00,33.37,22.39
2024-06-22 10:00:00,34.631,24.33
2024-06-22 11:00:00,35.843,23.54
2024-06-22 12:00:00,34.83,25.37
2024-06-22 13:00:00,32.451,26.88
2024-06-22 14:00:00,30.599,26.89
2024-06-22 15:00:00,30.928,28.15
2024-06-22 16:00:00,34.702,29.98
2024-06-22 17:00:00,36.25,31.39
2024-06-22 18:00:00,39.082,32.55
2024-06-22 19:00:00,43.956,32.64
2024-06-22 20:00:00,45.347,32.37
2024-06-22 21:00:00,41.146,31.56
2024-06-22 22:00:00,34.662,30.85
2024-06-22 23:00:00,26.283,30.59
2024-06-23 00:00:00,17.917,30.39
2024-06-23 01:00:00,14.957,29.25
2024-06-23 02:00:00,13.652,26.14
2024-06-23 03:00:00,12.548,26.02
2024-06-23 04:00:00,15.412,26.53
2024-06-23 05:00:00,14.013,24.7
2024-06-23 06:00:00,21.496,22.79
2024-06-23 07:00:00,23.965,25.36
2024-06-23 08:00:00,32.117,23.3
2024-06-23 09:00:00,33.874,23.78
2024-06-23 10:00:00,33.949,24.25
2024-06-23 11:00:00,35.989,24.35
2024-06-23 12:00:00,35.243,24.99
2024-06-23 13:00:00,32.022,28.36
2024-06-23 14:00:00,32.174,28.63
2024-06-23 15:00:00,31.155,29.65
2024-06-23 16:00:00,32.823,30.54
2024-06-23 17:00:00,35.657,30.21
2024-06-23 18:00:00,38.657,32.75
2024-06-23 19:00:00,40.194,31.51
2024-06-23 20:00:00,42.758,32.56
2024-06-23 21:00:00,41.9,30.87
2024-06-23 22:00:00,34.467,30.1
2024-06-23 23:00:00,26.543,31.27
2024-06-24 00:00:00,20.471,29.44
2024-06-24 01:00:00,18.758,27.41
2024-06-24 02:00:00,19.287,28.27
2024-06-24 03:00:00,15.667,28.37
2024-06-24 04:00:00,17.565,26.7
2024-06-24 05:00:00,18.408,24.46
2024-06-24 06:00:00,23.2,23.96
2024-06-24 07:00:00,28.323,24.21
2024-06-24 08:00:00,35.341,24.25
2024-06-24 09:00:00,40.284,23.23
2024-06-24 10:00:00,41.289,23.98
2024-06-24 11:00:00,41.138,24.91
2024-06-24 12:00:00,40.247,26.04
2024-06-24 13:00:00,40.976,26.58
2024-06-24 14:00:00,38.534,27.76
2024-06-24 15:00:00,35.79,30.12
2024-06-24 16:00:00,39.946,31.07
2024-06-24 17:00:00,41.612,31.42
2024-06-24 18:00:00,47.952,33.13
2024-06-24 19:00:00,50.97,31.9
2024-06-24 20:00:00,50.485,33.66
2024-06-24 21:00:00,49.186,32.64
2024-06-24 22:00:00,40.194,34.38
2024-06-24 23:00:00,31.623,30.09
2024-06-25 00:00:00,22.11,29.56
2024-06-25 01:00:00,20.515,29.37
2024-06-25 02:00:00,18.763,28.18
2024-06-25 03:00:00,16.906,28.26
2024-06-25 04:00:00,19.363,25.08
2024-06-25 05:00:00,17.988,25.41
2024-06-25 06:00:00,21.311,24.9
2024-06-25 07:00:00,27.627,24.09
2024-06-25 08:00:00,37.203,22.6
2024-06-25 09:00:00,40.212,24.65
2024-06-25 10:00:00,41.982,24.96
2024-06-25 11:00:00,40.247,25.17
2024-06-25 12:00:00,39.318,25.79
2024-06-25 13:00:00,37.957,26.89
2024-06-25 14:00:00,38.731,27.82
2024-06-25 15:00:00,37.641,29.56
2024-06-25 16:00:00,39.204,30.16
2024-06-25 17:00:00,42.166,30.39
2024-06-25 18:00:00,45.466,30.94
2024-06-25 19:00:00,47.982,31.63
2024-06-25 20:00:00,49.423,32.56
2024-06-25 21:00:00,51.537,32.21
2024-06-25 22:00:00,42.308,31.96
2024-06-25 23:00:00,32.987,31.47
2024-06-26 00:00:00,20.732,29.64
2024-06-26 01:00:00,19.39,30.23
2024-06-26 02:00:00,17.018,27.68
2024-06-26 03:00:00,15.492,26.38
2024-06-26 04:00:00,16.229,26.03
2024-06-26 05:00:00,19.713,23.24
2024-06-26 06:00:00,23.808,23.37
2024-06-26 07:00:00,28.081,24.34
2024-06-26 08:00:00,35.379,22.01
2024-06-26 09:00:00,41.054,24.45
2024-06-26 10:00:00,41.238,25.21
2024-06-26 11:00:00,40.881,24.42
2024-06-26 12:00:00,40.19,25.89
2024-06-26 13:00:00,39.159,27.63
2024-06-26 14:00:00,38.509,27.53
2024-06-26 15:00:00,37.073,29.77
2024-06-26 16:00:00,38.198,29.62
2024-06-26 17:00:00,40.664,30.71
2024-06-26 18:00:00,44.307,31.17
2024-06-26 19:00:00,49.353,32.53
2024-06-26 20:00:00,51.833,33.34
2024-06-26 21:00:00,47.042,32.11
2024-06-26 22:00:00,41.078,30.79
2024-06-26 23:00:00,32.42,30.23
2024-06-27 00:00:00,19.547,30.48
2024-06-27 01:00:00,19.104,30.56
2024-06-27 02:00:00,19.529,28.23
2024-06-27 03:00:00,17.393,26.45
2024-06-27 04:00:00,14.922,26.28
2024-06-27 05:00:00,19.032,24.55
2024-06-27 06:00:00,22.187,23.72
2024-06-27 07:00:00,29.775,22.81
2024-06-27 08:00:00,34.996,24.55
2024-06-27 09:00:00,40.236,21.55
2024-06-27 10:00:00,41.272,24.67
2024-06-27 11:00:00,40.803,24.37
2024-06-27 12:00:00,39.201,25.35
2024-06-27 13:00:00,38.532,28.12
2024-06-27 14:00:00,37.051,27.36
2024-06-27 15:00:00,38.24,28.55
2024-06-27 16:00:00,38.939,30.08
2024-06-27 17:00:00,40.171,31.45
2024-06-27 18:00:00,46.913,31.48
2024-06-27 19:00:00,49.29,31.02
2024-06-27 20:00:00,51.165,31.75
2024-06-27 21:00:00,49.23,33.31
2024-06-27 22:00:00,41.135,31.9
2024-06-27 23:00:00,32.809,31.48
2024-06-28 00:00:00,21.121,29.98
2024-06-28 01:00:00,20.435,28.58
2024-06-28 02:00:00,17.975,29.29
2024-06-28 03:00:00,17.348,26.63
2024-06-28 04:00:00,17.242,25.34
2024-06-28 05:00:00,19.626,25.64
2024-06-28 06:00:00,23.686,23.47
2024-06-28 07:00:00,28.618,23.13
2024-06-28 08:00:00,35.046,23.46
2024-06-28 09:00:00,40.239,23.61
2024-06-28 10:00:00,41.045,24.26
2024-06-28 11:00:00,39.727,26.45
2024-06-28 12:00:00,37.609,25.97
2024-06-28 13:00:00,37.18,24.89
2024-06-28 14:00:00,40.275,28.22
2024-06-28 15:00:00,37.07,29.15
2024-06-28 16:00:00,40.702,30.24
2024-06-28 17:00:00,42.231,31.34
2024-06-28 18:00:00,45.849,31.84
2024-06-28 19:00:00,47.939,32.27
2024-06-28 20:00:00,51.005,32.95
2024-06-28 21:00:00,50.38,31.88
2024-06-28 22:00:00,42.389,31.1
2024-06-28 23:00:00,31.9,33.57
2024-06-29 00:00:00,17.035,29.65
2024-06-29 01:00:00,15.497,29.21
2024-06-29 02:00:00,14.303,26.77
2024-06-29 03:00:00,15.609,26.9
2024-06-29 04:00:00,15.97,24.98
2024-06-29 05:00:00,15.806,24.44
2024-06-29 06:00:00,19.198,24.91
2024-06-29 07:00:00,26.289,24.01
2024-06-29 08:00:00,29.347,23.93
2024-06-29 09:00:00,34.299,22.21
2024-06-29 10:00:00,36.019,25.55
2024-06-29 11:00:00,33.8,23.84
2024-06-29 12:00:00,33.164,26.95
2024-06-29 13:00:00,32.218,27.63
2024-06-29 14:00:00,33.958,28.44
2024-06-29 15:00:00,34.032,28.46
2024-06-29 16:00:00,33.063,30.36
2024-06-29 17:00:00,35.273,30.79
2024-06-29 18:00:00,38.403,31.91
2024-06-29 19:00:00,42.051,32.13
2024-06-29 20:00:00,42.789,30.86
2024-06-29 21:00:00,41.084,33.23
2024-06-29 22:00:00,35.101,31.82
2024-06-29 23:00:00,26.464,30.79
2024-06-30 00:00:00,18.014,29.8
2024-06-30 01:00:00,16.284,29.45
2024-06-30 02:00:00,14.849,27.28
2024-06-30 03:00:00,13.855,25.03
2024-06-30 04:00:00,15.083,26.07
2024-06-30 05:00:00,13.8,25.23
2024-06-30 06:00:00,21.113,23.94
2024-06-30 07:00:00,24.848,22.74
2024-06-30 08:00:00,30.967,23.57
2024-06-30 09:00:00,34.986,22.48
2024-06-30 10:00:00,34.825,23.29
2024-06-30 11:00:00,33.747,24.22
2024-06-30 12:00:00,32.76,26.43
2024-06-30 13:00:00,32.694,26.55
2024-06-30 14:00:00,33.226,27.65
2024-06-30 15:00:00,31.484,30.74
2024-06-30 16:00:00,33.566,30.54
2024-06-30 17:00:00,33.132,31.47
2024-06-30 18:00:00,38.622,31.61
2024-06-30 19:00:00,43.24,31.88
2024-06-30 20:00:00,43.176,30.77
2024-06-30 21:00:00,40.337,33.14
2024-06-30 22:00:00,34.01,32.27
2024-06-30 23:00:00,23.788,31.06
2024-07-01 00:00:00,20.388,30.16
2024-07-01 01:00:00,20.458,29.77
2024-07-01 02:00:00,17.256,26.78
2024-07-01 03:00:00,16.356,26.39
2024-07-01 04:00:00,14.452,24.86
2024-07-01 05:00:00,16.697,26.26
2024-07-01 06:00:00,24.164,24.83
2024-07-01 07:00:00,29.7,21.92
2024-07-01 08:00:00,34.377,22.32
2024-07-01 09:00:00,39.647,23.58
2024-07-01 10:00:00,41.79,23.76
2024-07-01 11:00:00,39.58,23.79
2024-07-01 12:00:00,37.736,27.34
2024-07-01 13:00:00,38.598,27.12
2024-07-01 14:00:00,38.834,28.41
2024-07-01 15:00:00,38.344,28.65
2024-07-01 16:00:00,39.653,30.86
2024-07-01 17:00:00,40.235,30.92
2024-07-01 18:00:00,45.959,31.71
2024-07-01 19:00:00,49.196,32.88
2024-07-01 20:00:00,50.911,31.24
2024-07-01 21:00:00,48.234,33.67
2024-07-01 22:00:00,40.126,32.09
2024-07-01 23:00:00,28.542,32.25
2024-07-02 00:00:00,22.605,29.43
2024-07-02 01:00:00,19.717,28.47
2024-07-02 02:00:00,16.336,27.12
2024-07-02 03:00:00,17.313,27.08
2024-07-02 04:00:00,16.374,25.85
2024-07-02 05:00:00,17.933,24.5
2024-07-02 06:00:00,22.166,23.34
2024-07-02 07:00:00,29.618,22.69
2024-07-02 08:00:00,34.884,23.51
2024-07-02 09:00:00,39.171,23.34
2024-07-02 10:00:00,42.974,23.61
2024-07-02 11:00:00,40.618,26.11
2024-07-02 12:00:00,39.63,25.74
2024-07-02 13:00:00,39.466,27.91
2024-07-02 14:00:00,37.569,27.63
2024-07-02 15:00:00,37.262,29.42
2024-07-02 16:00:00,39.072,30.27
2024-07-02 17:00:00,40.248,29.89
2024-07-02 18:00:00,46.126,33.1
2024-07-02 19:00:00,48.699,32.3
2024-07-02 20:00:00,51.873,33.16
2024-07-02 21:00:00,49.008,31.81
2024-07-02 22:00:00,41.223,31.83
2024-07-02 23:00:00,29.981,30.56
2024-07-03 00:00:00,21.315,31.31
2024-07-03 01:00:00,18.179,29.49
2024-07-03 02:00:00,17.812,28.37
2024-07-03 03:00:00,14.468,28.0
2024-07-03 04:00:00,15.258,26.75
2024-07-03 05:00:00,19.573,25.51
2024-07-03 06:00:00,23.326,23.04
2024-07-03 07:00:00,28.709,23.18
2024-07-03 08:00:00,34.773,22.78
2024-07-03 09:00:00,39.184,24.32
2024-07-03 10:00:00,42.024,24.32
2024-07-03 11:00:00,40.449,23.79
2024-07-03 12:00:00,41.358,25.68
2024-07-03 13:00:00,38.572,25.72
2024-07-03 14:00:00,38.31,28.04
2024-07-03 15:00:00,36.324,27.93
2024-07-03 16:00:00,38.392,30.76
2024-07-03 17:00:00,42.001,31.57
2024-07-03 18:00:00,45.52,33.51
2024-07-03 19:00:00,48.975,33.12
2024-07-03 20:00:00,51.333,32.25
2024-07-03 21:00:00,49.995,33.09
2024-07-03 22:00:00,40.948,30.87
2024-07-03 23:00:00,32.787,30.51
2024-07-04 00:00:00,22.054,30.61
2024-07-04 01:00:00,20.486,27.54
2024-07-04 02:00:00,17.228,28.07
2024-07-04 03:00:00,16.619,26.12
2024-07-04 04:00:00,16.623,25.93
2024-07-04 05:00:00,18.917,24.06
2024-07-04 06:00:00,23.758,24.55
2024-07-04 07:00:00,29.198,23.77
2024-07-04 08:00:00,36.594,24.73
2024-07-04 09:00:00,39.715,23.77
2024-07-04 10:00:00,42.723,23.6
2024-07-04 11:00:00,41.836,24.73
2024-07-04 12:00:00,40.471,24.78
2024-07-04 13:00:00,38.897,27.27
2024-07-04 14:00:00,38.978,28.58
2024-07-04 15:00:00,36.828,31.25
2024-07-04 16:00:00,38.962,29.87
2024-07-04 17:00:00,42.127,31.08
2024-07-04 18:00:00,44.544,31.55
2024-07-04 19:00:00,49.954,32.63
2024-07-04 20:00:00,49.726,32.92
2024-07-04 21:00:00,48.014,32.42
2024-07-04 22:00:00,40.841,32.89
2024-07-04 23:00:00,30.875,30.81
2024-07-05 00:00:00,21.504,31.16
2024-07-05 01:00:00,19.448,29.72
2024-07-05 02:00:00,17.013,28.12
2024-07-05 03:00:00,17.409,26.71
2024-07-05 04:00:00,16.051,27.82
2024-07-05 05:00:00,20.694,24.29
2024-07-05 06:00:00,22.838,24.47
2024-07-05 07:00:00,27.875,23.18
2024-07-05 08:00:00,34.696,25.06
2024-07-05 09:00:00,41.461,24.49
2024-07-05 10:00:00,41.403,23.69
2024-07-05 11:00:00,39.409,25.36
2024-07-05 12:00:00,40.651,26.09
2024-07-05 13:00:00,38.336,26.56
2024-07-05 14:00:00,38.916,28.74
2024-07-05 15:00:00,38.694,29.61
2024-07-05 16:00:00,39.04,30.56
2024-07-05 17:00:00,44.264,31.29
2024-07-05 18:00:00,44.141,32.38
2024-07-05 19:00:00,48.636,32.67
2024-07-05 20:00:00,50.739,32.69
2024-07-05 21:00:00,50.756,31.98
2024-07-05 22:00:00,42.634,33.4
2024-07-05 23:00:00,32.934,30.49
2024-07-06 00:00:00,17.397,30.74
2024-07-06 01:00:00,15.782,29.06
2024-07-06 02:00:00,14.327,29.56
2024-07-06 03:00:00,13.506,26.26
2024-07-06 04:00:00,15.828,25.31
2024-07-06 05:00:00,15.357,24.2
2024-07-06 06:00:00,19.394,24.52
2024-07-06 07:00:00,25.499,22.71
2024-07-06 08:00:00,28.648,23.27
2024-07-06 09:00:00,34.3,22.09
2024-07-06 10:00:00,34.428,24.45
2024-07-06 11:00:00,34.38,24.58
2024-07-06 12:00:00,33.215,24.72
2024-07-06 13:00:00,32.295,27.87
2024-07-06 14:00:00,32.743,27.12
2024-07-06 15:00:00,32.305,29.97
2024-07-06 16:00:00,32.722,29.85
2024-07-06 17:00:00,35.925,32.63
2024-07-06 18:00:00,38.129,32.66
2024-07-06 19:00:00,42.745,31.71
2024-07-06 20:00:00,43.14,31.94
2024-07-06 21:00:00,40.689,33.0
2024-07-06 22:00:00,33.869,31.86
2024-07-06 23:00:00,26.631,31.22
2024-07-07 00:00:00,20.115,31.44
2024-07-07 01:00:00,16.408,28.74
2024-07-07 02:00:00,14.005,28.25
2024-07-07 03:00:00,15.243,27.78
2024-07-07 04:00:00,13.824,26.58
2024-07-07 05:00:00,15.895,24.87
2024-07-07 06:00:00,18.89,24.05
2024-07-07 07:00:00,26.016,22.44
2024-07-07 08:00:00,29.742,22.84
2024-07-07 09:00:00,35.672,24.09
2024-07-07 10:00:00,34.477,24.18
2024-07-07 11:00:00,34.381,25.06
2024-07-07 12:00:00,35.241,26.77
2024-07-07 13:00:00,33.118,26.07
2024-07-07 14:00:00,34.829,28.0
2024-07-07 15:00:00,31.804,29.51
2024-07-07 16:00:00,33.208,29.88
2024-07-07 17:00:00,37.49,32.52
2024-07-07 18:00:00,37.471,32.82
2024-07-07 19:00:00,40.379,32.77
2024-07-07 20:00:00,42.539,34.13
2024-07-07 21:00:00,42.012,31.34
2024-07-07 22:00:00,33.038,32.09
2024-07-07 23:00:00,27.486,31.67
2024-07-08 00:00:00,21.957,29.72
2024-07-08 01:00:00,21.435,29.61
2024-07-08 02:00:00,18.916,27.32
2024-07-08 03:00:00,17.201,27.59
2024-07-08 04:00:00,18.216,26.8
2024-07-08 05:00:00,18.91,25.24
2024-07-08 06:00:00,22.481,22.83
2024-07-08 07:00:00,27.903,23.09
2024-07-08 08:00:00,35.119,24.16
2024-07-08 09:00:00,40.249,23.88
2024-07-08 10:00:00,41.999,22.16
2024-07-08 11:00:00,38.622,26.02
2024-07-08 12:00:00,39.556,26.07
2024-07-08 13:00:00,38.789,26.39
2024-07-08 14:00:00,38.808,29.01
2024-07-08 15:00:00,39.399,28.84
2024-07-08 16:00:00,38.949,29.92
2024-07-08 17:00:00,40.892,31.69
2024-07-08 18:00:00,44.046,33.54
2024-07-08 19:00:00,50.171,33.87
2024-07-08 20:00:00,50.114,33.01
2024-07-08 21:00:00,49.334,32.94
2024-07-08 22:00:00,42.225,32.75
2024-07-08 23:00:00,30.045,30.4
2024-07-09 00:00:00,21.985,30.99
2024-07-09 01:00:00,20.698,28.8
2024-07-09 02:00:00,18.889,28.48
2024-07-09 03:00:00,14.692,26.88
2024-07-09 04:00:00,15.959,26.38
2024-07-09 05:00:00,17.054,25.14
2024-07-09 06:00:00,23.484,21.88
2024-07-09 07:00:00,29.492,24.03
2024-07-09 08:00:00,32.948,24.25
2024-07-09 09:00:00,39.983,24.24
2024-07-09 10:00:00,42.637,24.26
2024-07-09 11:00:00,40.951,26.37
2024-07-09 12:00:00,39.929,26.24
2024-07-09 13:00:00,38.388,27.42
2024-07-09 14:00:00,37.17,29.08
2024-07-09 15:00:00,37.723,29.7
2024-07-09 16:00:00,38.813,29.77
2024-07-09 17:00:00,42.448,29.47
2024-07-09 18:00:00,46.61,31.76
2024-07-09 19:00:00,49.558,33.2
2024-07-09 20:00:00,52.117,32.46
2024-07-09 21:00:00,48.068,33.24
2024-07-09 22:00:00,39.327,32.26
2024-07-09 23:00:00,32.107,32.46
2024-07-10 00:00:00,21.549,30.26
2024-07-10 01:00:00,19.887,29.79
2024-07-10 02:00:00,16.56,28.66
2024-07-10 03:00:00,18.657,28.29
2024-07-10 04:00:00,17.555,24.64
2024-07-10 05:00:00,18.066,24.71
2024-07-10 06:00:00,21.996,25.04
2024-07-10 07:00:00,30.169,25.15
2024-07-10 08:00:00,34.576,23.95
2024-07-10 09:00:00,42.597,23.68
2024-07-10 10:00:00,41.195,24.97
2024-07-10 11:00:00,42.555,25.78
2024-07-10 12:00:00,39.592,25.73
2024-07-10 13:00:00,40.372,27.36
2024-07-10 14:00:00,37.5,29.21
2024-07-10 15:00:00,37.759,30.94
2024-07-10 16:00:00,39.581,31.11
2024-07-10 17:00:00,42.495,31.49
2024-07-10 18:00:00,47.023,32.12
2024-07-10 19:00:00,48.973,33.06
2024-07-10 20:00:00,51.087,32.68
2024-07-10 21:00:00,49.723,32.77
2024-07-10 22:00:00,40.081,31.32
2024-07-10 23:00:00,32.204,32.49
2024-07-11 00:00:00,21.196,29.61
2024-07-11 01:00:00,19.59,29.1
2024-07-11 02:00:00,17.936,28.36
2024-07-11 03:00:00,16.026,28.71
2024-07-11 04:00:00,16.564,25.69
2024-07-11 05:00:00,18.508,24.57
2024-07-11 06:00:00,22.845,23.94
2024-07-11 07:00:00,30.674,25.26
2024-07-11 08:00:00,36.73,21.53
2024-07-11 09:00:00,40.586,23.14
2024-07-11 10:00:00,41.042,26.57
2024-07-11 11:00:00,39.959,25.58
2024-07-11 12:00:00,41.793,25.15
2024-07-11 13:00:00,37.73,27.09
2024-07-11 14:00:00,38.366,28.34
2024-07-11 15:00:00,38.108,30.13
2024-07-11 16:00:00,38.442,32.01
2024-07-11 17:00:00,40.798,31.79
2024-07-11 18:00:00,45.099,31.76
2024-07-11 19:00:00,48.913,33.27
2024-07-11 20:00:00,50.276,32.24
2024-07-11 21:00:00,49.804,31.82
2024-07-11 22:00:00,40.791,30.79
2024-07-11 23:00:00,31.086,30.23
2024-07-12 00:00:00,21.529,29.83
2024-07-12 01:00:00,20.061,28.52
2024-07-12 02:00:00,17.498,28.55
2024-07-12 03:00:00,17.75,26.18
2024-07-12 04:00:00,15.533,23.54
2024-07-12 05:00:00,19.555,24.29
2024-07-12 06:00:00,22.941,24.03
2024-07-12 07:00:00,29.021,23.48
2024-07-12 08:00:00,34.993,25.03
2024-07-12 09:00:00,39.038,23.47
2024-07-12 10:00:00,40.12,25.12
2024-07-12 11:00:00,40.022,25.12
2024-07-12 12:00:00,40.379,26.03
2024-07-12 13:00:00,37.779,26.48
2024-07-12 14:00:00,36.671,28.27
2024-07-12 15:00:00,36.813,28.87
2024-07-12 16:00:00,38.367,30.7
2024-07-12 17:00:00,41.468,31.31
2024-07-12 18:00:00,45.769,31.46
2024-07-12 19:00:00,50.523,33.46
2024-07-12 20:00:00,52.274,33.16
2024-07-12 21:00:00,50.496,32.31
2024-07-12 22:00:00,39.143,32.34
2024-07-12 23:00:00,30.747,31.44
2024-07-13 00:00:00,18.919,29.88
2024-07-13 01:00:00,16.01,29.55
2024-07-13 02:00:00,16.051,27.83
2024-07-13 03:00:00,14.517,26.41
2024-07-13 04:00:00,15.916,24.78
2024-07-13 05:00:00,16.67,24.86
2024-07-13 06:00:00,20.59,24.89
2024-07-13 07:00:00,24.289,23.43
2024-07-13 08:00:00,30.246,25.85
2024-07-13 09:00:00,33.935,24.7
2024-07-13 10:00:00,34.011,25.48
2024-07-13 11:00:00,36.181,25.79
2024-07-13 12:00:00,34.573,27.57
2024-07-13 13:00:00,32.594,26.55
2024-07-13 14:00:00,33.843,26.29
2024-07-13 15:00:00,31.436,29.15
2024-07-13 16:00:00,31.071,31.04
2024-07-13 17:00:00,36.575,31.65
2024-07-13 18:00:00,37.711,32.46
2024-07-13 19:00:00,41.85,33.75
2024-07-13 20:00:00,43.56,33.15
2024-07-13 21:00:00,41.576,33.33
2024-07-13 22:00:00,35.545,31.5
2024-07-13 23:00:00,27.469,30.66
2024-07-14 00:00:00,18.768,31.89
2024-07-14 01:00:00,15.666,29.6
2024-07-14 02:00:00,15.473,27.86
2024-07-14 03:00:00,12.77,26.69
2024-07-14 04:00:00,15.899,25.59
2024-07-14 05:00:00,14.175,24.61
2024-07-14 06:00:00,19.154,23.43
2024-07-14 07:00:00,23.364,22.81
2024-07-14 08:00:00,29.6,23.7
2024-07-14 09:00:00,34.26,23.54
2024-07-14 10:00:00,35.008,25.35
2024-07-14 11:00:00,35.847,25.42
2024-07-14 12:00:00,34.044,26.33
2024-07-14 13:00:00,32.474,26.61
2024-07-14 14:00:00,32.376,28.27
2024-07-14 15:00:00,33.323,29.82
2024-07-14 16:00:00,33.873,31.19
2024-07-14 17:00:00,34.385,31.48
2024-07-14 18:00:00,38.321,33.13
2024-07-14 19:00:00,42.534,32.72
2024-07-14 20:00:00,43.71,33.51
2024-07-14 21:00:00,40.111,32.33
2024-07-14 22:00:00,35.444,30.82
2024-07-14 23:00:00,25.968,31.77
2024-07-15 00:00:00,22.75,31.21
2024-07-15 01:00:00,19.92,30.0
2024-07-15 02:00:00,16.695,28.72
2024-07-15 03:00:00,16.29,26.94
2024-07-15 04:00:00,16.273,25.49
2024-07-15 05:00:00,18.523,25.64
2024-07-15 06:00:00,22.742,24.83
2024-07-15 07:00:00,27.902,23.59
2024-07-15 08:00:00,34.278,24.77
2024-07-15 09:00:00,40.85,23.33
2024-07-15 10:00:00,42.112,24.02
2024-07-15 11:00:00,40.908,26.52
2024-07-15 12:00:00,40.056,26.83
2024-07-15 13:00:00,38.129,26.94
2024-07-15 14:00:00,38.438,28.62
2024-07-15 15:00:00,40.329,29.68
2024-07-15 16:00:00,39.958,28.45
2024-07-15 17:00:00,41.526,30.85
2024-07-15 18:00:00,45.366,32.25
2024-07-15 19:00:00,46.552,32.46
2024-07-15 20:00:00,52.09,33.1
2024-07-15 21:00:00,49.252,33.65
2024-07-15 22:00:00,40.245,32.04
2024-07-15 23:00:00,30.16,30.74
2024-07-16 00:00:00,20.242,30.91
2024-07-16 01:00:00,19.833,29.31
2024-07-16 02:00:00,17.759,28.28
2024-07-16 03:00:00,17.535,27.01
2024-07-16 04:00:00,16.918,27.95
2024-07-16 05:00:00,19.346,23.43
2024-07-16 06:00:00,23.327,24.2
2024-07-16 07:00:00,29.915,24.06
2024-07-16 08:00:00,33.569,23.29
2024-07-16 09:00:00,39.031,24.78
2024-07-16 10:00:00,41.448,25.17
2024-07-16 11:00:00,41.901,25.19
2024-07-16 12:00:00,41.698,25.95
2024-07-16 13:00:00,38.592,27.16
2024-07-16 14:00:00,37.626,28.33
2024-07-16 15:00:00,35.746,29.52
2024-07-16 16:00:00,39.641,30.52
2024-07-16 17:00:00,41.259,31.8
2024-07-16 18:00:00,48.918,32.92
2024-07-16 19:00:00,48.716,31.78
2024-07-16 20:00:00,53.147,32.08
2024-07-16 21:00:00,49.213,31.37
2024-07-16 22:00:00,39.751,33.01
2024-07-16 23:00:00,31.857,31.81
2024-07-17 00:00:00,22.207,31.08
2024-07-17 01:00:00,19.15,28.45
2024-07-17 02:00:00,18.705,29.86
2024-07-17 03:00:00,17.662,26.78
2024-07-17 04:00:00,17.438,26.32
2024-07-17 05:00:00,18.343,25.93
2024-07-17 06:00:00,21.752,23.75
2024-07-17 07:00:00,28.992,23.65
2024-07-17 08:00:00,35.88,24.08
2024-07-17 09:00:00,38.376,26.38
2024-07-17 10:00:00,41.993,24.78
2024-07-17 11:00:00,40.701,26.54
2024-07-17 12:00:00,38.457,27.15
2024-07-17 13:00:00,38.42,27.57
2024-07-17 14:00:00,37.932,27.65
2024-07-17 15:00:00,39.709,30.45
2024-07-17 16:00:00,38.985,29.49
2024-07-17 17:00:00,42.877,32.91
2024-07-17 18:00:00,45.78,32.5
2024-07-17 19:00:00,47.559,30.67
2024-07-17 20:00:00,51.686,32.67
2024-07-17 21:00:00,47.779,33.32
2024-07-17 22:00:00,40.458,32.16
2024-07-17 23:00:00,30.546,32.2
2024-07-18 00:00:00,21.494,30.02
2024-07-18 01:00:00,20.466,28.57
2024-07-18 02:00:00,18.801,28.4
2024-07-18 03:00:00,18.448,27.31
2024-07-18 04:00:00,18.593,25.93
2024-07-18 05:00:00,16.273,26.26
2024-07-18 06:00:00,21.733,23.88
2024-07-18 07:00:00,27.226,24.36
2024-07-18 08:00:00,36.345,24.01
2024-07-18 09:00:00,39.583,22.87
2024-07-18 10:00:00,41.321,23.51
2024-07-18 11:00:00,40.579,25.29
2024-07-18 12:00:00,40.17,27.8
2024-07-18 13:00:00,37.245,27.76
2024-07-18 14:00:00,36.966,27.09
2024-07-18 15:00:00,37.741,27.14
2024-07-18 16:00:00,39.983,31.3
2024-07-18 17:00:00,41.794,31.57
2024-07-18 18:00:00,45.093,33.28
2024-07-18 19:00:00,47.279,32.11
2024-07-18 20:00:00,51.972,33.25
2024-07-18 21:00:00,47.699,33.5
2024-07-18 22:00:00,39.63,32.01
2024-07-18 23:00:00,29.87,31.32
2024-07-19 00:00:00,19.952,30.75
2024-07-19 01:00:00,18.4,30.08
2024-07-19 02:00:00,17.606,28.47
2024-07-19 03:00:00,15.597,28.09
2024-07-19 04:00:00,17.019,25.86
2024-07-19 05:00:00,18.109,24.24
2024-07-19 06:00:00,25.216,26.17
2024-07-19 07:00:00,27.331,23.65
2024-07-19 08:00:00,35.865,23.53
2024-07-19 09:00:00,40.467,24.09
2024-07-19 10:00:00,40.769,24.64
2024-07-19 11:00:00,40.897,25.0
2024-07-19 12:00:00,40.565,26.22
2024-07-19 13:00:00,38.858,27.29
2024-07-19 14:00:00,39.662,28.63
2024-07-19 15:00:00,35.519,27.77
2024-07-19 16:00:00,37.901,32.25
2024-07-19 17:00:00,43.325,31.56
2024-07-19 18:00:00,46.83,32.86
2024-07-19 19:00:00,50.021,31.74
2024-07-19 20:00:00,52.258,32.62
2024-07-19 21:00:00,46.495,32.31
2024-07-19 22:00:00,41.612,33.57
2024-07-19 23:00:00,32.706,31.21
2024-07-20 00:00:00,17.535,31.36
2024-07-20 01:00:00,19.155,29.15
2024-07-20 02:00:00,15.373,28.14
2024-07-20 03:00:00,12.069,27.14
2024-07-20 04:00:00,14.694,27.28
2024-07-20 05:00:00,14.872,23.81
2024-07-20 06:00:00,20.696,23.56
2024-07-20 07:00:00,25.268,22.6
2024-07-20 08:00:00,29.735,23.14
2024-07-20 09:00:00,35.779,23.51
2024-07-20 10:00:00,36.505,23.32
2024-07-20 11:00:00,33.836,24.74
2024-07-20 12:00:00,33.658,24.65
2024-07-20 13:00:00,33.473,26.53
2024-07-20 14:00:00,32.141,29.47
2024-07-20 15:00:00,31.738,30.0
2024-07-20 16:00:00,32.983,30.92
2024-07-20 17:00:00,34.46,30.9
2024-07-20 18:00:00,36.738,31.19
2024-07-20 19:00:00,42.293,31.95
2024-07-20 20:00:00,41.321,32.99
2024-07-20 21:00:00,40.17,33.56
2024-07-20 22:00:00,32.873,33.14
2024-07-20 23:00:00,25.196,32.21
2024-07-21 00:00:00,18.642,30.18
2024-07-21 01:00:00,16.246,29.71
2024-07-21 02:00:00,14.909,28.27
2024-07-21 03:00:00,12.963,27.2
2024-07-21 04:00:00,13.637,27.91
2024-07-21 05:00:00,15.99,23.94
2024-07-21 06:00:00,19.454,24.45
2024-07-21 07:00:00,25.549,25.15
2024-07-21 08:00:00,31.329,22.86
2024-07-21 09:00:00,33.989,23.67
2024-07-21 10:00:00,33.658,24.21
2024-07-21 11:00:00,33.908,25.17
2024-07-21 12:00:00,33.713,25.01
2024-07-21 13:00:00,32.154,27.85
2024-07-21 14:00:00,31.437,29.07
2024-07-21 15:00:00,32.15,30.11
2024-07-21 16:00:00,35.425,30.09
2024-07-21 17:00:00,35.049,31.79
2024-07-21 18:00:00,39.012,31.72
2024-07-21 19:00:00,40.711,32.62
2024-07-21 20:00:00,44.618,34.77
2024-07-21 21:00:00,42.075,32.97
2024-07-21 22:00:00,35.502,31.49
2024-07-21 23:00:00,28.264,31.87
2024-07-22 00:00:00,20.984,29.72
2024-07-22 01:00:00,19.072,28.76
2024-07-22 02:00:00,19.594,27.72
2024-07-22 03:00:00,17.475,27.03
2024-07-22 04:00:00,14.566,27.05
2024-07-22 05:00:00,18.824,25.83
2024-07-22 06:00:00,22.357,25.08
2024-07-22 07:00:00,29.986,23.33
2024-07-22 08:00:00,36.116,23.62
2024-07-22 09:00:00,38.515,24.43
2024-07-22 10:00:00,42.094,24.16
2024-07-22 11:00:00,41.015,25.15
2024-07-22 12:00:00,40.151,26.66
2024-07-22 13:00:00,39.347,27.12
2024-07-22 14:00:00,39.776,28.74
2024-07-22 15:00:00,38.162,31.0
2024-07-22 16:00:00,38.783,30.68
2024-07-22 17:00:00,42.991,32.69
2024-07-22 18:00:00,48.188,32.91
2024-07-22 19:00:00,50.403,31.74
2024-07-22 20:00:00,51.21,32.19
2024-07-22 21:00:00,48.891,32.25
2024-07-22 22:00:00,41.061,31.78
2024-07-22 23:00:00,31.639,31.68
2024-07-23 00:00:00,23.628,31.31
2024-07-23 01:00:00,18.616,30.74
2024-07-23 02:00:00,19.028,28.82
2024-07-23 03:00:00,16.702,27.05
2024-07-23 04:00:00,15.32,24.66
2024-07-23 05:00:00,18.168,25.45
2024-07-23 06:00:00,22.392,24.7
2024-07-23 07:00:00,29.659,24.38
2024-07-23 08:00:00,35.793,25.77
2024-07-23 09:00:00,39.248,25.23
2024-07-23 10:00:00,43.32,25.31
2024-07-23 11:00:00,41.912,24.63
2024-07-23 12:00:00,41.398,25.92
2024-07-23 13:00:00,39.002,27.34
2024-07-23 14:00:00,38.214,27.97
2024-07-23 15:00:00,38.458,30.15
2024-07-23 16:00:00,38.171,31.12
2024-07-23 17:00:00,41.953,30.9
2024-07-23 18:00:00,45.721,33.44
2024-07-23 19:00:00,47.98,33.02
2024-07-23 20:00:00,51.13,31.71
2024-07-23 21:00:00,48.0,32.9
2024-07-23 22:00:00,40.553,32.72
2024-07-23 23:00:00,31.991,32.56
2024-07-24 00:00:00,22.718,30.58
2024-07-24 01:00:00,18.514,30.42
2024-07-24 02:00:00,17.507,28.75
2024-07-24 03:00:00,16.05,26.38
2024-07-24 04:00:00,15.983,25.22
2024-07-24 05:00:00,17.754,26.32
2024-07-24 06:00:00,22.75,25.66
2024-07-24 07:00:00,29.668,24.51
2024-07-24 08:00:00,36.027,25.3
2024-07-24 09:00:00,39.212,25.1
2024-07-24 10:00:00,43.14,25.26
2024-07-24 11:00:00,41.763,24.7
2024-07-24 12:00:00,38.861,27.74
2024-07-24 13:00:00,40.009,27.87
2024-07-24 14:00:00,38.583,28.3
2024-07-24 15:00:00,37.58,29.24
2024-07-24 16:00:00,39.125,31.07
2024-07-24 17:00:00,41.794,30.46
2024-07-24 18:00:00,46.456,33.07
2024-07-24 19:00:00,49.661,32.2
2024-07-24 20:00:00,50.656,33.41
2024-07-24 21:00:00,46.384,32.55
2024-07-24 22:00:00,41.338,32.3
2024-07-24 23:00:00,31.239,31.2
2024-07-25 00:00:00,22.214,30.74
2024-07-25 01:00:00,19.871,31.3
2024-07-25 02:00:00,17.495,29.73
2024-07-25 03:00:00,17.873,27.74
2024-07-25 04:00:00,17.039,26.35
2024-07-25 05:00:00,18.527,26.12
2024-07-25 06:00:00,22.809,25.63
2024-07-25 07:00:00,30.787,23.62
2024-07-25 08:00:00,34.972,24.07
2024-07-25 09:00:00,39.961,22.82
2024-07-25 10:00:00,40.558,25.63
2024-07-25 11:00:00,41.541,27.1
2024-07-25 12:00:00,39.186,26.45
2024-07-25 13:00:00,38.281,25.77
2024-07-25 14:00:00,37.723,29.12
2024-07-25 15:00:00,37.804,29.08
2024-07-25 16:00:00,37.484,30.35
2024-07-25 17:00:00,39.532,32.32
2024-07-25 18:00:00,46.367,32.74
2024-07-25 19:00:00,47.314,32.59
2024-07-25 20:00:00,51.871,32.62
2024-07-25 21:00:00,50.04,33.09
2024-07-25 22:00:00,40.632,32.21
2024-07-25 23:00:00,32.945,30.94
2024-07-26 00:00:00,21.395,30.63
2024-07-26 01:00:00,21.011,30.08
2024-07-26 02:00:00,17.385,28.5
2024-07-26 03:00:00,14.418,26.35
2024-07-26 04:00:00,16.748,27.19
2024-07-26 05:00:00,20.102,23.28
2024-07-26 06:00:00,23.496,24.39
2024-07-26 07:00:00,28.544,23.81
2024-07-26 08:00:00,36.035,24.27
2024-07-26 09:00:00,41.281,24.75
2024-07-26 10:00:00,41.733,25.66
2024-07-26 11:00:00,43.479,24.9
2024-07-26 12:00:00,39.252,26.87
2024-07-26 13:00:00,39.783,27.65
2024-07-26 14:00:00,39.027,27.29
2024-07-26 15:00:00,37.026,31.34
2024-07-26 16:00:00,38.327,29.76
2024-07-26 17:00:00,42.858,32.18
2024-07-26 18:00:00,46.048,32.87
2024-07-26 19:00:00,49.815,33.23
2024-07-26 20:00:00,49.331,32.77
2024-07-26 21:00:00,49.119,33.67
2024-07-26 22:00:00,41.093,31.31
2024-07-26 23:00:00,31.555,31.79
2024-07-27 00:00:00,18.575,30.47
2024-07-27 01:00:00,16.056,29.29
2024-07-27 02:00:00,14.569,29.01
2024-07-27 03:00:00,14.059,28.37
2024-07-27 04:00:00,13.832,26.15
2024-07-27 05:00:00,17.83,26.11
2024-07-27 06:00:00,20.438,24.82
2024-07-27 07:00:00,23.722,23.61
2024-07-27 08:00:00,32.422,23.97
2024-07-27 09:00:00,33.805,24.09
2024-07-27 10:00:00,35.577,24.22
2024-07-27 11:00:00,35.595,25.84
2024-07-27 12:00:00,31.804,26.62
2024-07-27 13:00:00,32.704,26.24
2024-07-27 14:00:00,31.928,27.36
2024-07-27 15:00:00,32.288,30.19
2024-07-27 16:00:00,33.323,30.28
2024-07-27 17:00:00,35.468,32.11
2024-07-27 18:00:00,38.889,33.21
2024-07-27 19:00:00,43.136,32.01
2024-07-27 20:00:00,43.658,32.06
2024-07-27 21:00:00,41.225,34.37
2024-07-27 22:00:00,34.831,32.87
2024-07-27 23:00:00,28.75,31.54
2024-07-28 00:00:00,18.383,30.19
2024-07-28 01:00:00,15.948,29.45
2024-07-28 02:00:00,13.225,27.74
2024-07-28 03:00:00,12.843,28.23
2024-07-28 04:00:00,13.829,25.82
2024-07-28 05:00:00,15.495,26.39
2024-07-28 06:00:00,18.941,24.48
2024-07-28 07:00:00,25.068,23.51
2024-07-28 08:00:00,29.765,23.86
2024-07-28 09:00:00,33.314,22.25
2024-07-28 10:00:00,36.172,24.71
2024-07-28 11:00:00,36.077,25.38
2024-07-28 12:00:00,32.684,27.11
2024-07-28 13:00:00,33.195,26.03
2024-07-28 14:00:00,30.569,29.63
2024-07-28 15:00:00,30.575,30.53
2024-07-28 16:00:00,32.345,31.96
2024-07-28 17:00:00,36.705,31.85
2024-07-28 18:00:00,38.221,33.41
2024-07-28 19:00:00,41.217,31.88
2024-07-28 20:00:00,43.387,33.78
2024-07-28 21:00:00,41.22,32.44
2024-07-28 22:00:00,33.879,31.29
2024-07-28 23:00:00,28.903,30.99
2024-07-29 00:00:00,21.149,30.97
2024-07-29 01:00:00,19.496,29.22
2024-07-29 02:00:00,17.44,29.02
2024-07-29 03:00:00,17.279,26.1
2024-07-29 04:00:00,18.09,24.76
2024-07-29 05:00:00,20.057,26.63
2024-07-29 06:00:00,22.172,25.54
2024-07-29 07:00:00,30.193,23.53
2024-07-29 08:00:00,36.261,24.22
2024-07-29 09:00:00,41.284,25.19
2024-07-29 10:00:00,41.726,25.16
2024-07-29 11:00:00,40.609,25.66
2024-07-29 12:00:00,40.734,27.35
2024-07-29 13:00:00,39.734,26.98
2024-07-29 14:00:00,39.847,28.75
2024-07-29 15:00:00,37.943,29.88
2024-07-29 16:00:00,38.651,30.76
2024-07-29 17:00:00,39.311,31.6
2024-07-29 18:00:00,44.257,32.68
2024-07-29 19:00:00,49.068,33.1
2024-07-29 20:00:00,49.877,32.39
2024-07-29 21:00:00,49.28,33.72
2024-07-29 22:00:00,39.464,31.85
2024-07-29 23:00:00,31.109,31.74
2024-07-30 00:00:00,20.949,30.75
2024-07-30 01:00:00,20.609,30.19
2024-07-30 02:00:00,17.23,27.04
2024-07-30 03:00:00,17.291,28.29
2024-07-30 04:00:00,17.03,25.95
2024-07-30 05:00:00,19.281,26.53
2024-07-30 06:00:00,23.817,24.46
2024-07-30 07:00:00,29.036,24.36
2024-07-30 08:00:00,33.97,25.77
2024-07-30 09:00:00,40.054,24.17
2024-07-30 10:00:00,41.8,25.84
2024-07-30 11:00:00,41.092,25.59
2024-07-30 12:00:00,39.028,26.83
2024-07-30 13:00:00,39.924,27.64
2024-07-30 14:00:00,38.264,29.43
2024-07-30 15:00:00,36.801,29.37
2024-07-30 16:00:00,38.293,30.21
2024-07-30 17:00:00,43.787,31.42
2024-07-30 18:00:00,46.578,32.73
2024-07-30 19:00:00,50.539,32.92
2024-07-30 20:00:00,49.938,33.82
2024-07-30 21:00:00,47.747,34.15
2024-07-30 22:00:00,40.105,31.87
2024-07-30 23:00:00,31.808,31.35
2024-07-31 00:00:00,21.243,29.86
2024-07-31 01:00:00,18.881,31.55
2024-07-31 02:00:00,17.479,29.0
2024-07-31 03:00:00,16.02,27.98
2024-07-31 04:00:00,16.647,25.44
2024-07-31 05:00:00,19.495,25.58
2024-07-31 06:00:00,21.407,25.27
2024-07-31 07:00:00,29.423,24.22
2024-07-31 08:00:00,37.108,25.13
2024-07-31 09:00:00,40.103,26.27
2024-07-31 10:00:00,41.281,24.11
2024-07-31 11:00:00,41.743,24.77
2024-07-31 12:00:00,38.776,25.82
2024-07-31 13:00:00,38.737,28.89
2024-07-31 14:00:00,37.189,29.6
2024-07-31 15:00:00,35.832,29.83
2024-07-31 16:00:00,38.605,31.05
2024-07-31 17:00:00,40.531,31.3
2024-07-31 18:00:00,45.888,33.38
2024-07-31 19:00:00,50.607,32.82
2024-07-31 20:00:00,52.891,33.07
2024-07-31 21:00:00,48.545,33.61
2024-07-31 22:00:00,41.84,32.52
2024-07-31 23:00:00,32.027,31.77
2024-08-01 00:00:00,21.029,31.04
2024-08-01 01:00:00,17.417,30.58
2024-08-01 02:00:00,19.509,30.1
2024-08-01 03:00:00,15.76,28.09
2024-08-01 04:00:00,18.24,27.18
2024-08-01 05:00:00,18.908,25.44
2024-08-01 06:00:00,21.954,24.32
2024-08-01 07:00:00,29.388,24.96
2024-08-01 08:00:00,37.876,24.42
2024-08-01 09:00:00,41.856,23.3
2024-08-01 10:00:00,41.297,24.63
2024-08-01 11:00:00,40.074,25.54
2024-08-01 12:00:00,39.882,26.13
2024-08-01 13:00:00,38.591,28.81
2024-08-01 14:00:00,39.474,29.18
2024-08-01 15:00:00,38.494,31.06
2024-08-01 16:00:00,37.034,31.26
2024-08-01 17:00:00,42.288,32.04
2024-08-01 18:00:00,45.717,31.94
2024-08-01 19:00:00,49.508,33.15
2024-08-01 20:00:00,51.254,33.31
2024-08-01 21:00:00,49.673,32.05
2024-08-01 22:00:00,41.797,32.27
2024-08-01 23:00:00,30.855,31.72
2024-08-02 00:00:00,21.36,31.38
2024-08-02 01:00:00,18.923,30.34
2024-08-02 02:00:00,16.135,28.34
2024-08-02 03:00:00,16.718,28.01
2024-08-02 04:00:00,18.712,26.41
2024-08-02 05:00:00,16.614,23.33
2024-08-02 06:00:00,22.925,24.52
2024-08-02 07:00:00,29.013,25.32
2024-08-02 08:00:00,35.993,22.96
2024-08-02 09:00:00,39.308,24.55
2024-08-02 10:00:00,40.366,26.18
2024-08-02 11:00:00,39.394,25.02
2024-08-02 12:00:00,41.138,26.56
2024-08-02 13:00:00,37.758,26.61
2024-08-02 14:00:00,37.74,30.12
2024-08-02 15:00:00,39.887,29.91
2024-08-02 16:00:00,38.011,31.1
2024-08-02 17:00:00,42.169,33.08
2024-08-02 18:00:00,46.985,33.24
2024-08-02 19:00:00,50.506,32.46
2024-08-02 20:00:00,49.642,32.8
2024-08-02 21:00:00,47.722,33.56
2024-08-02 22:00:00,41.108,32.22
2024-08-02 23:00:00,33.588,30.31
2024-08-03 00:00:00,17.43,31.03
2024-08-03 01:00:00,15.97,28.8
2024-08-03 02:00:00,15.6,30.12
2024-08-03 03:00:00,14.938,27.8
2024-08-03 04:00:00,14.999,25.85
2024-08-03 05:00:00,14.743,25.09
2024-08-03 06:00:00,18.965,23.42
2024-08-03 07:00:00,24.929,23.6
2024-08-03 08:00:00,31.633,25.14
2024-08-03 09:00:00,34.003,26.27
2024-08-03 10:00:00,35.524,25.52
2024-08-03 11:00:00,33.634,25.58
2024-08-03 12:00:00,35.713,26.24
2024-08-03 13:00:00,33.103,26.91
2024-08-03 14:00:00,33.612,30.48
2024-08-03 15:00:00,32.109,29.85
2024-08-03 16:00:00,33.033,32.78
2024-08-03 17:00:00,34.017,33.14
2024-08-03 18:00:00,36.821,31.34
2024-08-03 19:00:00,43.326,32.65
2024-08-03 20:00:00,43.43,32.81
2024-08-03 21:00:00,41.393,33.12
2024-08-03 22:00:00,33.406,32.69
2024-08-03 23:00:00,25.956,34.42
2024-08-04 00:00:00,19.291,30.23
2024-08-04 01:00:00,18.248,30.19
2024-08-04 02:00:00,14.539,29.34
2024-08-04 03:00:00,14.99,27.68
2024-08-04 04:00:00,14.499,26.69
2024-08-04 05:00:00,15.483,24.83
2024-08-04 06:00:00,21.396,25.04
2024-08-04 07:00:00,24.247,24.91
2024-08-04 08:00:00,31.611,24.61
2024-08-04 09:00:00,34.636,24.96
2024-08-04 10:00:00,35.53,26.09
2024-08-04 11:00:00,36.079,26.42
2024-08-04 12:00:00,34.109,26.66
2024-08-04 13:00:00,32.848,26.75
2024-08-04 14:00:00,33.92,28.38
2024-08-04 15:00:00,33.353,29.85
2024-08-04 16:00:00,34.172,31.31
2024-08-04 17:00:00,31.581,31.66
2024-08-04 18:00:00,39.464,32.01
2024-08-04 19:00:00,42.266,32.26
2024-08-04 20:00:00,43.314,32.04
2024-08-04 21:00:00,41.804,33.02
2024-08-04 22:00:00,34.946,31.59
2024-08-04 23:00:00,27.568,31.25
2024-08-05 00:00:00,21.147,30.8
2024-08-05 01:00:00,20.908,28.96
2024-08-05 02:00:00,18.645,29.17
2024-08-05 03:00:00,17.383,28.3
2024-08-05 04:00:00,17.334,26.18
2024-08-05 05:00:00,19.54,25.34
2024-08-05 06:00:00,23.992,25.4
2024-08-05 07:00:00,28.955,23.95
2024-08-05 08:00:00,36.71,23.75
2024-08-05 09:00:00,40.468,25.48
2024-08-05 10:00:00,43.775,25.68
2024-08-05 11:00:00,41.92,26.17
2024-08-05 12:00:00,39.142,27.37
2024-08-05 13:00:00,41.137,26.13
2024-08-05 14:00:00,36.106,29.96
2024-08-05 15:00:00,38.39,30.36
2024-08-05 16:00:00,38.05,31.94
2024-08-05 17:00:00,43.74,32.37
2024-08-05 18:00:00,46.158,32.82
2024-08-05 19:00:00,48.66,33.01
2024-08-05 20:00:00,50.728,33.68
2024-08-05 21:00:00,47.722,32.98
2024-08-05 22:00:00,40.488,33.48
2024-08-05 23:00:00,31.285,30.8
2024-08-06 00:00:00,20.654,30.7
2024-08-06 01:00:00,19.655,31.69
2024-08-06 02:00:00,18.249,28.39
2024-08-06 03:00:00,15.814,27.53
2024-08-06 04:00:00,15.139,25.93
2024-08-06 05:00:00,18.677,25.98
2024-08-06 06:00:00,23.493,24.41
2024-08-06 07:00:00,29.815,24.4
2024-08-06 08:00:00,36.262,25.07
2024-08-06 09:00:00,41.894,23.99
2024-08-06 10:00:00,42.837,25.63
2024-08-06 11:00:00,43.533,26.37
2024-08-06 12:00:00,42.943,27.49
2024-08-06 13:00:00,36.967,27.85
2024-08-06 14:00:00,36.009,31.49
2024-08-06 15:00:00,37.732,30.91
2024-08-06 16:00:00,39.274,31.41
2024-08-06 17:00:00,41.743,31.38
2024-08-06 18:00:00,46.618,32.72
2024-08-06 19:00:00,49.194,34.39
2024-08-06 20:00:00,50.292,34.77
2024-08-06 21:00:00,47.896,34.43
2024-08-06 22:00:00,40.596,33.43
2024-08-06 23:00:00,32.48,31.08
2024-08-07 00:00:00,20.924,31.55
2024-08-07 01:00:00,19.085,29.08
2024-08-07 02:00:00,18.432,27.72
2024-08-07 03:00:00,16.627,27.94
2024-08-07 04:00:00,17.969,27.08
2024-08-07 05:00:00,17.422,26.45
2024-08-07 06:00:00,21.791,25.41
2024-08-07 07:00:00,29.381,24.99
2024-08-07 08:00:00,36.112,23.63
2024-08-07 09:00:00,39.408,24.48
2024-08-07 10:00:00,43.19,23.81
2024-08-07 11:00:00,42.763,24.13
2024-08-07 12:00:00,39.14,27.26
2024-08-07 13:00:00,40.277,27.15
2024-08-07 14:00:00,35.82,29.62
2024-08-07 15:00:00,38.838,30.97
2024-08-07 16:00:00,37.885,30.68
2024-08-07 17:00:00,42.816,32.58
2024-08-07 18:00:00,44.919,32.29
2024-08-07 19:00:00,49.4,31.79
2024-08-07 20:00:00,50.174,33.52
2024-08-07 21:00:00,48.232,32.9
2024-08-07 22:00:00,42.667,32.47
2024-08-07 23:00:00,31.51,33.69
2024-08-08 00:00:00,23.573,29.96
2024-08-08 01:00:00,18.986,30.4
2024-08-08 02:00:00,19.372,28.13
2024-08-08 03:00:00,15.172,28.49
2024-08-08 04:00:00,16.538,26.92
2024-08-08 05:00:00,17.813,26.05
2024-08-08 06:00:00,24.518,24.28
2024-08-08 07:00:00,29.259,23.97
2024-08-08 08:00:00,33.57,25.18
2024-08-08 09:00:00,38.954,26.01
2024-08-08 10:00:00,40.787,25.42
2024-08-08 11:00:00,41.753,25.04
2024-08-08 12:00:00,40.601,26.96
2024-08-08 13:00:00,38.454,29.72
2024-08-08 14:00:00,37.691,29.02
2024-08-08 15:00:00,38.471,31.27
2024-08-08 16:00:00,37.608,30.6
2024-08-08 17:00:00,42.287,32.09
2024-08-08 18:00:00,46.28,33.34
2024-08-08 19:00:00,49.19,33.61
2024-08-08 20:00:00,51.406,32.83
2024-08-08 21:00:00,48.554,32.64
2024-08-08 22:00:00,41.307,33.63
2024-08-08 23:00:00,30.259,33.08
2024-08-09 00:00:00,22.047,32.41
2024-08-09 01:00:00,20.427,31.56
2024-08-09 02:00:00,18.177,29.06
2024-08-09 03:00:00,17.443,27.54
2024-08-09 04:00:00,16.718,27.78
2024-08-09 05:00:00,19.269,26.34
2024-08-09 06:00:00,23.017,24.27
2024-08-09 07:00:00,27.899,23.78
2024-08-09 08:00:00,36.537,24.85
2024-08-09 09:00:00,38.623,24.47
2024-08-09 10:00:00,42.108,25.04
2024-08-09 11:00:00,40.408,26.63
2024-08-09 12:00:00,39.323,27.32
2024-08-09 13:00:00,38.935,28.86
2024-08-09 14:00:00,37.527,27.41
2024-08-09 15:00:00,38.262,30.33
2024-08-09 16:00:00,38.818,31.77
2024-08-09 17:00:00,41.19,30.92
2024-08-09 18:00:00,47.265,32.34
2024-08-09 19:00:00,49.679,32.64
2024-08-09 20:00:00,51.643,33.48
2024-08-09 21:00:00,49.895,34.61
2024-08-09 22:00:00,42.228,34.48
2024-08-09 23:00:00,32.211,31.5
2024-08-10 00:00:00,17.898,31.64
2024-08-10 01:00:00,15.015,30.58
2024-08-10 02:00:00,15.383,29.28
2024-08-10 03:00:00,15.422,28.12
2024-08-10 04:00:00,14.667,26.96
2024-08-10 05:00:00,12.093,27.14
2024-08-10 06:00:00,20.395,25.96
2024-08-10 07:00:00,25.66,23.78
2024-08-10 08:00:00,30.038,25.11
2024-08-10 09:00:00,35.255,25.34
2024-08-10 10:00:00,36.188,25.33
2024-08-10 11:00:00,33.981,26.7
2024-08-10 12:00:00,35.11,26.88
2024-08-10 13:00:00,31.653,27.97
2024-08-10 14:00:00,32.454,29.08
2024-08-10 15:00:00,31.919,28.53
2024-08-10 16:00:00,32.104,31.17
2024-08-10 17:00:00,35.857,31.63
2024-08-10 18:00:00,40.352,31.93
2024-08-10 19:00:00,43.322,34.48
2024-08-10 20:00:00,44.088,33.89
2024-08-10 21:00:00,39.453,33.31
2024-08-10 22:00:00,33.317,32.43
2024-08-10 23:00:00,27.046,32.41
2024-08-11 00:00:00,18.172,32.03
2024-08-11 01:00:00,15.965,29.49
2024-08-11 02:00:00,17.116,28.99
2024-08-11 03:00:00,14.413,28.52
2024-08-11 04:00:00,14.859,25.19
2024-08-11 05:00:00,16.614,25.76
2024-08-11 06:00:00,19.564,24.75
2024-08-11 07:00:00,27.352,24.54
2024-08-11 08:00:00,29.386,24.09
2024-08-11 09:00:00,33.628,24.76
2024-08-11 10:00:00,34.585,26.64
2024-08-11 11:00:00,36.274,25.56
2024-08-11 12:00:00,34.631,26.98
2024-08-11 13:00:00,32.391,29.43
2024-08-11 14:00:00,31.631,28.56
2024-08-11 15:00:00,33.492,31.62
2024-08-11 16:00:00,33.315,31.25
2024-08-11 17:00:00,36.986,33.61
2024-08-11 18:00:00,38.954,33.5
2024-08-11 19:00:00,42.571,33.6
2024-08-11 20:00:00,43.656,33.45
2024-08-11 21:00:00,40.546,32.85
2024-08-11 22:00:00,34.533,32.96
2024-08-11 23:00:00,25.669,32.91
2024-08-12 00:00:00,21.924,31.25
2024-08-12 01:00:00,20.156,29.92
2024-08-12 02:00:00,18.86,28.81
2024-08-12 03:00:00,17.51,28.64
2024-08-12 04:00:00,16.699,27.74
2024-08-12 05:00:00,19.943,25.3
2024-08-12 06:00:00,23.86,24.58
2024-08-12 07:00:00,30.486,24.97
2024-08-12 08:00:00,37.18,25.74
2024-08-12 09:00:00,40.162,25.58
2024-08-12 10:00:00,42.216,24.12
2024-08-12 11:00:00,41.59,25.62
2024-08-12 12:00:00,38.608,26.02
2024-08-12 13:00:00,37.61,27.64
2024-08-12 14:00:00,36.925,30.3
2024-08-12 15:00:00,37.63,29.05
2024-08-12 16:00:00,38.42,29.97
2024-08-12 17:00:00,40.356,31.54
2024-08-12 18:00:00,46.052,33.15
2024-08-12 19:00:00,49.372,33.87
2024-08-12 20:00:00,52.206,33.87
2024-08-12 21:00:00,50.503,34.31
2024-08-12 22:00:00,41.266,31.51
2024-08-12 23:00:00,30.909,33.16
2024-08-13 00:00:00,22.08,31.03
2024-08-13 01:00:00,19.389,30.78
2024-08-13 02:00:00,17.605,27.97
2024-08-13 03:00:00,15.951,27.87
2024-08-13 04:00:00,16.356,26.97
2024-08-13 05:00:00,18.179,26.77
2024-08-13 06:00:00,23.77,23.87
2024-08-13 07:00:00,29.591,24.71
2024-08-13 08:00:00,37.562,23.66
2024-08-13 09:00:00,40.978,25.09
2024-08-13 10:00:00,42.253,25.76
2024-08-13 11:00:00,40.488,26.88
2024-08-13 12:00:00,38.722,26.36
2024-08-13 13:00:00,38.179,28.61
2024-08-13 14:00:00,37.536,30.13
2024-08-13 15:00:00,35.128,28.89
2024-08-13 16:00:00,37.731,31.78
2024-08-13 17:00:00,43.454,32.99
2024-08-13 18:00:00,46.276,32.73
2024-08-13 19:00:00,49.086,32.42
2024-08-13 20:00:00,51.406,34.3
2024-08-13 21:00:00,46.458,32.43
2024-08-13 22:00:00,41.088,32.8
2024-08-13 23:00:00,32.923,32.19
2024-08-14 00:00:00,21.296,31.87
2024-08-14 01:00:00,17.573,29.71
2024-08-14 02:00:00,17.428,28.5
2024-08-14 03:00:00,18.135,27.96
2024-08-14 04:00:00,17.094,27.6
2024-08-14 05:00:00,16.913,27.7
2024-08-14 06:00:00,25.365,23.95
2024-08-14 07:00:00,27.791,24.96
2024-08-14 08:00:00,35.452,23.68
2024-08-14 09:00:00,39.232,25.52
2024-08-14 10:00:00,40.763,24.4
2024-08-14 11:00:00,40.339,25.33
2024-08-14 12:00:00,40.429,26.33
2024-08-14 13:00:00,40.076,27.83
2024-08-14 14:00:00,37.856,29.31
2024-08-14 15:00:00,36.71,30.61
2024-08-14 16:00:00,39.248,31.3
2024-08-14 17:00:00,42.338,31.18
2024-08-14 18:00:00,46.145,33.54
2024-08-14 19:00:00,49.751,33.36
2024-08-14 20:00:00,50.885,34.49
2024-08-14 21:00:00,48.55,32.84
2024-08-14 22:00:00,40.615,31.68
2024-08-14 23:00:00,32.712,32.22
2024-08-15 00:00:00,23.693,32.35
2024-08-15 01:00:00,19.563,30.36
2024-08-15 02:00:00,17.843,28.9
2024-08-15 03:00:00,17.091,27.2
2024-08-15 04:00:00,16.159,28.22
2024-08-15 05:00:00,19.14,25.06
2024-08-15 06:00:00,23.4,24.59
2024-08-15 07:00:00,28.641,25.18
2024-08-15 08:00:00,36.62,23.08
2024-08-15 09:00:00,40.309,25.74
2024-08-15 10:00:00,40.831,25.67
2024-08-15 11:00:00,41.159,26.61
2024-08-15 12:00:00,40.022,27.27
2024-08-15 13:00:00,39.74,27.78
2024-08-15 14:00:00,39.098,28.22
2024-08-15 15:00:00,37.629,30.13
2024-08-15 16:00:00,38.278,30.54
2024-08-15 17:00:00,41.822,32.65
2024-08-15 18:00:00,46.271,33.62
2024-08-15 19:00:00,49.963,34.61
2024-08-15 20:00:00,51.307,33.88
2024-08-15 21:00:00,48.357,34.17
2024-08-15 22:00:00,41.817,32.74
2024-08-15 23:00:00,30.932,31.88
2024-08-16 00:00:00,23.949,31.71
2024-08-16 01:00:00,20.158,29.94
2024-08-16 02:00:00,16.7,29.3
2024-08-16 03:00:00,17.019,27.07
2024-08-16 04:00:00,17.618,26.13
2024-08-16 05:00:00,18.004,26.41
2024-08-16 06:00:00,21.425,25.9
2024-08-16 07:00:00,28.01,23.95
2024-08-16 08:00:00,36.253,25.12
2024-08-16 09:00:00,38.5,24.31
2024-08-16 10:00:00,40.342,25.2
2024-08-16 11:00:00,41.348,27.04
2024-08-16 12:00:00,39.553,27.49
2024-08-16 13:00:00,38.05,28.56
2024-08-16 14:00:00,37.745,30.62
2024-08-16 15:00:00,36.24,29.69
2024-08-16 16:00:00,39.254,30.55
2024-08-16 17:00:00,40.997,31.7
2024-08-16 18:00:00,45.354,32.79
2024-08-16 19:00:00,49.824,31.56
2024-08-16 20:00:00,50.738,33.43
2024-08-16 21:00:00,47.731,33.01
2024-08-16 22:00:00,38.771,33.62
2024-08-16 23:00:00,31.995,32.56
2024-08-17 00:00:00,18.288,30.87
2024-08-17 01:00:00,15.945,30.74
2024-08-17 02:00:00,14.114,29.68
2024-08-17 03:00:00,14.319,27.32
2024-08-17 04:00:00,14.796,26.46
2024-08-17 05:00:00,15.706,24.14
2024-08-17 06:00:00,21.178,24.33
2024-08-17 07:00:00,25.428,24.16
2024-08-17 08:00:00,30.236,24.66
2024-08-17 09:00:00,35.0,24.0
2024-08-17 10:00:00,35.597,24.8
2024-08-17 11:00:00,34.726,24.94
2024-08-17 12:00:00,35.135,26.99
2024-08-17 13:00:00,32.03,28.28
2024-08-17 14:00:00,32.536,29.43
2024-08-17 15:00:00,33.293,30.28
2024-08-17 16:00:00,33.261,30.13
2024-08-17 17:00:00,35.171,31.8
2024-08-17 18:00:00,37.275,32.68
2024-08-17 19:00:00,39.734,33.14
2024-08-17 20:00:00,45.468,33.67
2024-08-17 21:00:00,41.497,34.6
2024-08-17 22:00:00,34.084,33.66
2024-08-17 23:00:00,27.233,31.51
2024-08-18 00:00:00,17.24,31.91
2024-08-18 01:00:00,16.135,30.79
2024-08-18 02:00:00,14.213,28.47
2024-08-18 03:00:00,12.864,28.63
2024-08-18 04:00:00,12.158,26.74
2024-08-18 05:00:00,13.976,24.81
2024-08-18 06:00:00,20.549,25.59
2024-08-18 07:00:00,23.703,24.95
2024-08-18 08:00:00,30.891,24.44
2024-08-18 09:00:00,35.222,24.75
2024-08-18 10:00:00,35.564,24.65
2024-08-18 11:00:00,34.375,26.43
2024-08-18 12:00:00,33.949,26.84
2024-08-18 13:00:00,32.521,28.09
2024-08-18 14:00:00,33.74,29.41
2024-08-18 15:00:00,33.993,29.37
2024-08-18 16:00:00,34.425,30.66
2024-08-18 17:00:00,33.352,30.54
2024-08-18 18:00:00,38.569,33.48
2024-08-18 19:00:00,42.054,32.51
2024-08-18 20:00:00,43.822,33.74
2024-08-18 21:00:00,39.421,33.77
2024-08-18 22:00:00,32.902,33.51
2024-08-18 23:00:00,28.21,31.35
2024-08-19 00:00:00,20.85,31.33
2024-08-19 01:00:00,17.863,31.63
2024-08-19 02:00:00,16.724,30.51
2024-08-19 03:00:00,17.228,28.76
2024-08-19 04:00:00,15.991,27.16
2024-08-19 05:00:00,18.606,25.15
2024-08-19 06:00:00,21.952,25.82
2024-08-19 07:00:00,27.291,24.67
2024-08-19 08:00:00,37.153,25.09
2024-08-19 09:00:00,40.696,24.29
2024-08-19 10:00:00,41.48,25.1
2024-08-19 11:00:00,40.268,26.09
2024-08-19 12:00:00,41.274,27.09
2024-08-19 13:00:00,39.363,28.37
2024-08-19 14:00:00,39.42,28.68
2024-08-19 15:00:00,37.145,29.23
2024-08-19 16:00:00,38.812,32.69
2024-08-19 17:00:00,42.23,34.32
2024-08-19 18:00:00,45.339,33.4
2024-08-19 19:00:00,49.373,32.43
2024-08-19 20:00:00,50.405,33.03
2024-08-19 21:00:00,48.857,33.9
2024-08-19 22:00:00,39.452,34.12
2024-08-19 23:00:00,32.203,31.36
2024-08-20 00:00:00,21.737,31.3
2024-08-20 01:00:00,19.173,30.47
2024-08-20 02:00:00,18.309,29.84
2024-08-20 03:00:00,16.458,27.71
2024-08-20 04:00:00,16.146,25.65
2024-08-20 05:00:00,18.915,26.47
2024-08-20 06:00:00,23.549,26.16
2024-08-20 07:00:00,28.553,24.74
2024-08-20 08:00:00,35.095,24.98
2024-08-20 09:00:00,40.103,24.43
2024-08-20 10:00:00,41.257,24.58
2024-08-20 11:00:00,42.356,26.8
2024-08-20 12:00:00,40.103,27.22
2024-08-20 13:00:00,38.775,28.39
2024-08-20 14:00:00,37.299,30.36
2024-08-20 15:00:00,38.494,29.48
2024-08-20 16:00:00,38.136,30.97
2024-08-20 17:00:00,41.154,32.47
2024-08-20 18:00:00,46.688,32.61
2024-08-20 19:00:00,49.865,34.14
2024-08-20 20:00:00,48.446,33.51
2024-08-20 21:00:00,48.289,32.72
2024-08-20 22:00:00,40.928,33.11
2024-08-20 23:00:00,31.274,32.48
2024-08-21 00:00:00,21.584,32.16
2024-08-21 01:00:00,17.534,30.65
2024-08-21 02:00:00,14.962,29.54
2024-08-21 03:00:00,15.835,28.26
2024-08-21 04:00:00,17.118,26.77
2024-08-21 05:00:00,15.071,25.41
2024-08-21 06:00:00,22.09,25.5
2024-08-21 07:00:00,27.109,24.56
2024-08-21 08:00:00,35.453,26.02
2024-08-21 09:00:00,42.287,25.9
2024-08-21 10:00:00,41.598,25.78
2024-08-21 11:00:00,40.69,26.29
2024-08-21 12:00:00,40.636,26.85
2024-08-21 13:00:00,38.782,27.0
2024-08-21 14:00:00,38.031,29.0
2024-08-21 15:00:00,38.685,30.42
2024-08-21 16:00:00,39.241,31.61
2024-08-21 17:00:00,42.114,32.74
2024-08-21 18:00:00,45.758,33.81
2024-08-21 19:00:00,49.117,32.97
2024-08-21 20:00:00,51.936,33.13
2024-08-21 21:00:00,48.107,34.69
2024-08-21 22:00:00,42.056,33.7
2024-08-21 23:00:00,30.552,32.05
2024-08-22 00:00:00,22.882,31.35
2024-08-22 01:00:00,19.861,30.27
2024-08-22 02:00:00,16.862,29.21
2024-08-22 03:00:00,17.349,28.4
2024-08-22 04:00:00,16.167,28.96
2024-08-22 05:00:00,18.394,26.16
2024-08-22 06:00:00,22.454,25.82
2024-08-22 07:00:00,28.934,23.49
2024-08-22 08:00:00,36.66,24.3
2024-08-22 09:00:00,40.819,25.82
2024-08-22 10:00:00,40.672,25.61
2024-08-22 11:00:00,39.711,22.5
2024-08-22 12:00:00,40.056,27.48
2024-08-22 13:00:00,39.11,29.56
2024-08-22 14:00:00,37.562,27.59
2024-08-22 15:00:00,39.363,31.57
2024-08-22 16:00:00,39.59,29.23
2024-08-22 17:00:00,41.182,33.13
2024-08-22 18:00:00,45.163,33.08
2024-08-22 19:00:00,49.238,31.66
2024-08-22 20:00:00,50.662,34.05
2024-08-22 21:00:00,49.731,34.46
2024-08-22 22:00:00,41.804,33.39
2024-08-22 23:00:00,31.656,32.85
2024-08-23 00:00:00,22.111,31.12
2024-08-23 01:00:00,20.219,28.87
2024-08-23 02:00:00,17.909,29.75
2024-08-23 03:00:00,17.241,29.44
2024-08-23 04:00:00,17.436,27.85
2024-08-23 05:00:00,18.857,24.43
2024-08-23 06:00:00,22.156,24.09
2024-08-23 07:00:00,28.379,24.18
2024-08-23 08:00:00,35.406,23.43
2024-08-23 09:00:00,39.569,24.89
2024-08-23 10:00:00,40.317,25.62
2024-08-23 11:00:00,41.489,24.88
2024-08-23 12:00:00,40.133,27.58
2024-08-23 13:00:00,37.394,28.52
2024-08-23 14:00:00,38.004,28.77
2024-08-23 15:00:00,37.552,30.23
2024-08-23 16:00:00,38.946,29.9
2024-08-23 17:00:00,40.716,32.13
2024-08-23 18:00:00,44.519,33.11
2024-08-23 19:00:00,50.0,33.69
2024-08-23 20:00:00,49.435,34.01
2024-08-23 21:00:00,48.213,33.75
2024-08-23 22:00:00,40.467,32.9
2024-08-23 23:00:00,31.494,32.62
2024-08-24 00:00:00,18.465,32.27
2024-08-24 01:00:00,18.104,30.3
2024-08-24 02:00:00,13.541,29.47
2024-08-24 03:00:00,15.2,27.9
2024-08-24 04:00:00,11.743,26.45
2024-08-24 05:00:00,17.028,26.45
2024-08-24 06:00:00,17.424,24.88
2024-08-24 07:00:00,27.195,25.18
2024-08-24 08:00:00,29.947,24.74
2024-08-24 09:00:00,35.563,24.63
2024-08-24 10:00:00,36.653,25.06
2024-08-24 11:00:00,34.235,25.63
2024-08-24 12:00:00,33.446,25.65
2024-08-24 13:00:00,32.092,28.36
2024-08-24 14:00:00,33.316,29.41
2024-08-24 15:00:00,31.647,31.07
2024-08-24 16:00:00,32.111,31.05
2024-08-24 17:00:00,36.095,33.92
2024-08-24 18:00:00,38.1,32.82
2024-08-24 19:00:00,41.714,32.87
2024-08-24 20:00:00,43.459,32.93
2024-08-24 21:00:00,40.527,32.19
2024-08-24 22:00:00,34.179,34.35
2024-08-24 23:00:00,28.443,33.51
2024-08-25 00:00:00,17.999,31.96
2024-08-25 01:00:00,16.106,29.68
2024-08-25 02:00:00,14.994,30.68
2024-08-25 03:00:00,14.769,27.78
2024-08-25 04:00:00,13.251,26.77
2024-08-25 05:00:00,16.042,27.2
2024-08-25 06:00:00,19.768,25.86
2024-08-25 07:00:00,22.885,26.65
2024-08-25 08:00:00,32.175,24.93
2024-08-25 09:00:00,35.737,24.57
2024-08-25 10:00:00,34.73,24.85
2024-08-25 11:00:00,33.535,24.58
2024-08-25 12:00:00,34.046,26.76
2024-08-25 13:00:00,31.492,28.99
2024-08-25 14:00:00,33.904,29.72
2024-08-25 15:00:00,31.601,30.42
2024-08-25 16:00:00,34.6,30.69
2024-08-25 17:00:00,34.706,32.6
2024-08-25 18:00:00,38.901,33.95
2024-08-25 19:00:00,43.342,33.93
2024-08-25 20:00:00,43.02,33.87
2024-08-25 21:00:00,41.46,32.95
2024-08-25 22:00:00,35.795,33.83
2024-08-25 23:00:00,26.31,29.92
2024-08-26 00:00:00,20.133,31.8
2024-08-26 01:00:00,17.892,32.46
2024-08-26 02:00:00,18.445,28.04
2024-08-26 03:00:00,17.227,27.89
2024-08-26 04:00:00,17.913,26.99
2024-08-26 05:00:00,18.08,25.69
2024-08-26 06:00:00,21.491,26.18
2024-08-26 07:00:00,26.67,25.28
2024-08-26 08:00:00,38.625,24.87
2024-08-26 09:00:00,40.827,25.54
2024-08-26 10:00:00,41.96,25.37
2024-08-26 11:00:00,41.084,28.61
2024-08-26 12:00:00,38.32,27.12
2024-08-26 13:00:00,37.949,28.24
2024-08-26 14:00:00,40.028,27.88
2024-08-26 15:00:00,38.412,29.98
2024-08-26 16:00:00,37.981,32.42
2024-08-26 17:00:00,40.569,31.37
2024-08-26 18:00:00,45.374,31.42
2024-08-26 19:00:00,49.148,33.63
2024-08-26 20:00:00,53.09,34.85
2024-08-26 21:00:00,48.258,33.64
2024-08-26 22:00:00,39.587,32.88
2024-08-26 23:00:00,31.56,30.95
2024-08-27 00:00:00,21.69,31.87
2024-08-27 01:00:00,18.074,30.95
2024-08-27 02:00:00,18.26,27.83
2024-08-27 03:00:00,18.063,29.0
2024-08-27 04:00:00,16.971,27.62
2024-08-27 05:00:00,17.547,26.98
2024-08-27 06:00:00,22.411,25.83
2024-08-27 07:00:00,27.378,25.44
2024-08-27 08:00:00,35.563,25.18
2024-08-27 09:00:00,40.607,25.61
2024-08-27 10:00:00,40.905,23.91
2024-08-27 11:00:00,42.778,24.88
2024-08-27 12:00:00,40.588,26.43
2024-08-27 13:00:00,36.931,28.0
2024-08-27 14:00:00,36.442,29.58
2024-08-27 15:00:00,36.736,30.69
2024-08-27 16:00:00,40.365,32.41
2024-08-27 17:00:00,42.729,33.37
2024-08-27 18:00:00,47.556,32.47
2024-08-27 19:00:00,49.48,33.81
2024-08-27 20:00:00,50.786,33.09
2024-08-27 21:00:00,47.178,33.47
2024-08-27 22:00:00,41.157,33.42
2024-08-27 23:00:00,31.42,29.73
2024-08-28 00:00:00,21.181,33.45
2024-08-28 01:00:00,21.03,30.89
2024-08-28 02:00:00,17.721,28.8
2024-08-28 03:00:00,18.188,29.65
2024-08-28 04:00:00,15.21,26.75
2024-08-28 05:00:00,21.102,26.2
2024-08-28 06:00:00,22.569,24.99
2024-08-28 07:00:00,29.791,26.25
2024-08-28 08:00:00,36.584,24.69
2024-08-28 09:00:00,39.783,25.05
2024-08-28 10:00:00,42.655,26.34
2024-08-28 11:00:00,41.688,26.56
2024-08-28 12:00:00,39.053,26.98
2024-08-28 13:00:00,38.045,29.0
2024-08-28 14:00:00,38.296,31.31
2024-08-28 15:00:00,37.622,30.7
2024-08-28 16:00:00,40.181,31.62
2024-08-28 17:00:00,42.537,32.6
2024-08-28 18:00:00,45.828,34.23
2024-08-28 19:00:00,50.088,33.15
2024-08-28 20:00:00,48.912,33.56
2024-08-28 21:00:00,47.822,32.4
2024-08-28 22:00:00,41.094,32.23
2024-08-28 23:00:00,32.758,32.05
2024-08-29 00:00:00,21.624,31.49
2024-08-29 01:00:00,20.867,31.87
2024-08-29 02:00:00,18.735,29.71
2024-08-29 03:00:00,16.332,27.39
2024-08-29 04:00:00,16.687,26.45
2024-08-29 05:00:00,18.777,27.21
2024-08-29 06:00:00,22.492,26.29
2024-08-29 07:00:00,30.632,24.96
2024-08-29 08:00:00,34.569,24.44
2024-08-29 09:00:00,40.612,25.84
2024-08-29 10:00:00,42.57,24.6
2024-08-29 11:00:00,40.48,26.42
2024-08-29 12:00:00,39.23,28.86
2024-08-29 13:00:00,38.682,28.29
2024-08-29 14:00:00,39.078,28.67
2024-08-29 15:00:00,37.23,30.79
2024-08-29 16:00:00,37.67,31.17
2024-08-29 17:00:00,42.994,31.36
2024-08-29 18:00:00,46.307,33.75
2024-08-29 19:00:00,50.498,34.54
2024-08-29 20:00:00,51.775,33.55
2024-08-29 21:00:00,50.673,33.34
2024-08-29 22:00:00,41.937,32.42
2024-08-29 23:00:00,30.881,32.36
2024-08-30 00:00:00,21.9,31.1
2024-08-30 01:00:00,18.811,29.65
2024-08-30 02:00:00,17.387,30.81
2024-08-30 03:00:00,15.389,28.51
2024-08-30 04:00:00,16.538,27.51
2024-08-30 05:00:00,18.916,26.83
2024-08-30 06:00:00,22.883,26.02
2024-08-30 07:00:00,27.949,24.62
2024-08-30 08:00:00,34.147,25.02
2024-08-30 09:00:00,42.444,24.74
2024-08-30 10:00:00,42.152,25.76
2024-08-30 11:00:00,39.959,26.4
2024-08-30 12:00:00,40.251,26.75
2024-08-30 13:00:00,40.993,27.08
2024-08-30 14:00:00,38.883,29.42
2024-08-30 15:00:00,34.897,30.31
2024-08-30 16:00:00,41.465,30.04
2024-08-30 17:00:00,39.934,32.9
2024-08-30 18:00:00,45.69,33.98
2024-08-30 19:00:00,48.314,35.68
2024-08-30 20:00:00,50.245,33.5
2024-08-30 21:00:00,48.74,33.22
2024-08-30 22:00:00,38.688,32.32
2024-08-30 23:00:00,31.528,32.66
2024-08-31 00:00:00,19.377,31.72
2024-08-31 01:00:00,15.613,29.83
2024-08-31 02:00:00,13.754,29.17
2024-08-31 03:00:00,14.163,26.56
2024-08-31 04:00:00,13.96,27.8
2024-08-31 05:00:00,14.999,25.51
2024-08-31 06:00:00,18.295,25.39
2024-08-31 07:00:00,25.239,23.83
2024-08-31 08:00:00,30.952,24.35
2024-08-31 09:00:00,33.16,24.75
2024-08-31 10:00:00,34.601,25.41
2024-08-31 11:00:00,34.819,26.52
2024-08-31 12:00:00,32.829,28.22
2024-08-31 13:00:00,33.128,28.74
2024-08-31 14:00:00,34.01,30.09
2024-08-31 15:00:00,32.018,31.64
2024-08-31 16:00:00,31.708,32.02
2024-08-31 17:00:00,35.947,32.47
2024-08-31 18:00:00,38.834,34.02
2024-08-31 19:00:00,41.896,34.53
2024-08-31 20:00:00,43.835,34.34
2024-08-31 21:00:00,41.887,32.5
2024-08-31 22:00:00,34.716,32.55
2024-08-31 23:00:00,26.815,32.28
2024-09-01 00:00:00,20.312,32.2
2024-09-01 01:00:00,17.698,30.47
2024-09-01 02:00:00,16.023,30.23
2024-09-01 03:00:00,14.439,29.21
2024-09-01 04:00:00,13.28,28.03
2024-09-01 05:00:00,16.756,27.11
2024-09-01 06:00:00,19.655,24.6
2024-09-01 07:00:00,24.121,25.37
2024-09-01 08:00:00,30.097,24.34
2024-09-01 09:00:00,33.261,23.66
2024-09-01 10:00:00,36.625,25.2
2024-09-01 11:00:00,35.377,27.21
2024-09-01 12:00:00,33.998,27.45
2024-09-01 13:00:00,32.902,29.78
2024-09-01 14:00:00,31.818,29.47
2024-09-01 15:00:00,29.906,32.45
2024-09-01 16:00:00,31.505,31.72
2024-09-01 17:00:00,34.79,32.53
2024-09-01 18:00:00,38.104,32.21
2024-09-01 19:00:00,42.345,34.57
2024-09-01 20:00:00,44.178,33.43
2024-09-01 21:00:00,41.051,33.16
2024-09-01 22:00:00,36.117,34.26
2024-09-01 23:00:00,26.078,33.44
2024-09-02 00:00:00,21.282,32.49
2024-09-02 01:00:00,19.328,30.21
2024-09-02 02:00:00,18.964,29.3
2024-09-02 03:00:00,16.938,28.12
2024-09-02 04:00:00,16.966,27.71
2024-09-02 05:00:00,16.672,27.4
2024-09-02 06:00:00,22.032,25.74
2024-09-02 07:00:00,30.188,26.57
2024-09-02 08:00:00,33.583,25.56
2024-09-02 09:00:00,41.66,24.8
2024-09-02 10:00:00,42.33,26.11
2024-09-02 11:00:00,40.038,27.52
2024-09-02 12:00:00,38.931,28.69
2024-09-02 13:00:00,40.694,29.13
2024-09-02 14:00:00,39.69,29.36
2024-09-02 15:00:00,37.618,30.33
2024-09-02 16:00:00,38.897,32.05
2024-09-02 17:00:00,41.161,33.86
2024-09-02 18:00:00,46.037,33.59
2024-09-02 19:00:00,48.783,34.05
2024-09-02 20:00:00,50.92,33.89
2024-09-02 21:00:00,50.297,33.43
2024-09-02 22:00:00,40.702,33.11
2024-09-02 23:00:00,30.551,32.64
2024-09-03 00:00:00,20.026,32.97
2024-09-03 01:00:00,19.51,30.32
2024-09-03 02:00:00,17.074,29.39
2024-09-03 03:00:00,17.082,27.49
2024-09-03 04:00:00,15.178,27.67
2024-09-03 05:00:00,19.064,27.26
2024-09-03 06:00:00,21.869,26.75
2024-09-03 07:00:00,29.117,25.17
2024-09-03 08:00:00,35.355,25.31
2024-09-03 09:00:00,42.043,24.88
2024-09-03 10:00:00,41.995,25.88
2024-09-03 11:00:00,42.784,26.42
2024-09-03 12:00:00,40.352,27.15
2024-09-03 13:00:00,40.214,28.3
2024-09-03 14:00:00,38.037,29.71
2024-09-03 15:00:00,38.092,30.28
2024-09-03 16:00:00,40.003,31.41
2024-09-03 17:00:00,42.743,33.9
2024-09-03 18:00:00,46.442,35.42
2024-09-03 19:00:00,49.136,32.74
2024-09-03 20:00:00,50.838,32.85
2024-09-03 21:00:00,49.61,32.94
2024-09-03 22:00:00,42.173,33.17
2024-09-03 23:00:00,31.015,33.26
2024-09-04 00:00:00,20.661,32.08
2024-09-04 01:00:00,18.458,30.66
2024-09-04 02:00:00,18.696,29.78
2024-09-04 03:00:00,15.882,27.64
2024-09-04 04:00:00,17.664,26.91
2024-09-04 05:00:00,18.917,26.16
2024-09-04 06:00:00,22.394,24.2
2024-09-04 07:00:00,30.665,24.09
2024-09-04 08:00:00,34.208,23.96
2024-09-04 09:00:00,41.983,25.63
2024-09-04 10:00:00,42.145,25.66
2024-09-04 11:00:00,38.685,26.67
2024-09-04 12:00:00,41.404,25.64
2024-09-04 13:00:00,39.752,27.01
2024-09-04 14:00:00,37.813,29.89
2024-09-04 15:00:00,36.756,28.31
2024-09-04 16:00:00,37.16,32.59
2024-09-04 17:00:00,44.284,31.09
2024-09-04 18:00:00,44.958,33.94
2024-09-04 19:00:00,48.181,33.0
2024-09-04 20:00:00,51.273,34.71
2024-09-04 21:00:00,46.779,36.28
2024-09-04 22:00:00,39.799,31.45
2024-09-04 23:00:00,32.635,33.11
2024-09-05 00:00:00,21.893,30.17
2024-09-05 01:00:00,18.986,30.88
2024-09-05 02:00:00,17.869,29.2
2024-09-05 03:00:00,16.379,28.31
2024-09-05 04:00:00,16.767,26.39
2024-09-05 05:00:00,17.583,26.81
2024-09-05 06:00:00,22.358,24.32
2024-09-05 07:00:00,28.447,26.02
2024-09-05 08:00:00,34.96,24.54
2024-09-05 09:00:00,41.355,23.9
2024-09-05 10:00:00,42.606,26.75
2024-09-05 11:00:00,39.849,26.14
2024-09-05 12:00:00,38.562,28.65
2024-09-05 13:00:00,38.6,29.19
2024-09-05 14:00:00,40.448,28.74
2024-09-05 15:00:00,36.692,30.47
2024-09-05 16:00:00,38.596,31.72
2024-09-05 17:00:00,41.91,33.78
2024-09-05 18:00:00,45.789,33.62
2024-09-05 19:00:00,49.003,33.86
2024-09-05 20:00:00,52.178,33.72
2024-09-05 21:00:00,48.914,33.68
2024-09-05 22:00:00,41.663,34.32
2024-09-05 23:00:00,32.221,32.56
2024-09-06 00:00:00,22.332,31.31
2024-09-06 01:00:00,20.996,30.09
2024-09-06 02:00:00,19.208,28.94
2024-09-06 03:00:00,19.201,27.09
2024-09-06 04:00:00,18.072,26.53
2024-09-06 05:00:00,17.677,27.4
2024-09-06 06:00:00,23.814,25.32
2024-09-06 07:00:00,29.795,25.6
2024-09-06 08:00:00,37.659,22.9
2024-09-06 09:00:00,39.303,25.49
2024-09-06 10:00:00,42.389,25.36
2024-09-06 11:00:00,40.105,25.82
2024-09-06 12:00:00,40.303,27.28
2024-09-06 13:00:00,38.541,27.82
2024-09-06 14:00:00,38.739,27.69
2024-09-06 15:00:00,36.301,31.29
2024-09-06 16:00:00,39.569,31.83
2024-09-06 17:00:00,42.03,32.32
2024-09-06 18:00:00,46.055,32.51
2024-09-06 19:00:00,51.459,32.56
2024-09-06 20:00:00,50.61,34.07
2024-09-06 21:00:00,48.799,35.03
2024-09-06 22:00:00,40.902,33.45
2024-09-06 23:00:00,31.822,31.46
2024-09-07 00:00:00,20.473,31.82
2024-09-07 01:00:00,16.538,30.51
2024-09-07 02:00:00,14.594,30.08
2024-09-07 03:00:00,16.214,28.71
2024-09-07 04:00:00,13.992,24.75
2024-09-07 05:00:00,13.969,26.65
2024-09-07 06:00:00,18.752,24.69
2024-09-07 07:00:00,23.438,23.91
2024-09-07 08:00:00,28.509,24.74
2024-09-07 09:00:00,33.876,25.37
2024-09-07 10:00:00,35.475,24.18
2024-09-07 11:00:00,35.884,26.77
2024-09-07 12:00:00,34.455,27.75
2024-09-07 13:00:00,33.542,28.27
2024-09-07 14:00:00,31.601,28.7
2024-09-07 15:00:00,32.982,29.78
2024-09-07 16:00:00,34.365,32.47
2024-09-07 17:00:00,35.949,31.37
2024-09-07 18:00:00,39.446,34.14
2024-09-07 19:00:00,40.76,33.61
2024-09-07 20:00:00,44.426,33.82
2024-09-07 21:00:00,42.999,32.38
2024-09-07 22:00:00,35.009,33.18
2024-09-07 23:00:00,26.271,33.07
2024-09-08 00:00:00,18.042,30.58
2024-09-08 01:00:00,16.044,30.96
2024-09-08 02:00:00,14.805,29.47
2024-09-08 03:00:00,14.966,27.72
2024-09-08 04:00:00,14.591,27.83
2024-09-08 05:00:00,16.63,24.46
2024-09-08 06:00:00,19.886,25.78
2024-09-08 07:00:00,23.828,26.35
2024-09-08 08:00:00,29.834,26.05
2024-09-08 09:00:00,33.672,25.37
2024-09-08 10:00:00,35.357,25.26
2024-09-08 11:00:00,36.511,25.71
2024-09-08 12:00:00,35.807,26.91
2024-09-08 13:00:00,33.799,28.67
2024-09-08 14:00:00,32.634,28.76
2024-09-08 15:00:00,30.69,31.17
2024-09-08 16:00:00,33.17,33.36
2024-09-08 17:00:00,34.741,32.54
2024-09-08 18:00:00,40.678,32.23
2024-09-08 19:00:00,40.411,32.68
2024-09-08 20:00:00,43.742,34.53
2024-09-08 21:00:00,40.291,33.71
2024-09-08 22:00:00,34.67,34.01
2024-09-08 23:00:00,27.556,32.16
2024-09-09 00:00:00,22.462,32.32
2024-09-09 01:00:00,19.318,30.45
2024-09-09 02:00:00,18.626,28.82
2024-09-09 03:00:00,16.154,27.92
2024-09-09 04:00:00,17.08,26.2
2024-09-09 05:00:00,19.382,27.82
2024-09-09 06:00:00,23.289,25.44
2024-09-09 07:00:00,28.53,25.58
2024-09-09 08:00:00,35.415,24.48
2024-09-09 09:00:00,41.326,24.22
2024-09-09 10:00:00,40.706,25.33
2024-09-09 11:00:00,39.837,27.11
2024-09-09 12:00:00,40.394,26.75
2024-09-09 13:00:00,38.312,27.55
2024-09-09 14:00:00,36.768,29.54
2024-09-09 15:00:00,39.118,30.98
2024-09-09 16:00:00,37.638,32.98
2024-09-09 17:00:00,41.617,32.88
2024-09-09 18:00:00,45.268,33.83
2024-09-09 19:00:00,49.166,34.34
2024-09-09 20:00:00,50.098,32.99
2024-09-09 21:00:00,49.179,32.99
2024-09-09 22:00:00,40.913,32.45
2024-09-09 23:00:00,32.623,31.53
2024-09-10 00:00:00,20.799,32.3
2024-09-10 01:00:00,21.556,30.81
2024-09-10 02:00:00,15.907,29.48
2024-09-10 03:00:00,15.213,26.18
2024-09-10 04:00:00,18.618,28.81
2024-09-10 05:00:00,18.844,25.52
2024-09-10 06:00:00,23.298,27.16
2024-09-10 07:00:00,29.51,23.91
2024-09-10 08:00:00,36.283,24.27
2024-09-10 09:00:00,40.596,23.31
2024-09-10 10:00:00,40.835,25.81
2024-09-10 11:00:00,41.635,25.36
2024-09-10 12:00:00,40.454,26.31
2024-09-10 13:00:00,40.217,27.16
2024-09-10 14:00:00,40.05,30.04
2024-09-10 15:00:00,38.077,31.16
2024-09-10 16:00:00,37.508,33.12
2024-09-10 17:00:00,43.628,32.06
2024-09-10 18:00:00,44.861,33.49
2024-09-10 19:00:00,49.815,32.74
2024-09-10 20:00:00,50.738,33.66
2024-09-10 21:00:00,48.011,33.36
2024-09-10 22:00:00,41.58,33.69
2024-09-10 23:00:00,31.869,33.42
2024-09-11 00:00:00,21.944,32.47
2024-09-11 01:00:00,18.548,29.92
2024-09-11 02:00:00,17.672,30.22
2024-09-11 03:00:00,16.045,28.23
2024-09-11 04:00:00,16.627,26.92
2024-09-11 05:00:00,18.239,25.68
2024-09-11 06:00:00,24.831,25.08
2024-09-11 07:00:00,28.805,26.47
2024-09-11 08:00:00,33.532,25.17
2024-09-11 09:00:00,41.713,25.22
2024-09-11 10:00:00,42.278,25.32
2024-09-11 11:00:00,40.666,28.2
2024-09-11 12:00:00,39.334,28.22
2024-09-11 13:00:00,37.794,27.69
2024-09-11 14:00:00,40.227,29.21
2024-09-11 15:00:00,37.793,30.42
2024-09-11 16:00:00,36.987,31.8
2024-09-11 17:00:00,42.154,32.05
2024-09-11 18:00:00,47.13,33.68
2024-09-11 19:00:00,49.63,34.94
2024-09-11 20:00:00,50.08,32.88
2024-09-11 21:00:00,47.439,32.88
2024-09-11 22:00:00,39.864,32.94
2024-09-11 23:00:00,33.172,32.26
2024-09-12 00:00:00,21.347,33.28
2024-09-12 01:00:00,17.668,31.4
2024-09-12 02:00:00,18.242,30.19
2024-09-12 03:00:00,16.974,28.06
2024-09-12 04:00:00,16.372,26.95
2024-09-12 05:00:00,17.319,25.09
2024-09-12 06:00:00,21.865,26.16
2024-09-12 07:00:00,30.178,25.48
2024-09-12 08:00:00,35.952,25.96
2024-09-12 09:00:00,40.778,24.92
2024-09-12 10:00:00,42.07,25.43
2024-09-12 11:00:00,41.134,26.39
2024-09-12 12:00:00,39.302,27.9
2024-09-12 13:00:00,38.55,27.1
2024-09-12 14:00:00,39.438,30.03
2024-09-12 15:00:00,39.183,30.59
2024-09-12 16:00:00,37.513,30.84
2024-09-12 17:00:00,41.608,30.95
2024-09-12 18:00:00,46.756,33.23
2024-09-12 19:00:00,51.39,34.94
2024-09-12 20:00:00,52.818,35.28
2024-09-12 21:00:00,47.638,34.07
2024-09-12 22:00:00,42.101,34.91
2024-09-12 23:00:00,31.68,32.59
2024-09-13 00:00:00,22.485,32.45
2024-09-13 01:00:00,20.184,30.24
2024-09-13 02:00:00,16.561,29.03
2024-09-13 03:00:00,17.391,27.73
2024-09-13 04:00:00,17.856,25.54
2024-09-13 05:00:00,18.339,27.29
2024-09-13 06:00:00,22.699,25.03
2024-09-13 07:00:00,27.467,24.45
2024-09-13 08:00:00,36.397,24.0
2024-09-13 09:00:00,40.503,24.93
2024-09-13 10:00:00,40.879,26.96
2024-09-13 11:00:00,40.468,27.94
2024-09-13 12:00:00,39.938,25.86
2024-09-13 13:00:00,38.19,28.0
2024-09-13 14:00:00,38.253,28.62
2024-09-13 15:00:00,35.955,31.4
2024-09-13 16:00:00,40.136,31.92
2024-09-13 17:00:00,41.836,32.12
2024-09-13 18:00:00,44.779,33.4
2024-09-13 19:00:00,46.961,33.41
2024-09-13 20:00:00,52.05,35.24
2024-09-13 21:00:00,49.019,34.23
2024-09-13 22:00:00,41.015,33.88
2024-09-13 23:00:00,32.501,30.5
2024-09-14 00:00:00,19.085,31.64
2024-09-14 01:00:00,16.671,32.28
2024-09-14 02:00:00,14.913,30.51
2024-09-14 03:00:00,13.88,26.81
2024-09-14 04:00:00,14.735,26.95
2024-09-14 05:00:00,17.031,25.31
2024-09-14 06:00:00,19.403,26.92
2024-09-14 07:00:00,26.216,25.3
2024-09-14 08:00:00,30.726,24.33
2024-09-14 09:00:00,34.635,25.13
2024-09-14 10:00:00,38.0,23.47
2024-09-14 11:00:00,36.366,25.4
2024-09-14 12:00:00,35.525,27.23
2024-09-14 13:00:00,32.132,28.96
2024-09-14 14:00:00,34.749,27.9
2024-09-14 15:00:00,31.995,30.31
2024-09-14 16:00:00,32.714,32.51
2024-09-14 17:00:00,33.345,31.47
2024-09-14 18:00:00,39.348,33.53
2024-09-14 19:00:00,40.944,33.85
2024-09-14 20:00:00,43.766,35.32
2024-09-14 21:00:00,39.998,33.62
2024-09-14 22:00:00,36.514,33.21
2024-09-14 23:00:00,27.44,33.32
2024-09-15 00:00:00,20.532,30.64
2024-09-15 01:00:00,15.43,30.44
2024-09-15 02:00:00,16.753,29.09
2024-09-15 03:00:00,12.467,28.18
2024-09-15 04:00:00,14.518,27.88
2024-09-15 05:00:00,14.962,26.72
2024-09-15 06:00:00,19.051,24.96
2024-09-15 07:00:00,24.183,25.22
2024-09-15 08:00:00,29.412,26.15
2024-09-15 09:00:00,32.962,24.44
2024-09-15 10:00:00,35.096,25.68
2024-09-15 11:00:00,34.798,26.12
2024-09-15 12:00:00,35.0,27.16
2024-09-15 13:00:00,33.247,26.99
2024-09-15 14:00:00,33.702,30.59
2024-09-15 15:00:00,30.571,30.0
2024-09-15 16:00:00,32.504,32.53
2024-09-15 17:00:00,36.272,32.14
2024-09-15 18:00:00,39.365,32.85
2024-09-15 19:00:00,41.171,34.78
2024-09-15 20:00:00,44.303,34.75
2024-09-15 21:00:00,40.641,33.97
2024-09-15 22:00:00,33.887,33.97
2024-09-15 23:00:00,27.374,32.41
2024-09-16 00:00:00,21.426,31.7
2024-09-16 01:00:00,18.847,30.1
2024-09-16 02:00:00,17.282,30.18
2024-09-16 03:00:00,15.739,27.74
2024-09-16 04:00:00,16.426,28.4
2024-09-16 05:00:00,19.482,26.03
2024-09-16 06:00:00,23.199,25.58
2024-09-16 07:00:00,30.048,25.72
2024-09-16 08:00:00,36.226,24.98
2024-09-16 09:00:00,39.666,24.88
2024-09-16 10:00:00,40.138,25.54
2024-09-16 11:00:00,39.855,27.0
2024-09-16 12:00:00,39.095,26.68
2024-09-16 13:00:00,37.996,28.2
2024-09-16 14:00:00,39.251,29.47
2024-09-16 15:00:00,38.73,31.32
2024-09-16 16:00:00,41.016,31.63
2024-09-16 17:00:00,41.041,34.09
2024-09-16 18:00:00,47.529,33.24
2024-09-16 19:00:00,51.093,33.62
2024-09-16 20:00:00,50.763,33.83
2024-09-16 21:00:00,48.933,32.76
2024-09-16 22:00:00,42.066,32.53
2024-09-16 23:00:00,31.56,32.22
2024-09-17 00:00:00,21.281,32.62
2024-09-17 01:00:00,18.74,30.6
2024-09-17 02:00:00,15.443,29.08
2024-09-17 03:00:00,16.902,29.28
2024-09-17 04:00:00,16.106,28.46
2024-09-17 05:00:00,17.263,27.29
2024-09-17 06:00:00,23.381,24.89
2024-09-17 07:00:00,27.59,24.72
2024-09-17 08:00:00,36.522,26.42
2024-09-17 09:00:00,40.783,25.31
2024-09-17 10:00:00,41.412,25.36
2024-09-17 11:00:00,40.735,26.86
2024-09-17 12:00:00,38.566,28.02
2024-09-17 13:00:00,39.525,27.85
2024-09-17 14:00:00,38.441,29.64
2024-09-17 15:00:00,38.007,31.37
2024-09-17 16:00:00,39.272,30.79
2024-09-17 17:00:00,41.165,32.66
2024-09-17 18:00:00,44.351,32.48
2024-09-17 19:00:00,50.446,33.03
2024-09-17 20:00:00,51.702,33.52
2024-09-17 21:00:00,47.904,34.2
2024-09-17 22:00:00,41.217,33.11
2024-09-17 23:00:00,32.903,32.13
2024-09-18 00:00:00,22.581,31.76
2024-09-18 01:00:00,18.804,29.72
2024-09-18 02:00:00,16.331,29.81
2024-09-18 03:00:00,15.486,29.21
2024-09-18 04:00:00,16.512,27.16
2024-09-18 05:00:00,19.852,26.13
2024-09-18 06:00:00,22.207,25.87
2024-09-18 07:00:00,28.462,23.5
2024-09-18 08:00:00,35.071,25.4
2024-09-18 09:00:00,39.748,27.61
2024-09-18 10:00:00,41.809,25.48
2024-09-18 11:00:00,39.494,26.2
2024-09-18 12:00:00,40.886,27.82
2024-09-18 13:00:00,38.612,29.62
2024-09-18 14:00:00,40.779,30.25
2024-09-18 15:00:00,36.543,28.91
2024-09-18 16:00:00,40.382,32.17
2024-09-18 17:00:00,43.239,34.71
2024-09-18 18:00:00,45.48,33.87
2024-09-18 19:00:00,49.067,32.9
2024-09-18 20:00:00,50.06,34.2
2024-09-18 21:00:00,47.522,32.8
2024-09-18 22:00:00,40.799,34.36
2024-09-18 23:00:00,31.641,31.89
2024-09-19 00:00:00,19.786,31.78
2024-09-19 01:00:00,21.719,29.95
2024-09-19 02:00:00,17.585,29.04
2024-09-19 03:00:00,16.897,29.5
2024-09-19 04:00:00,16.191,27.31
2024-09-19 05:00:00,18.088,25.85
2024-09-19 06:00:00,22.585,24.66
2024-09-19 07:00:00,29.067,23.63
2024-09-19 08:00:00,35.685,23.98
2024-09-19 09:00:00,41.111,25.22
2024-09-19 10:00:00,42.052,26.36
2024-09-19 11:00:00,41.518,25.85
2024-09-19 12:00:00,39.77,28.48
2024-09-19 13:00:00,38.996,27.74
2024-09-19 14:00:00,38.004,29.29
2024-09-19 15:00:00,38.763,29.78
2024-09-19 16:00:00,39.089,32.52
2024-09-19 17:00:00,41.659,34.34
2024-09-19 18:00:00,45.708,31.97
2024-09-19 19:00:00,49.359,33.55
2024-09-19 20:00:00,51.031,34.99
2024-09-19 21:00:00,48.393,32.67
2024-09-19 22:00:00,40.23,33.83
2024-09-19 23:00:00,32.4,33.64
2024-09-20 00:00:00,22.265,31.79
2024-09-20 01:00:00,21.2,31.09
2024-09-20 02:00:00,17.234,30.89
2024-09-20 03:00:00,17.51,29.87
2024-09-20 04:00:00,14.883,27.18
2024-09-20 05:00:00,19.206,25.87
2024-09-20 06:00:00,21.464,24.85
2024-09-20 07:00:00,28.066,25.92
2024-09-20 08:00:00,36.039,23.88
2024-09-20 09:00:00,39.656,24.93
2024-09-20 10:00:00,41.046,25.67
2024-09-20 11:00:00,40.305,25.9
2024-09-20 12:00:00,40.524,27.46
2024-09-20 13:00:00,37.808,30.37
2024-09-20 14:00:00,38.195,29.39
2024-09-20 15:00:00,37.354,30.3
2024-09-20 16:00:00,39.596,32.54
2024-09-20 17:00:00,42.685,32.86
2024-09-20 18:00:00,44.028,34.53
2024-09-20 19:00:00,50.536,33.96
2024-09-20 20:00:00,50.377,33.78
2024-09-20 21:00:00,48.691,32.4
2024-09-20 22:00:00,39.842,32.08
2024-09-20 23:00:00,31.999,31.2
2024-09-21 00:00:00,20.809,32.04
2024-09-21 01:00:00,16.603,29.56
2024-09-21 02:00:00,14.703,30.49
2024-09-21 03:00:00,14.069,28.34
2024-09-21 04:00:00,12.807,27.04
2024-09-21 05:00:00,17.084,25.63
2024-09-21 06:00:00,19.827,26.09
2024-09-21 07:00:00,23.64,24.49
2024-09-21 08:00:00,29.308,24.2
2024-09-21 09:00:00,34.262,26.09
2024-09-21 10:00:00,36.498,25.87
2024-09-21 11:00:00,33.506,26.12
2024-09-21 12:00:00,34.949,27.75
2024-09-21 13:00:00,32.853,28.33
2024-09-21 14:00:00,31.564,29.79
2024-09-21 15:00:00,31.602,30.0
2024-09-21 16:00:00,34.73,33.39
2024-09-21 17:00:00,34.131,32.2
2024-09-21 18:00:00,38.268,34.63
2024-09-21 19:00:00,43.021,33.68
2024-09-21 20:00:00,43.571,34.63
2024-09-21 21:00:00,40.375,34.42
2024-09-21 22:00:00,35.664,34.3
2024-09-21 23:00:00,27.91,32.0
2024-09-22 00:00:00,18.545,32.6
2024-09-22 01:00:00,15.848,32.13
2024-09-22 02:00:00,14.705,29.28
2024-09-22 03:00:00,14.596,28.35
2024-09-22 04:00:00,12.967,26.82
2024-09-22 05:00:00,16.96,26.03
2024-09-22 06:00:00,21.242,26.96
2024-09-22 07:00:00,24.469,24.34
2024-09-22 08:00:00,30.708,24.23
2024-09-22 09:00:00,35.456,26.43
2024-09-22 10:00:00,37.542,26.09
2024-09-22 11:00:00,36.268,28.0
2024-09-22 12:00:00,32.043,26.88
2024-09-22 13:00:00,32.624,28.43
2024-09-22 14:00:00,33.023,28.96
2024-09-22 15:00:00,31.575,30.77
2024-09-22 16:00:00,34.764,30.32
2024-09-22 17:00:00,37.209,33.22
2024-09-22 18:00:00,38.183,33.65
2024-09-22 19:00:00,41.884,33.79
2024-09-22 20:00:00,42.585,33.68
2024-09-22 21:00:00,40.983,33.12
2024-09-22 22:00:00,34.45,33.97
2024-09-22 23:00:00,27.85,31.74
2024-09-23 00:00:00,20.514,32.15
2024-09-23 01:00:00,16.711,32.31
2024-09-23 02:00:00,16.213,30.68
2024-09-23 03:00:00,15.781,27.12
2024-09-23 04:00:00,16.161,26.81
2024-09-23 05:00:00,18.551,26.65
2024-09-23 06:00:00,21.849,25.54
2024-09-23 07:00:00,27.835,24.03
2024-09-23 08:00:00,34.752,25.3
2024-09-23 09:00:00,39.152,25.14
2024-09-23 10:00:00,41.254,27.13
2024-09-23 11:00:00,40.191,26.11
2024-09-23 12:00:00,40.483,28.18
2024-09-23 13:00:00,37.751,27.31
2024-09-23 14:00:00,37.885,28.67
2024-09-23 15:00:00,37.184,31.23
2024-09-23 16:00:00,39.585,32.61
2024-09-23 17:00:00,41.663,31.91
2024-09-23 18:00:00,46.972,33.41
2024-09-23 19:00:00,48.295,32.73
2024-09-23 20:00:00,50.95,33.85
2024-09-23 21:00:00,47.863,34.51
2024-09-23 22:00:00,39.549,33.04
2024-09-23 23:00:00,31.551,32.48
2024-09-24 00:00:00,23.188,30.84
2024-09-24 01:00:00,18.51,30.14
2024-09-24 02:00:00,17.72,30.9
2024-09-24 03:00:00,15.492,28.39
2024-09-24 04:00:00,15.342,26.44
2024-09-24 05:00:00,17.557,26.06
2024-09-24 06:00:00,22.491,24.32
2024-09-24 07:00:00,28.656,24.34
2024-09-24 08:00:00,35.469,26.08
2024-09-24 09:00:00,38.609,25.03
2024-09-24 10:00:00,41.182,27.11
2024-09-24 11:00:00,41.312,26.24
2024-09-24 12:00:00,38.395,27.22
2024-09-24 13:00:00,38.398,28.84
2024-09-24 14:00:00,38.549,27.36
2024-09-24 15:00:00,36.942,30.82
2024-09-24 16:00:00,39.108,31.71
2024-09-24 17:00:00,40.268,33.87
2024-09-24 18:00:00,46.806,34.16
2024-09-24 19:00:00,49.843,32.93
2024-09-24 20:00:00,51.057,34.99
2024-09-24 21:00:00,49.597,33.63
2024-09-24 22:00:00,40.464,32.67
2024-09-24 23:00:00,30.99,32.84
2024-09-25 00:00:00,22.82,31.58
2024-09-25 01:00:00,21.258,31.89
2024-09-25 02:00:00,17.143,29.77
2024-09-25 03:00:00,16.714,28.5
2024-09-25 04:00:00,17.896,27.97
2024-09-25 05:00:00,18.28,27.19
2024-09-25 06:00:00,23.556,26.23
2024-09-25 07:00:00,29.866,26.28
2024-09-25 08:00:00,35.126,25.48
2024-09-25 09:00:00,40.718,25.28
2024-09-25 10:00:00,41.814,26.59
2024-09-25 11:00:00,39.559,26.24
2024-09-25 12:00:00,38.771,27.27
2024-09-25 13:00:00,38.095,29.71
2024-09-25 14:00:00,39.197,30.79
2024-09-25 15:00:00,38.721,30.65
2024-09-25 16:00:00,39.525,31.38
2024-09-25 17:00:00,42.269,33.85
2024-09-25 18:00:00,46.321,34.03
2024-09-25 19:00:00,49.753,34.1
2024-09-25 20:00:00,51.416,33.74
2024-09-25 21:00:00,48.935,34.11
2024-09-25 22:00:00,39.367,33.38
2024-09-25 23:00:00,30.814,32.15
2024-09-26 00:00:00,20.37,31.85
2024-09-26 01:00:00,20.509,30.87
2024-09-26 02:00:00,19.537,29.2
2024-09-26 03:00:00,14.618,29.06
2024-09-26 04:00:00,18.426,28.28
2024-09-26 05:00:00,18.448,27.09
2024-09-26 06:00:00,23.983,25.38
2024-09-26 07:00:00,29.587,25.76
2024-09-26 08:00:00,37.169,25.06
2024-09-26 09:00:00,40.504,24.16
2024-09-26 10:00:00,40.429,26.14
2024-09-26 11:00:00,40.692,26.43
2024-09-26 12:00:00,40.306,29.32
2024-09-26 13:00:00,38.54,29.5
2024-09-26 14:00:00,38.921,30.07
2024-09-26 15:00:00,37.673,30.86
2024-09-26 16:00:00,38.153,31.88
2024-09-26 17:00:00,40.712,31.88
2024-09-26 18:00:00,45.5,32.0
2024-09-26 19:00:00,49.679,33.15
2024-09-26 20:00:00,49.001,33.96
2024-09-26 21:00:00,47.654,32.16
2024-09-26 22:00:00,38.763,32.96
2024-09-26 23:00:00,30.991,32.48
2024-09-27 00:00:00,22.641,31.58
2024-09-27 01:00:00,18.17,30.13
2024-09-27 02:00:00,18.567,29.23
2024-09-27 03:00:00,19.736,29.71
2024-09-27 04:00:00,18.313,27.78
2024-09-27 05:00:00,18.496,25.87
2024-09-27 06:00:00,23.826,25.55
2024-09-27 07:00:00,27.673,25.13
2024-09-27 08:00:00,34.095,24.38
2024-09-27 09:00:00,40.319,24.54
2024-09-27 10:00:00,42.227,26.41
2024-09-27 11:00:00,41.916,25.98
2024-09-27 12:00:00,39.2,26.37
2024-09-27 13:00:00,38.957,28.3
2024-09-27 14:00:00,38.412,29.59
2024-09-27 15:00:00,37.606,29.09
2024-09-27 16:00:00,38.686,31.72
2024-09-27 17:00:00,40.948,33.38
2024-09-27 18:00:00,46.185,33.76
2024-09-27 19:00:00,49.669,35.63
2024-09-27 20:00:00,50.551,35.0
2024-09-27 21:00:00,49.129,35.01
2024-09-27 22:00:00,41.848,35.64
2024-09-27 23:00:00,32.311,33.29
2024-09-28 00:00:00,17.144,31.88
2024-09-28 01:00:00,16.575,31.44
2024-09-28 02:00:00,14.243,29.05
2024-09-28 03:00:00,14.404,28.42
2024-09-28 04:00:00,13.38,26.73
2024-09-28 05:00:00,16.909,26.64
2024-09-28 06:00:00,20.306,25.08
2024-09-28 07:00:00,25.886,24.6
2024-09-28 08:00:00,31.418,25.33
2024-09-28 09:00:00,33.97,25.04
2024-09-28 10:00:00,35.113,24.06
2024-09-28 11:00:00,36.457,25.15
2024-09-28 12:00:00,33.645,26.33
2024-09-28 13:00:00,31.564,27.63
2024-09-28 14:00:00,33.54,29.83
2024-09-28 15:00:00,32.226,30.84
2024-09-28 16:00:00,34.482,32.6
2024-09-28 17:00:00,35.795,33.28
2024-09-28 18:00:00,38.995,34.25
2024-09-28 19:00:00,43.606,34.33
2024-09-28 20:00:00,41.781,34.17
2024-09-28 21:00:00,40.585,34.73
2024-09-28 22:00:00,33.775,34.13
2024-09-28 23:00:00,24.638,32.98
2024-09-29 00:00:00,19.098,32.77
2024-09-29 01:00:00,15.904,28.79
2024-09-29 02:00:00,16.096,29.27
2024-09-29 03:00:00,14.702,28.09
2024-09-29 04:00:00,14.925,28.17
2024-09-29 05:00:00,15.141,27.58
2024-09-29 06:00:00,18.728,24.44
2024-09-29 07:00:00,24.801,26.28
2024-09-29 08:00:00,31.283,24.06
2024-09-29 09:00:00,34.195,24.24
2024-09-29 10:00:00,34.831,25.42
2024-09-29 11:00:00,33.457,26.06
2024-09-29 12:00:00,34.021,26.0
2024-09-29 13:00:00,32.381,28.86
2024-09-29 14:00:00,32.439,30.04
2024-09-29 15:00:00,31.835,31.51
2024-09-29 16:00:00,32.493,31.4
2024-09-29 17:00:00,35.847,32.65
2024-09-29 18:00:00,39.581,33.37
2024-09-29 19:00:00,44.054,35.2
2024-09-29 20:00:00,44.123,31.73
2024-09-29 21:00:00,42.808,33.08
2024-09-29 22:00:00,33.845,33.4
2024-09-29 23:00:00,25.244,31.81
2024-09-30 00:00:00,21.405,31.54
2024-09-30 01:00:00,20.255,30.56
2024-09-30 02:00:00,18.565,28.97
2024-09-30 03:00:00,18.066,28.39
2024-09-30 04:00:00,14.243,27.75
2024-09-30 05:00:00,19.638,26.13
2024-09-30 06:00:00,23.292,25.24
2024-09-30 07:00:00,27.495,25.02
2024-09-30 08:00:00,36.438,24.99
2024-09-30 09:00:00,40.463,23.76
2024-09-30 10:00:00,42.209,25.97
2024-09-30 11:00:00,41.819,25.96
2024-09-30 12:00:00,40.219,28.26
2024-09-30 13:00:00,37.258,28.81
2024-09-30 14:00:00,38.104,30.44
2024-09-30 15:00:00,36.09,29.86
2024-09-30 16:00:00,39.422,31.45
2024-09-30 17:00:00,43.246,31.69
2024-09-30 18:00:00,44.634,32.83
2024-09-30 19:00:00,48.785,34.85
2024-09-30 20:00:00,50.1,35.19
2024-09-30 21:00:00,47.987,32.93
2024-09-30 22:00:00,41.221,33.03
2024-09-30 23:00:00,31.168,32.62
2024-10-01 00:00:00,22.086,32.22
2024-10-01 01:00:00,20.467,29.26
2024-10-01 02:00:00,18.974,28.22
2024-10-01 03:00:00,15.689,28.73
2024-10-01 04:00:00,18.244,25.69
2024-10-01 05:00:00,19.855,25.96
2024-10-01 06:00:00,24.534,25.73
2024-10-01 07:00:00,28.909,25.49
2024-10-01 08:00:00,34.933,24.89
2024-10-01 09:00:00,39.286,24.86
2024-10-01 10:00:00,40.696,26.28
2024-10-01 11:00:00,40.812,26.55
2024-10-01 12:00:00,40.645,26.73
2024-10-01 13:00:00,40.093,28.36
2024-10-01 14:00:00,37.755,29.81
2024-10-01 15:00:00,37.701,32.04
2024-10-01 16:00:00,38.654,32.38
2024-10-01 17:00:00,41.172,33.65
2024-10-01 18:00:00,46.65,32.91
2024-10-01 19:00:00,49.84,33.43
2024-10-01 20:00:00,51.145,33.81
2024-10-01 21:00:00,48.815,33.73
2024-10-01 22:00:00,41.428,32.59
2024-10-01 23:00:00,32.238,33.69
2024-10-02 00:00:00,20.565,32.46
2024-10-02 01:00:00,20.294,30.42
2024-10-02 02:00:00,18.11,30.01
2024-10-02 03:00:00,16.387,28.51
2024-10-02 04:00:00,17.069,27.82
2024-10-02 05:00:00,18.711,25.24
2024-10-02 06:00:00,24.053,25.48
2024-10-02 07:00:00,28.003,25.11
2024-10-02 08:00:00,37.051,25.5
2024-10-02 09:00:00,40.314,24.65
2024-10-02 10:00:00,41.304,23.6
2024-10-02 11:00:00,40.253,25.45
2024-10-02 12:00:00,38.759,27.2
2024-10-02 13:00:00,36.984,28.38
2024-10-02 14:00:00,38.941,30.84
2024-10-02 15:00:00,39.761,31.13
2024-10-02 16:00:00,37.11,31.81
2024-10-02 17:00:00,40.851,32.65
2024-10-02 18:00:00,46.667,34.28
2024-10-02 19:00:00,49.423,33.37
2024-10-02 20:00:00,51.851,33.89
2024-10-02 21:00:00,48.346,32.97
2024-10-02 22:00:00,40.208,34.53
2024-10-02 23:00:00,31.39,32.99
2024-10-03 00:00:00,18.99,31.18
2024-10-03 01:00:00,18.214,30.57
2024-10-03 02:00:00,18.817,29.9
2024-10-03 03:00:00,18.046,28.13
2024-10-03 04:00:00,18.264,26.82
2024-10-03 05:00:00,18.81,25.79
2024-10-03 06:00:00,20.649,25.87
2024-10-03 07:00:00,28.422,24.86
2024-10-03 08:00:00,37.051,24.63
2024-10-03 09:00:00,41.946,24.08
2024-10-03 10:00:00,43.21,25.66
2024-10-03 11:00:00,40.559,26.17
2024-10-03 12:00:00,38.447,26.99
2024-10-03 13:00:00,38.719,28.49
2024-10-03 14:00:00,38.265,30.09
2024-10-03 15:00:00,39.337,31.22
2024-10-03 16:00:00,38.992,32.19
2024-10-03 17:00:00,41.837,32.49
2024-10-03 18:00:00,45.975,32.94
2024-10-03 19:00:00,49.878,33.01
2024-10-03 20:00:00,51.639,33.52
2024-10-03 21:00:00,47.711,33.86
2024-10-03 22:00:00,39.721,32.76
2024-10-03 23:00:00,33.018,32.75
2024-10-04 00:00:00,19.746,30.97
2024-10-04 01:00:00,21.051,29.33
2024-10-04 02:00:00,15.901,30.15
2024-10-04 03:00:00,16.234,27.95
2024-10-04 04:00:00,17.821,26.58
2024-10-04 05:00:00,18.36,25.44
2024-10-04 06:00:00,21.607,25.94
2024-10-04 07:00:00,29.505,26.25
2024-10-04 08:00:00,35.768,24.67
2024-10-04 09:00:00,40.07,24.98
2024-10-04 10:00:00,41.184,26.45
2024-10-04 11:00:00,40.765,24.86
2024-10-04 12:00:00,39.186,28.82
2024-10-04 13:00:00,41.243,30.28
2024-10-04 14:00:00,38.005,27.33
2024-10-04 15:00:00,37.359,30.58
2024-10-04 16:00:00,38.208,31.17
2024-10-04 17:00:00,43.632,32.46
2024-10-04 18:00:00,44.228,33.06
2024-10-04 19:00:00,49.837,34.49
2024-10-04 20:00:00,50.756,33.9
2024-10-04 21:00:00,46.998,33.11
2024-10-04 22:00:00,39.965,33.25
2024-10-04 23:00:00,31.943,33.09
2024-10-05 00:00:00,17.325,30.8
2024-10-05 01:00:00,16.738,29.34
2024-10-05 02:00:00,16.936,31.09
2024-10-05 03:00:00,14.48,27.81
2024-10-05 04:00:00,12.823,27.13
2024-10-05 05:00:00,14.742,25.99
2024-10-05 06:00:00,19.216,26.03
2024-10-05 07:00:00,24.35,26.56
2024-10-05 08:00:00,30.5,25.46
2024-10-05 09:00:00,34.565,23.93
2024-10-05 10:00:00,37.312,24.49
2024-10-05 11:00:00,34.676,25.99
2024-10-05 12:00:00,32.638,27.03
2024-10-05 13:00:00,34.123,26.95
2024-10-05 14:00:00,33.801,30.15
2024-10-05 15:00:00,32.316,29.79
2024-10-05 16:00:00,32.695,32.94
2024-10-05 17:00:00,36.182,34.13
2024-10-05 18:00:00,38.8,33.19
2024-10-05 19:00:00,39.953,34.19
2024-10-05 20:00:00,43.925,33.01
2024-10-05 21:00:00,42.093,34.34
2024-10-05 22:00:00,36.15,32.99
2024-10-05 23:00:00,26.132,31.8
2024-10-06 00:00:00,18.438,31.51
2024-10-06 01:00:00,16.726,30.28
2024-10-06 02:00:00,15.26,29.23
2024-10-06 03:00:00,14.423,29.09
2024-10-06 04:00:00,14.343,26.61
2024-10-06 05:00:00,15.822,27.7
2024-10-06 06:00:00,20.263,24.53
2024-10-06 07:00:00,25.954,26.44
2024-10-06 08:00:00,29.574,24.18
2024-10-06 09:00:00,34.071,25.14
2024-10-06 10:00:00,35.116,25.2
2024-10-06 11:00:00,34.103,26.03
2024-10-06 12:00:00,32.165,27.88
2024-10-06 13:00:00,32.971,29.52
2024-10-06 14:00:00,33.001,30.44
2024-10-06 15:00:00,31.921,30.33
2024-10-06 16:00:00,32.937,31.89
2024-10-06 17:00:00,35.974,32.04
2024-10-06 18:00:00,40.454,32.59
2024-10-06 19:00:00,41.621,32.92
2024-10-06 20:00:00,42.155,33.64
2024-10-06 21:00:00,41.09,34.03
2024-10-06 22:00:00,36.601,31.86
2024-10-06 23:00:00,25.693,32.63
2024-10-07 00:00:00,22.083,32.95
2024-10-07 01:00:00,20.561,31.55
2024-10-07 02:00:00,15.437,29.02
2024-10-07 03:00:00,17.248,27.2
2024-10-07 04:00:00,17.445,27.6
2024-10-07 05:00:00,18.087,24.45
2024-10-07 06:00:00,22.291,26.48
2024-10-07 07:00:00,28.468,24.97
2024-10-07 08:00:00,35.365,26.45
2024-10-07 09:00:00,39.982,23.76
2024-10-07 10:00:00,41.319,26.32
2024-10-07 11:00:00,40.449,26.22
2024-10-07 12:00:00,40.995,26.97
2024-10-07 13:00:00,37.521,27.23
2024-10-07 14:00:00,36.466,29.96
2024-10-07 15:00:00,38.971,31.19
2024-10-07 16:00:00,38.564,33.16
2024-10-07 17:00:00,41.424,33.47
2024-10-07 18:00:00,45.787,32.91
2024-10-07 19:00:00,49.683,33.03
2024-10-07 20:00:00,50.465,32.89
2024-10-07 21:00:00,48.966,35.01
2024-10-07 22:00:00,39.818,32.76
2024-10-07 23:00:00,31.312,33.85
2024-10-08 00:00:00,19.161,32.15
2024-10-08 01:00:00,20.576,30.91
2024-10-08 02:00:00,17.67,29.24
2024-10-08 03:00:00,17.514,28.85
2024-10-08 04:00:00,17.316,27.22
2024-10-08 05:00:00,18.921,26.01
2024-10-08 06:00:00,22.942,26.14
2024-10-08 07:00:00,29.466,25.02
2024-10-08 08:00:00,34.719,24.34
2024-10-08 09:00:00,39.095,25.62
2024-10-08 10:00:00,41.717,25.53
2024-10-08 11:00:00,40.107,26.69
2024-10-08 12:00:00,41.234,26.87
2024-10-08 13:00:00,39.143,27.35
2024-10-08 14:00:00,37.519,30.87
2024-10-08 15:00:00,37.463,31.88
2024-10-08 16:00:00,38.896,32.44
2024-10-08 17:00:00,41.751,32.35
2024-10-08 18:00:00,46.177,33.14
2024-10-08 19:00:00,49.54,34.93
2024-10-08 20:00:00,49.582,33.7
2024-10-08 21:00:00,46.256,33.32
2024-10-08 22:00:00,40.419,34.88
2024-10-08 23:00:00,32.192,32.62
2024-10-09 00:00:00,21.05,33.14
2024-10-09 01:00:00,20.641,29.53
2024-10-09 02:00:00,17.802,29.89
2024-10-09 03:00:00,18.214,29.97
2024-10-09 04:00:00,18.005,27.25
2024-10-09 05:00:00,19.432,26.09
2024-10-09 06:00:00,21.722,24.65
2024-10-09 07:00:00,29.087,26.0
2024-10-09 08:00:00,36.947,24.36
2024-10-09 09:00:00,40.568,25.06
2024-10-09 10:00:00,42.385,24.59
2024-10-09 11:00:00,39.384,27.54
2024-10-09 12:00:00,41.737,28.15
2024-10-09 13:00:00,37.953,28.29
2024-10-09 14:00:00,36.216,28.55
2024-10-09 15:00:00,37.382,31.87
2024-10-09 16:00:00,36.264,31.43
2024-10-09 17:00:00,40.713,31.77
2024-10-09 18:00:00,48.51,31.96
2024-10-09 19:00:00,49.082,33.31
2024-10-09 20:00:00,49.544,32.81
2024-10-09 21:00:00,48.476,33.32
2024-10-09 22:00:00,39.884,33.97
2024-10-09 23:00:00,32.502,32.36
2024-10-10 00:00:00,20.513,32.01
2024-10-10 01:00:00,19.656,30.06
2024-10-10 02:00:00,16.68,29.53
2024-10-10 03:00:00,19.481,29.85
2024-10-10 04:00:00,17.344,26.95
2024-10-10 05:00:00,18.212,26.6
2024-10-10 06:00:00,22.651,24.32
2024-10-10 07:00:00,28.505,26.34
2024-10-10 08:00:00,34.924,24.59
2024-10-10 09:00:00,39.486,25.97
2024-10-10 10:00:00,43.532,25.48
2024-10-10 11:00:00,40.236,26.78
2024-10-10 12:00:00,37.608,27.76
2024-10-10 13:00:00,37.571,27.95
2024-10-10 14:00:00,39.196,30.35
2024-10-10 15:00:00,37.483,30.03
2024-10-10 16:00:00,38.623,32.34
2024-10-10 17:00:00,43.013,32.34
2024-10-10 18:00:00,45.107,33.65
2024-10-10 19:00:00,50.115,33.45
2024-10-10 20:00:00,50.319,34.01
2024-10-10 21:00:00,49.037,32.96
2024-10-10 22:00:00,40.401,33.57
2024-10-10 23:00:00,31.374,32.69
2024-10-11 00:00:00,22.257,31.29
2024-10-11 01:00:00,20.143,30.59
2024-10-11 02:00:00,17.681,29.58
2024-10-11 03:00:00,16.349,27.81
2024-10-11 04:00:00,18.461,27.12
2024-10-11 05:00:00,18.961,25.48
2024-10-11 06:00:00,22.551,27.45
2024-10-11 07:00:00,28.404,25.97
2024-10-11 08:00:00,36.745,25.19
2024-10-11 09:00:00,40.408,26.06
2024-10-11 10:00:00,41.653,23.99
2024-10-11 11:00:00,40.917,24.24
2024-10-11 12:00:00,40.125,26.9
2024-10-11 13:00:00,38.702,27.2
2024-10-11 14:00:00,39.478,29.28
2024-10-11 15:00:00,39.025,30.8
2024-10-11 16:00:00,39.303,32.45
2024-10-11 17:00:00,43.222,31.74
2024-10-11 18:00:00,45.909,33.68
2024-10-11 19:00:00,50.174,33.82
2024-10-11 20:00:00,52.025,34.24
2024-10-11 21:00:00,49.489,33.4
2024-10-11 22:00:00,41.734,34.47
2024-10-11 23:00:00,32.264,32.56
2024-10-12 00:00:00,20.203,33.13
2024-10-12 01:00:00,15.923,30.0
2024-10-12 02:00:00,15.014,30.06
2024-10-12 03:00:00,14.087,28.25
2024-10-12 04:00:00,13.93,26.95
2024-10-12 05:00:00,13.577,26.79
2024-10-12 06:00:00,20.91,25.33
2024-10-12 07:00:00,23.663,22.99
2024-10-12 08:00:00,30.518,22.51
2024-10-12 09:00:00,32.796,26.13
2024-10-12 10:00:00,36.18,26.55
2024-10-12 11:00:00,33.879,27.79
2024-10-12 12:00:00,32.654,27.2
2024-10-12 13:00:00,33.144,27.26
2024-10-12 14:00:00,31.798,29.13
2024-10-12 15:00:00,31.493,30.64
2024-10-12 16:00:00,33.121,30.91
2024-10-12 17:00:00,36.363,33.96
2024-10-12 18:00:00,38.18,35.15
2024-10-12 19:00:00,41.038,34.19
2024-10-12 20:00:00,43.374,33.95
2024-10-12 21:00:00,41.733,32.77
2024-10-12 22:00:00,36.172,34.59
2024-10-12 23:00:00,25.784,32.7
2024-10-13 00:00:00,17.883,31.48
2024-10-13 01:00:00,17.672,31.01
2024-10-13 02:00:00,17.185,28.99
2024-10-13 03:00:00,13.293,28.41
2024-10-13 04:00:00,13.552,26.05
2024-10-13 05:00:00,15.995,27.15
2024-10-13 06:00:00,18.918,25.48
2024-10-13 07:00:00,23.935,26.04
2024-10-13 08:00:00,30.594,24.8
2024-10-13 09:00:00,35.827,25.0
2024-10-13 10:00:00,34.211,24.59
2024-10-13 11:00:00,36.208,26.88
2024-10-13 12:00:00,33.227,26.51
2024-10-13 13:00:00,33.299,27.9
2024-10-13 14:00:00,34.135,29.46
2024-10-13 15:00:00,32.411,30.72
2024-10-13 16:00:00,32.643,30.34
2024-10-13 17:00:00,36.28,32.45
2024-10-13 18:00:00,38.838,33.99
2024-10-13 19:00:00,42.581,33.5
2024-10-13 20:00:00,43.141,33.77
2024-10-13 21:00:00,42.061,33.93
2024-10-13 22:00:00,33.258,33.25
2024-10-13 23:00:00,25.843,31.81
2024-10-14 00:00:00,19.983,31.67
2024-10-14 01:00:00,19.322,31.41
2024-10-14 02:00:00,16.29,28.61
2024-10-14 03:00:00,16.124,27.99
2024-10-14 04:00:00,15.7,26.1
2024-10-14 05:00:00,19.869,27.02
2024-10-14 06:00:00,21.94,25.48
2024-10-14 07:00:00,27.758,24.42
2024-10-14 08:00:00,35.953,25.03
2024-10-14 09:00:00,42.011,24.14
2024-10-14 10:00:00,41.702,24.73
2024-10-14 11:00:00,40.761,25.1
2024-10-14 12:00:00,41.097,26.35
2024-10-14 13:00:00,39.656,29.37
2024-10-14 14:00:00,38.684,28.86
2024-10-14 15:00:00,37.146,30.99
2024-10-14 16:00:00,39.225,31.03
2024-10-14 17:00:00,40.432,33.24
2024-10-14 18:00:00,45.264,32.52
2024-10-14 19:00:00,50.93,33.83
2024-10-14 20:00:00,52.328,33.99
2024-10-14 21:00:00,48.896,35.66
2024-10-14 22:00:00,38.832,33.85
2024-10-14 23:00:00,30.388,32.15
2024-10-15 00:00:00,20.727,32.24
2024-10-15 01:00:00,19.205,32.32
2024-10-15 02:00:00,16.575,28.14
2024-10-15 03:00:00,16.579,27.61
2024-10-15 04:00:00,18.633,27.01
2024-10-15 05:00:00,18.769,25.93
2024-10-15 06:00:00,23.173,25.28
2024-10-15 07:00:00,28.032,24.05
2024-10-15 08:00:00,34.028,26.07
2024-10-15 09:00:00,39.037,23.96
2024-10-15 10:00:00,40.107,25.39
2024-10-15 11:00:00,40.877,27.1
2024-10-15 12:00:00,40.172,27.17
2024-10-15 13:00:00,37.775,27.49
2024-10-15 14:00:00,38.401,28.36
2024-10-15 15:00:00,39.238,30.42
2024-10-15 16:00:00,40.757,31.09
2024-10-15 17:00:00,42.606,32.79
2024-10-15 18:00:00,45.722,32.22
2024-10-15 19:00:00,50.223,34.44
2024-10-15 20:00:00,52.379,34.03
2024-10-15 21:00:00,46.403,33.94
2024-10-15 22:00:00,42.312,34.49
2024-10-15 23:00:00,31.065,32.27
2024-10-16 00:00:00,20.874,31.11
2024-10-16 01:00:00,19.018,30.17
2024-10-16 02:00:00,18.176,29.29
2024-10-16 03:00:00,15.697,28.2
2024-10-16 04:00:00,16.539,26.52
2024-10-16 05:00:00,18.896,24.64
2024-10-16 06:00:00,23.173,25.09
2024-10-16 07:00:00,29.458,25.38
2024-10-16 08:00:00,35.37,25.05
2024-10-16 09:00:00,40.998,26.05
2024-10-16 10:00:00,42.898,27.1
2024-10-16 11:00:00,41.816,26.86
2024-10-16 12:00:00,40.216,28.29
2024-10-16 13:00:00,39.718,28.88
2024-10-16 14:00:00,39.138,30.8
2024-10-16 15:00:00,40.47,32.08
2024-10-16 16:00:00,40.002,32.45
2024-10-16 17:00:00,41.729,33.18
2024-10-16 18:00:00,44.97,33.17
2024-10-16 19:00:00,49.204,33.75
2024-10-16 20:00:00,50.662,33.66
2024-10-16 21:00:00,48.972,34.28
2024-10-16 22:00:00,40.086,32.75
2024-10-16 23:00:00,32.836,32.46
2024-10-17 00:00:00,20.003,29.8
2024-10-17 01:00:00,17.715,31.98
2024-10-17 02:00:00,17.712,29.26
2024-10-17 03:00:00,15.971,28.63
2024-10-17 04:00:00,15.547,28.35
2024-10-17 05:00:00,17.71,26.49
2024-10-17 06:00:00,22.173,26.69
2024-10-17 07:00:00,29.08,24.09
2024-10-17 08:00:00,35.067,26.85
2024-10-17 09:00:00,39.74,25.95
2024-10-17 10:00:00,41.815,25.7
2024-10-17 11:00:00,41.835,27.39
2024-10-17 12:00:00,41.28,26.24
2024-10-17 13:00:00,38.911,28.03
2024-10-17 14:00:00,38.48,30.58
2024-10-17 15:00:00,37.553,29.1
2024-10-17 16:00:00,39.251,32.13
2024-10-17 17:00:00,42.218,33.03
2024-10-17 18:00:00,47.252,34.9
2024-10-17 19:00:00,47.544,32.51
2024-10-17 20:00:00,50.761,35.21
2024-10-17 21:00:00,48.796,33.32
2024-10-17 22:00:00,40.773,32.96
2024-10-17 23:00:00,30.662,31.63
2024-10-18 00:00:00,20.095,30.8
2024-10-18 01:00:00,20.202,30.91
2024-10-18 02:00:00,17.078,28.53
2024-10-18 03:00:00,15.04,28.85
2024-10-18 04:00:00,17.704,26.64
2024-10-18 05:00:00,18.828,25.27
2024-10-18 06:00:00,22.832,25.1
2024-10-18 07:00:00,28.137,25.34
2024-10-18 08:00:00,35.584,24.7
2024-10-18 09:00:00,41.53,25.1
2024-10-18 10:00:00,40.173,26.08
2024-10-18 11:00:00,39.205,27.1
2024-10-18 12:00:00,39.14,26.92
2024-10-18 13:00:00,38.733,27.42
2024-10-18 14:00:00,37.744,29.48
2024-10-18 15:00:00,38.396,30.96
2024-10-18 16:00:00,39.871,30.5
2024-10-18 17:00:00,42.104,31.89
2024-10-18 18:00:00,46.472,32.74
2024-10-18 19:00:00,49.748,33.6
2024-10-18 20:00:00,51.01,33.31
2024-10-18 21:00:00,47.131,34.33
2024-10-18 22:00:00,39.751,32.03
2024-10-18 23:00:00,30.242,31.33
2024-10-19 00:00:00,18.056,31.4
2024-10-19 01:00:00,16.71,30.44
2024-10-19 02:00:00,13.694,28.25
2024-10-19 03:00:00,14.38,27.77
2024-10-19 04:00:00,13.413,26.84
2024-10-19 05:00:00,14.515,25.92
2024-10-19 06:00:00,18.87,25.64
2024-10-19 07:00:00,23.567,24.54
2024-10-19 08:00:00,30.964,26.1
2024-10-19 09:00:00,34.075,25.46
2024-10-19 10:00:00,36.379,24.87
2024-10-19 11:00:00,34.228,26.31
2024-10-19 12:00:00,33.399,27.26
2024-10-19 13:00:00,34.857,29.22
2024-10-19 14:00:00,30.857,28.93
2024-10-19 15:00:00,33.389,31.19
2024-10-19 16:00:00,34.634,31.69
2024-10-19 17:00:00,36.328,33.79
2024-10-19 18:00:00,38.678,34.34
2024-10-19 19:00:00,43.505,33.91
2024-10-19 20:00:00,43.022,33.7
2024-10-19 21:00:00,40.463,34.16
2024-10-19 22:00:00,34.284,33.16
2024-10-19 23:00:00,26.295,33.93
2024-10-20 00:00:00,17.241,31.72
2024-10-20 01:00:00,17.605,30.25
2024-10-20 02:00:00,14.384,29.04
2024-10-20 03:00:00,14.275,27.27
2024-10-20 04:00:00,12.833,27.6
2024-10-20 05:00:00,15.637,25.57
2024-10-20 06:00:00,18.328,26.39
2024-10-20 07:00:00,23.505,24.02
2024-10-20 08:00:00,30.234,25.01
2024-10-20 09:00:00,35.325,25.98
2024-10-20 10:00:00,35.996,23.78
2024-10-20 11:00:00,35.199,27.84
2024-10-20 12:00:00,33.68,26.81
2024-10-20 13:00:00,32.604,28.35
2024-10-20 14:00:00,33.319,29.86
2024-10-20 15:00:00,31.505,31.15
2024-10-20 16:00:00,33.797,31.87
2024-10-20 17:00:00,36.808,33.38
2024-10-20 18:00:00,38.157,33.71
2024-10-20 19:00:00,41.341,35.16
2024-10-20 20:00:00,42.793,34.32
2024-10-20 21:00:00,39.686,35.32
2024-10-20 22:00:00,34.201,34.02
2024-10-20 23:00:00,28.204,31.14
2024-10-21 00:00:00,20.354,33.74
2024-10-21 01:00:00,20.732,30.1
2024-10-21 02:00:00,17.408,30.59
2024-10-21 03:00:00,18.986,28.25
2024-10-21 04:00:00,16.135,28.0
2024-10-21 05:00:00,18.213,25.66
2024-10-21 06:00:00,22.022,26.0
2024-10-21 07:00:00,28.369,24.85
2024-10-21 08:00:00,37.065,26.16
2024-10-21 09:00:00,40.774,25.4
2024-10-21 10:00:00,42.869,26.25
2024-10-21 11:00:00,39.458,24.48
2024-10-21 12:00:00,40.448,27.08
2024-10-21 13:00:00,37.769,28.56
2024-10-21 14:00:00,36.886,29.57
2024-10-21 15:00:00,37.984,31.33
2024-10-21 16:00:00,38.993,31.35
2024-10-21 17:00:00,41.874,32.61
2024-10-21 18:00:00,46.632,34.23
2024-10-21 19:00:00,50.361,31.91
2024-10-21 20:00:00,52.499,34.36
2024-10-21 21:00:00,47.236,33.47
2024-10-21 22:00:00,42.332,32.56
2024-10-21 23:00:00,33.54,32.84
2024-10-22 00:00:00,21.046,32.62
2024-10-22 01:00:00,17.678,31.38
2024-10-22 02:00:00,16.439,29.28
2024-10-22 03:00:00,16.359,28.92
2024-10-22 04:00:00,18.884,27.83
2024-10-22 05:00:00,18.377,26.13
2024-10-22 06:00:00,22.32,24.93
2024-10-22 07:00:00,28.371,24.53
2024-10-22 08:00:00,34.351,25.56
2024-10-22 09:00:00,41.182,25.0
2024-10-22 10:00:00,41.726,24.65
2024-10-22 11:00:00,42.942,24.85
2024-10-22 12:00:00,40.421,27.8
2024-10-22 13:00:00,39.607,27.78
2024-10-22 14:00:00,38.003,29.65
2024-10-22 15:00:00,36.627,31.54
2024-10-22 16:00:00,37.869,30.59
2024-10-22 17:00:00,40.423,32.53
2024-10-22 18:00:00,46.829,33.14
2024-10-22 19:00:00,49.077,34.03
2024-10-22 20:00:00,51.972,34.87
2024-10-22 21:00:00,48.589,32.66
2024-10-22 22:00:00,40.501,33.73
2024-10-22 23:00:00,30.427,33.39
2024-10-23 00:00:00,21.728,31.48
2024-10-23 01:00:00,19.157,30.43
2024-10-23 02:00:00,18.77,29.71
2024-10-23 03:00:00,16.1,28.49
2024-10-23 04:00:00,17.458,27.59
2024-10-23 05:00:00,20.034,26.64
2024-10-23 06:00:00,23.228,24.69
2024-10-23 07:00:00,29.871,25.82
2024-10-23 08:00:00,36.283,25.81
2024-10-23 09:00:00,42.226,25.18
2024-10-23 10:00:00,42.199,24.28
2024-10-23 11:00:00,41.514,26.1
2024-10-23 12:00:00,39.743,27.28
2024-10-23 13:00:00,37.97,27.29
2024-10-23 14:00:00,37.018,29.08
2024-10-23 15:00:00,39.032,29.41
2024-10-23 16:00:00,37.731,32.11
2024-10-23 17:00:00,42.581,32.69
2024-10-23 18:00:00,46.324,31.95
2024-10-23 19:00:00,50.406,34.0
2024-10-23 20:00:00,50.475,33.83
2024-10-23 21:00:00,47.643,34.13
2024-10-23 22:00:00,41.186,32.95
2024-10-23 23:00:00,31.322,31.91
2024-10-24 00:00:00,20.164,31.0
2024-10-24 01:00:00,21.357,30.1
2024-10-24 02:00:00,17.043,29.38
2024-10-24 03:00:00,15.816,28.32
2024-10-24 04:00:00,16.583,26.96
2024-10-24 05:00:00,19.638,25.85
2024-10-24 06:00:00,20.74,25.19
2024-10-24 07:00:00,30.263,27.02
2024-10-24 08:00:00,34.77,24.25
2024-10-24 09:00:00,40.56,24.57
2024-10-24 10:00:00,41.13,28.1
2024-10-24 11:00:00,42.832,26.52
2024-10-24 12:00:00,39.907,26.01
2024-10-24 13:00:00,38.038,28.87
2024-10-24 14:00:00,37.943,28.63
2024-10-24 15:00:00,37.831,31.25
2024-10-24 16:00:00,38.941,31.44
2024-10-24 17:00:00,42.268,32.19
2024-10-24 18:00:00,45.899,34.54
2024-10-24 19:00:00,48.065,34.16
2024-10-24 20:00:00,50.653,34.64
2024-10-24 21:00:00,49.069,34.05
2024-10-24 22:00:00,40.117,32.9
2024-10-24 23:00:00,32.306,33.03
2024-10-25 00:00:00,21.452,32.58
2024-10-25 01:00:00,19.158,30.63
2024-10-25 02:00:00,19.068,30.8
2024-10-25 03:00:00,15.057,28.87
2024-10-25 04:00:00,16.141,27.28
2024-10-25 05:00:00,19.617,26.37
2024-10-25 06:00:00,24.817,25.57
2024-10-25 07:00:00,31.402,24.01
2024-10-25 08:00:00,35.751,24.78
2024-10-25 09:00:00,40.757,25.18
2024-10-25 10:00:00,42.654,25.12
2024-10-25 11:00:00,42.101,26.44
2024-10-25 12:00:00,40.099,27.12
2024-10-25 13:00:00,39.705,28.81
2024-10-25 14:00:00,38.719,29.88
2024-10-25 15:00:00,38.273,30.65
2024-10-25 16:00:00,37.823,30.51
2024-10-25 17:00:00,41.484,33.96
2024-10-25 18:00:00,45.367,33.13
2024-10-25 19:00:00,48.257,33.63
2024-10-25 20:00:00,49.315,33.57
2024-10-25 21:00:00,48.018,33.3
2024-10-25 22:00:00,40.531,34.48
2024-10-25 23:00:00,31.727,33.64
2024-10-26 00:00:00,18.774,31.95
2024-10-26 01:00:00,16.665,30.42
2024-10-26 02:00:00,14.91,29.84
2024-10-26 03:00:00,13.372,28.24
2024-10-26 04:00:00,15.2,26.94
2024-10-26 05:00:00,15.502,26.43
2024-10-26 06:00:00,19.065,25.09
2024-10-26 07:00:00,24.519,25.2
2024-10-26 08:00:00,29.598,25.01
2024-10-26 09:00:00,33.705,25.48
2024-10-26 10:00:00,34.973,24.95
2024-10-26 11:00:00,34.387,26.73
2024-10-26 12:00:00,34.482,26.37
2024-10-26 13:00:00,33.361,27.72
2024-10-26 14:00:00,34.09,28.92
2024-10-26 15:00:00,33.315,29.65
2024-10-26 16:00:00,34.942,32.4
2024-10-26 17:00:00,36.117,31.75
2024-10-26 18:00:00,39.569,32.68
2024-10-26 19:00:00,41.552,34.69
2024-10-26 20:00:00,44.193,33.38
2024-10-26 21:00:00,40.513,33.53
2024-10-26 22:00:00,33.18,32.42
2024-10-26 23:00:00,28.434,33.18
2024-10-27 00:00:00,16.933,32.26
2024-10-27 01:00:00,16.921,31.09
2024-10-27 02:00:00,14.275,29.76
2024-10-27 03:00:00,15.455,28.23
2024-10-27 04:00:00,15.594,26.66
2024-10-27 05:00:00,16.146,25.5
2024-10-27 06:00:00,20.779,26.47
2024-10-27 07:00:00,24.717,25.6
2024-10-27 08:00:00,32.624,24.28
2024-10-27 09:00:00,35.008,25.02
2024-10-27 10:00:00,34.628,25.19
2024-10-27 11:00:00,34.751,25.25
2024-10-27 12:00:00,33.657,27.22
2024-10-27 13:00:00,32.691,27.83
2024-10-27 14:00:00,30.822,28.57
2024-10-27 15:00:00,32.474,29.31
2024-10-27 16:00:00,31.533,30.33
2024-10-27 17:00:00,32.971,32.21
2024-10-27 18:00:00,38.664,33.16
2024-10-27 19:00:00,41.278,32.97
2024-10-27 20:00:00,42.471,34.35
2024-10-27 21:00:00,38.017,33.62
2024-10-27 22:00:00,33.812,33.68
2024-10-27 23:00:00,26.7,32.36
2024-10-28 00:00:00,20.773,30.94
2024-10-28 01:00:00,19.775,30.58
2024-10-28 02:00:00,19.271,28.31
2024-10-28 03:00:00,17.357,28.59
2024-10-28 04:00:00,17.877,26.32
2024-10-28 05:00:00,19.491,26.87
2024-10-28 06:00:00,21.911,25.15
2024-10-28 07:00:00,29.518,25.82
2024-10-28 08:00:00,36.715,23.92
2024-10-28 09:00:00,39.845,24.43
2024-10-28 10:00:00,41.014,25.73
2024-10-28 11:00:00,41.341,27.07
2024-10-28 12:00:00,38.269,28.4
2024-10-28 13:00:00,37.65,28.18
2024-10-28 14:00:00,37.57,30.79
2024-10-28 15:00:00,38.2,30.25
2024-10-28 16:00:00,38.983,32.44
2024-10-28 17:00:00,42.873,31.74
2024-10-28 18:00:00,44.96,33.55
2024-10-28 19:00:00,48.475,31.79
2024-10-28 20:00:00,51.534,32.92
2024-10-28 21:00:00,47.635,34.03
2024-10-28 22:00:00,40.184,32.16
2024-10-28 23:00:00,29.726,32.83
2024-10-29 00:00:00,21.717,32.29
2024-10-29 01:00:00,20.952,30.07
2024-10-29 02:00:00,16.8,28.53
2024-10-29 03:00:00,17.872,27.77
2024-10-29 04:00:00,16.769,26.29
2024-10-29 05:00:00,16.559,26.05
2024-10-29 06:00:00,22.037,25.49
2024-10-29 07:00:00,28.094,24.72
2024-10-29 08:00:00,35.377,26.15
2024-10-29 09:00:00,40.718,24.38
2024-10-29 10:00:00,43.706,26.52
2024-10-29 11:00:00,39.34,25.29
2024-10-29 12:00:00,39.286,27.11
2024-10-29 13:00:00,37.846,29.09
2024-10-29 14:00:00,36.957,30.21
2024-10-29 15:00:00,37.837,30.13
2024-10-29 16:00:00,38.762,32.0
2024-10-29 17:00:00,39.97,32.82
2024-10-29 18:00:00,45.919,32.77
2024-10-29 19:00:00,48.24,34.14
2024-10-29 20:00:00,51.012,35.29
2024-10-29 21:00:00,49.745,34.02
2024-10-29 22:00:00,41.272,33.65
2024-10-29 23:00:00,31.801,33.02
2024-10-30 00:00:00,20.881,30.38
2024-10-30 01:00:00,19.448,30.83
2024-10-30 02:00:00,18.425,28.48
2024-10-30 03:00:00,17.303,27.66
2024-10-30 04:00:00,16.729,28.78
2024-10-30 05:00:00,18.582,25.91
2024-10-30 06:00:00,21.607,24.81
2024-10-30 07:00:00,28.321,25.87
2024-10-30 08:00:00,36.422,24.04
2024-10-30 09:00:00,41.149,24.59
2024-10-30 10:00:00,41.915,26.39
2024-10-30 11:00:00,42.309,26.14
2024-10-30 12:00:00,40.298,25.79
2024-10-30 13:00:00,38.522,28.56
2024-10-30 14:00:00,37.006,28.97
2024-10-30 15:00:00,39.208,31.69
2024-10-30 16:00:00,39.546,31.05
2024-10-30 17:00:00,43.654,33.31
2024-10-30 18:00:00,48.11,34.61
2024-10-30 19:00:00,48.157,32.95
2024-10-30 20:00:00,49.69,33.63
2024-10-30 21:00:00,45.53,33.94
2024-10-30 22:00:00,41.737,32.5
2024-10-30 23:00:00,32.29,32.68
2024-10-31 00:00:00,21.52,31.35
2024-10-31 01:00:00,18.129,30.25
2024-10-31 02:00:00,17.759,29.32
2024-10-31 03:00:00,17.018,28.18
2024-10-31 04:00:00,17.628,27.16
2024-10-31 05:00:00,18.638,25.62
2024-10-31 06:00:00,23.627,24.94
2024-10-31 07:00:00,28.943,24.84
2024-10-31 08:00:00,36.905,24.74
2024-10-31 09:00:00,40.934,24.58
2024-10-31 10:00:00,40.609,25.64
2024-10-31 11:00:00,42.217,24.64
2024-10-31 12:00:00,41.03,26.44
2024-10-31 13:00:00,39.235,27.89
2024-10-31 14:00:00,38.536,28.59
2024-10-31 15:00:00,39.432,31.74
2024-10-31 16:00:00,37.094,31.54
2024-10-31 17:00:00,43.086,32.6
2024-10-31 18:00:00,45.414,32.79
2024-10-31 19:00:00,50.587,33.61
2024-10-31 20:00:00,51.123,32.8
2024-10-31 21:00:00,47.182,33.48
2024-10-31 22:00:00,40.294,32.42
2024-10-31 23:00:00,32.662,32.23
2024-11-01 00:00:00,21.206,29.47
2024-11-01 01:00:00,18.746,29.53
2024-11-01 02:00:00,17.209,30.44
2024-11-01 03:00:00,17.485,28.77
2024-11-01 04:00:00,18.616,28.07
2024-11-01 05:00:00,16.176,27.2
2024-11-01 06:00:00,25.807,25.91
2024-11-01 07:00:00,29.278,24.56
2024-11-01 08:00:00,36.292,23.94
2024-11-01 09:00:00,39.845,25.84
2024-11-01 10:00:00,41.816,25.42
2024-11-01 11:00:00,40.996,28.08
2024-11-01 12:00:00,38.71,26.72
2024-11-01 13:00:00,37.938,29.68
2024-11-01 14:00:00,39.458,29.14
2024-11-01 15:00:00,36.157,31.5
2024-11-01 16:00:00,39.21,32.87
2024-11-01 17:00:00,41.442,31.63
2024-11-01 18:00:00,44.92,32.77
2024-11-01 19:00:00,51.481,32.78
2024-11-01 20:00:00,50.026,32.78
2024-11-01 21:00:00,47.297,34.14
2024-11-01 22:00:00,40.609,33.0
2024-11-01 23:00:00,30.836,32.48
2024-11-02 00:00:00,18.214,31.95
2024-11-02 01:00:00,16.632,28.94
2024-11-02 02:00:00,15.412,30.29
2024-11-02 03:00:00,14.179,27.81
2024-11-02 04:00:00,13.589,27.43
2024-11-02 05:00:00,16.262,26.57
2024-11-02 06:00:00,19.394,26.45
2024-11-02 07:00:00,24.204,24.82
2024-11-02 08:00:00,31.855,23.05
2024-11-02 09:00:00,34.123,24.95
2024-11-02 10:00:00,36.661,25.51
2024-11-02 11:00:00,35.931,25.24
2024-11-02 12:00:00,35.126,27.12
2024-11-02 13:00:00,33.651,27.8
2024-11-02 14:00:00,32.512,28.17
2024-11-02 15:00:00,32.014,30.95
2024-11-02 16:00:00,32.697,31.05
2024-11-02 17:00:00,33.337,32.1
2024-11-02 18:00:00,39.748,32.77
2024-11-02 19:00:00,42.299,34.58
2024-11-02 20:00:00,44.192,33.71
2024-11-02 21:00:00,41.063,33.65
2024-11-02 22:00:00,35.358,32.79
2024-11-02 23:00:00,25.472,32.8
2024-11-03 00:00:00,17.014,32.57
2024-11-03 01:00:00,13.947,30.93
2024-11-03 02:00:00,15.035,29.79
2024-11-03 03:00:00,13.518,28.56
2024-11-03 04:00:00,13.384,25.89
2024-11-03 05:00:00,15.947,25.36
2024-11-03 06:00:00,19.073,25.18
2024-11-03 07:00:00,23.248,24.31
2024-11-03 08:00:00,32.941,23.89
2024-11-03 09:00:00,34.209,23.39
2024-11-03 10:00:00,34.442,24.26
2024-11-03 11:00:00,33.997,25.85
2024-11-03 12:00:00,33.636,26.93
2024-11-03 13:00:00,32.767,27.44
2024-11-03 14:00:00,33.841,29.3
2024-11-03 15:00:00,31.998,30.05
2024-11-03 16:00:00,34.838,32.36
2024-11-03 17:00:00,35.106,32.29
2024-11-03 18:00:00,39.45,33.69
2024-11-03 19:00:00,43.092,33.74
2024-11-03 20:00:00,44.569,32.61
2024-11-03 21:00:00,42.521,33.5
2024-11-03 22:00:00,34.403,32.14
2024-11-03 23:00:00,26.871,32.32
2024-11-04 00:00:00,18.891,30.88
2024-11-04 01:00:00,19.18,30.7
2024-11-04 02:00:00,18.963,28.15
2024-11-04 03:00:00,17.745,28.07
2024-11-04 04:00:00,16.742,27.43
2024-11-04 05:00:00,20.093,26.77
2024-11-04 06:00:00,22.558,24.72
2024-11-04 07:00:00,28.34,24.89
2024-11-04 08:00:00,35.222,24.87
2024-11-04 09:00:00,39.145,26.11
2024-11-04 10:00:00,42.455,24.14
2024-11-04 11:00:00,41.094,25.31
2024-11-04 12:00:00,40.402,29.21
2024-11-04 13:00:00,38.337,27.84
2024-11-04 14:00:00,38.191,27.71
2024-11-04 15:00:00,35.518,29.92
2024-11-04 16:00:00,39.144,29.25
2024-11-04 17:00:00,41.921,32.59
2024-11-04 18:00:00,44.777,33.76
2024-11-04 19:00:00,49.363,32.83
2024-11-04 20:00:00,50.737,33.34
2024-11-04 21:00:00,50.25,34.3
2024-11-04 22:00:00,39.718,31.71
2024-11-04 23:00:00,31.958,31.34
2024-11-05 00:00:00,20.307,31.28
2024-11-05 01:00:00,18.811,29.78
2024-11-05 02:00:00,18.132,28.98
2024-11-05 03:00:00,16.614,27.04
2024-11-05 04:00:00,16.824,27.13
2024-11-05 05:00:00,18.699,25.91
2024-11-05 06:00:00,22.446,25.75
2024-11-05 07:00:00,29.972,25.02
2024-11-05 08:00:00,35.388,24.87
2024-11-05 09:00:00,40.19,23.7
2024-11-05 10:00:00,42.189,25.7
2024-11-05 11:00:00,41.032,25.76
2024-11-05 12:00:00,40.437,26.82
2024-11-05 13:00:00,39.083,28.88
2024-11-05 14:00:00,38.728,28.63
2024-11-05 15:00:00,37.408,31.45
2024-11-05 16:00:00,37.67,32.61
2024-11-05 17:00:00,40.364,32.99
2024-11-05 18:00:00,44.196,32.31
2024-11-05 19:00:00,51.268,31.8
2024-11-05 20:00:00,48.743,34.56
2024-11-05 21:00:00,49.668,33.64
2024-11-05 22:00:00,39.963,32.5
2024-11-05 23:00:00,32.83,33.32
2024-11-06 00:00:00,19.173,30.76
2024-11-06 01:00:00,19.14,30.02
2024-11-06 02:00:00,19.333,29.62
2024-11-06 03:00:00,17.557,27.14
2024-11-06 04:00:00,16.486,26.86
2024-11-06 05:00:00,16.378,26.88
2024-11-06 06:00:00,21.601,25.47
2024-11-06 07:00:00,30.487,25.84
2024-11-06 08:00:00,35.345,25.6
2024-11-06 09:00:00,40.217,24.85
2024-11-06 10:00:00,42.109,23.43
2024-11-06 11:00:00,39.471,25.12
2024-11-06 12:00:00,40.195,27.55
2024-11-06 13:00:00,38.332,26.78
2024-11-06 14:00:00,38.55,28.93
2024-11-06 15:00:00,37.15,30.62
2024-11-06 16:00:00,37.155,32.61
2024-11-06 17:00:00,41.384,31.91
2024-11-06 18:00:00,46.554,32.57
2024-11-06 19:00:00,49.872,33.49
2024-11-06 20:00:00,51.032,33.97
2024-11-06 21:00:00,49.366,33.41
2024-11-06 22:00:00,40.592,33.92
2024-11-06 23:00:00,31.677,31.73
2024-11-07 00:00:00,20.931,31.53
2024-11-07 01:00:00,20.356,30.7
2024-11-07 02:00:00,18.147,28.86
2024-11-07 03:00:00,16.262,28.69
2024-11-07 04:00:00,15.311,27.05
2024-11-07 05:00:00,19.487,26.63
2024-11-07 06:00:00,22.191,25.44
2024-11-07 07:00:00,29.144,25.13
2024-11-07 08:00:00,38.1,24.17
2024-11-07 09:00:00,41.108,24.33
2024-11-07 10:00:00,43.463,26.26
2024-11-07 11:00:00,40.251,26.5
2024-11-07 12:00:00,40.872,26.11
2024-11-07 13:00:00,38.787,28.15
2024-11-07 14:00:00,38.623,27.27
2024-11-07 15:00:00,39.801,29.88
2024-11-07 16:00:00,38.476,32.19
2024-11-07 17:00:00,41.84,32.25
2024-11-07 18:00:00,44.979,33.16
2024-11-07 19:00:00,50.376,31.1
2024-11-07 20:00:00,50.428,33.36
2024-11-07 21:00:00,49.493,33.79
2024-11-07 22:00:00,39.117,33.44
2024-11-07 23:00:00,32.18,33.12
2024-11-08 00:00:00,20.763,31.25
2024-11-08 01:00:00,20.125,30.2
2024-11-08 02:00:00,17.836,28.1
2024-11-08 03:00:00,16.284,27.84
2024-11-08 04:00:00,16.436,25.9
2024-11-08 05:00:00,17.493,24.5
2024-11-08 06:00:00,23.805,24.4
2024-11-08 07:00:00,28.0,26.02
2024-11-08 08:00:00,35.428,24.44
2024-11-08 09:00:00,40.642,24.99
2024-11-08 10:00:00,43.466,24.85
2024-11-08 11:00:00,40.791,24.54
2024-11-08 12:00:00,39.533,27.66
2024-11-08 13:00:00,39.039,26.26
2024-11-08 14:00:00,36.135,28.71
2024-11-08 15:00:00,36.517,30.28
2024-11-08 16:00:00,38.377,31.59
2024-11-08 17:00:00,41.093,31.76
2024-11-08 18:00:00,44.267,31.58
2024-11-08 19:00:00,50.345,32.86
2024-11-08 20:00:00,51.265,33.05
2024-11-08 21:00:00,48.593,32.88
2024-11-08 22:00:00,40.092,33.82
2024-11-08 23:00:00,31.701,31.36
2024-11-09 00:00:00,18.732,31.64
2024-11-09 01:00:00,16.203,30.44
2024-11-09 02:00:00,15.626,29.92
2024-11-09 03:00:00,13.494,27.88
2024-11-09 04:00:00,14.405,27.53
2024-11-09 05:00:00,16.771,25.83
2024-11-09 06:00:00,20.764,25.6
2024-11-09 07:00:00,26.064,23.6
2024-11-09 08:00:00,30.636,22.53
2024-11-09 09:00:00,34.279,25.1
2024-11-09 10:00:00,35.089,25.59
2024-11-09 11:00:00,32.836,26.34
2024-11-09 12:00:00,32.441,26.47
2024-11-09 13:00:00,32.775,29.17
2024-11-09 14:00:00,32.402,28.77
2024-11-09 15:00:00,33.519,30.64
2024-11-09 16:00:00,34.287,31.86
2024-11-09 17:00:00,34.847,33.7
2024-11-09 18:00:00,39.85,32.78
2024-11-09 19:00:00,41.563,32.96
2024-11-09 20:00:00,44.046,32.44
2024-11-09 21:00:00,42.005,34.72
2024-11-09 22:00:00,35.947,33.37
2024-11-09 23:00:00,26.375,32.68
2024-11-10 00:00:00,19.242,33.88
2024-11-10 01:00:00,14.563,30.56
2024-11-10 02:00:00,16.495,28.09
2024-11-10 03:00:00,14.28,27.81
2024-11-10 04:00:00,14.302,26.1
2024-11-10 05:00:00,13.528,25.63
2024-11-10 06:00:00,19.111,24.91
2024-11-10 07:00:00,26.092,24.31
2024-11-10 08:00:00,29.91,23.51
2024-11-10 09:00:00,34.974,26.05
2024-11-10 10:00:00,35.582,25.47
2024-11-10 11:00:00,35.764,25.76
2024-11-10 12:00:00,34.008,27.48
2024-11-10 13:00:00,31.996,28.34
2024-11-10 14:00:00,32.57,29.34
2024-11-10 15:00:00,33.712,30.84
2024-11-10 16:00:00,33.454,31.48
2024-11-10 17:00:00,35.428,32.84
2024-11-10 18:00:00,41.316,33.62
2024-11-10 19:00:00,43.232,33.6
2024-11-10 20:00:00,44.183,33.44
2024-11-10 21:00:00,41.506,34.69
2024-11-10 22:00:00,35.425,32.63
2024-11-10 23:00:00,27.655,32.61
2024-11-11 00:00:00,19.194,31.7
2024-11-11 01:00:00,19.783,29.79
2024-11-11 02:00:00,17.686,28.47
2024-11-11 03:00:00,16.32,27.67
2024-11-11 04:00:00,16.631,26.47
2024-11-11 05:00:00,16.773,24.76
2024-11-11 06:00:00,21.109,24.69
2024-11-11 07:00:00,30.341,24.98
2024-11-11 08:00:00,36.171,25.62
2024-11-11 09:00:00,37.829,25.21
2024-11-11 10:00:00,41.232,23.13
2024-11-11 11:00:00,41.698,26.44
2024-11-11 12:00:00,39.494,26.41
2024-11-11 13:00:00,40.03,28.3
2024-11-11 14:00:00,39.321,29.09
2024-11-11 15:00:00,36.356,30.12
2024-11-11 16:00:00,38.614,31.27
2024-11-11 17:00:00,41.363,32.27
2024-11-11 18:00:00,44.483,34.08
2024-11-11 19:00:00,47.987,33.43
2024-11-11 20:00:00,50.178,34.47
2024-11-11 21:00:00,47.796,34.2
2024-11-11 22:00:00,41.089,33.53
2024-11-11 23:00:00,32.685,30.85
2024-11-12 00:00:00,21.944,32.24
2024-11-12 01:00:00,20.145,29.9
2024-11-12 02:00:00,17.578,29.67
2024-11-12 03:00:00,17.445,27.15
2024-11-12 04:00:00,16.679,25.9
2024-11-12 05:00:00,17.91,27.49
2024-11-12 06:00:00,24.885,24.43
2024-11-12 07:00:00,26.693,25.66
2024-11-12 08:00:00,33.789,24.69
2024-11-12 09:00:00,40.68,24.41
2024-11-12 10:00:00,41.55,25.16
2024-11-12 11:00:00,39.334,24.87
2024-11-12 12:00:00,38.704,26.83
2024-11-12 13:00:00,37.817,27.06
2024-11-12 14:00:00,39.16,28.77
2024-11-12 15:00:00,38.977,30.99
2024-11-12 16:00:00,40.432,31.54
2024-11-12 17:00:00,40.199,31.08
2024-11-12 18:00:00,44.506,33.66
2024-11-12 19:00:00,48.006,33.43
2024-11-12 20:00:00,52.315,33.15
2024-11-12 21:00:00,48.876,34.03
2024-11-12 22:00:00,40.882,32.85
2024-11-12 23:00:00,31.854,31.33
2024-11-13 00:00:00,21.362,32.81
2024-11-13 01:00:00,18.236,30.23
2024-11-13 02:00:00,18.373,29.01
2024-11-13 03:00:00,16.64,27.59
2024-11-13 04:00:00,15.606,27.77
2024-11-13 05:00:00,18.946,25.48
2024-11-13 06:00:00,22.516,23.94
2024-11-13 07:00:00,29.302,24.19
2024-11-13 08:00:00,35.573,25.64
2024-11-13 09:00:00,41.199,25.39
2024-11-13 10:00:00,42.045,24.97
2024-11-13 11:00:00,39.899,26.99
2024-11-13 12:00:00,40.108,27.42
2024-11-13 13:00:00,39.122,27.69
2024-11-13 14:00:00,38.772,28.94
2024-11-13 15:00:00,38.797,30.5
2024-11-13 16:00:00,38.132,30.65
2024-11-13 17:00:00,42.501,32.25
2024-11-13 18:00:00,44.141,33.21
2024-11-13 19:00:00,49.348,32.06
2024-11-13 20:00:00,50.72,33.41
2024-11-13 21:00:00,49.927,33.17
2024-11-13 22:00:00,40.641,33.78
2024-11-13 23:00:00,32.24,30.77
2024-11-14 00:00:00,19.623,31.01
2024-11-14 01:00:00,19.021,29.84
2024-11-14 02:00:00,16.987,29.83
2024-11-14 03:00:00,19.355,27.86
2024-11-14 04:00:00,16.15,28.25
2024-11-14 05:00:00,18.435,26.41
2024-11-14 06:00:00,23.079,24.83
2024-11-14 07:00:00,27.449,24.9
2024-11-14 08:00:00,35.163,24.27
2024-11-14 09:00:00,40.703,25.4
2024-11-14 10:00:00,41.907,24.09
2024-11-14 11:00:00,38.454,25.21
2024-11-14 12:00:00,39.202,27.17
2024-11-14 13:00:00,39.801,28.87
2024-11-14 14:00:00,38.85,27.29
2024-11-14 15:00:00,38.982,31.32
2024-11-14 16:00:00,37.755,31.19
2024-11-14 17:00:00,43.127,30.72
2024-11-14 18:00:00,45.855,30.54
2024-11-14 19:00:00,51.094,32.17
2024-11-14 20:00:00,51.003,33.53
2024-11-14 21:00:00,46.362,33.34
2024-11-14 22:00:00,41.666,33.45
2024-11-14 23:00:00,31.168,31.79
2024-11-15 00:00:00,21.036,30.41
2024-11-15 01:00:00,17.898,29.88
2024-11-15 02:00:00,19.505,29.07
2024-11-15 03:00:00,16.298,28.06
2024-11-15 04:00:00,18.437,26.16
2024-11-15 05:00:00,17.92,26.58
2024-11-15 06:00:00,22.004,24.65
2024-11-15 07:00:00,30.416,24.0
2024-11-15 08:00:00,35.625,24.1
2024-11-15 09:00:00,40.225,25.55
2024-11-15 10:00:00,40.513,25.03
2024-11-15 11:00:00,40.333,25.3
2024-11-15 12:00:00,40.217,27.53
2024-11-15 13:00:00,37.435,29.58
2024-11-15 14:00:00,37.7,29.2
2024-11-15 15:00:00,37.311,31.18
2024-11-15 16:00:00,38.828,32.11
2024-11-15 17:00:00,43.329,31.73
2024-11-15 18:00:00,45.594,32.95
2024-11-15 19:00:00,48.766,32.35
2024-11-15 20:00:00,53.801,33.37
2024-11-15 21:00:00,48.008,32.87
2024-11-15 22:00:00,40.606,32.6
2024-11-15 23:00:00,31.255,31.61
2024-11-16 00:00:00,17.925,31.05
2024-11-16 01:00:00,16.552,30.62
2024-11-16 02:00:00,16.112,28.93
2024-11-16 03:00:00,14.718,26.37
2024-11-16 04:00:00,15.404,26.18
2024-11-16 05:00:00,16.671,24.62
2024-11-16 06:00:00,19.72,25.32
2024-11-16 07:00:00,25.093,25.08
2024-11-16 08:00:00,31.476,24.72
2024-11-16 09:00:00,33.113,24.04
2024-11-16 10:00:00,38.095,25.32
2024-11-16 11:00:00,34.157,25.46
2024-11-16 12:00:00,33.455,25.86
2024-11-16 13:00:00,31.71,28.44
2024-11-16 14:00:00,31.307,29.67
2024-11-16 15:00:00,33.073,30.94
2024-11-16 16:00:00,35.262,30.78
2024-11-16 17:00:00,34.968,33.14
2024-11-16 18:00:00,39.369,32.51
2024-11-16 19:00:00,42.274,33.88
2024-11-16 20:00:00,44.37,33.1
2024-11-16 21:00:00,43.446,33.18
2024-11-16 22:00:00,36.231,30.97
2024-11-16 23:00:00,26.634,31.95
2024-11-17 00:00:00,18.746,31.33
2024-11-17 01:00:00,17.114,29.84
2024-11-17 02:00:00,15.152,30.41
2024-11-17 03:00:00,13.188,26.91
2024-11-17 04:00:00,13.491,26.3
2024-11-17 05:00:00,16.777,25.1
2024-11-17 06:00:00,20.784,24.65
2024-11-17 07:00:00,24.498,25.48
2024-11-17 08:00:00,30.611,25.68
2024-11-17 09:00:00,35.468,24.09
2024-11-17 10:00:00,33.809,24.52
2024-11-17 11:00:00,34.225,24.89
2024-11-17 12:00:00,35.871,27.79
2024-11-17 13:00:00,33.251,28.73
2024-11-17 14:00:00,31.361,28.91
2024-11-17 15:00:00,32.199,29.04
2024-11-17 16:00:00,33.988,30.2
2024-11-17 17:00:00,32.95,32.31
2024-11-17 18:00:00,39.195,33.33
2024-11-17 19:00:00,41.67,31.69
2024-11-17 20:00:00,41.675,33.23
2024-11-17 21:00:00,41.266,34.63
2024-11-17 22:00:00,34.541,32.71
2024-11-17 23:00:00,26.852,33.36
2024-11-18 00:00:00,21.065,31.76
2024-11-18 01:00:00,18.338,29.28
2024-11-18 02:00:00,16.366,28.75
2024-11-18 03:00:00,16.125,27.72
2024-11-18 04:00:00,17.706,25.97
2024-11-18 05:00:00,18.598,25.03
2024-11-18 06:00:00,22.879,26.29
2024-11-18 07:00:00,28.009,23.85
2024-11-18 08:00:00,35.319,25.34
2024-11-18 09:00:00,41.042,24.28
2024-11-18 10:00:00,42.335,25.06
2024-11-18 11:00:00,40.313,26.25
2024-11-18 12:00:00,37.116,26.25
2024-11-18 13:00:00,38.072,28.27
2024-11-18 14:00:00,37.758,27.34
2024-11-18 15:00:00,36.815,30.49
2024-11-18 16:00:00,38.339,29.25
2024-11-18 17:00:00,42.653,31.97
2024-11-18 18:00:00,45.862,33.55
2024-11-18 19:00:00,50.479,33.82
2024-11-18 20:00:00,49.461,32.43
2024-11-18 21:00:00,48.139,32.38
2024-11-18 22:00:00,38.822,32.32
2024-11-18 23:00:00,31.185,32.3
2024-11-19 00:00:00,20.353,29.59
2024-11-19 01:00:00,20.687,30.12
2024-11-19 02:00:00,18.268,29.22
2024-11-19 03:00:00,17.865,27.57
2024-11-19 04:00:00,16.392,27.13
2024-11-19 05:00:00,17.32,25.96
2024-11-19 06:00:00,21.877,24.63
2024-11-19 07:00:00,29.341,23.07
2024-11-19 08:00:00,37.546,24.57
2024-11-19 09:00:00,40.711,23.85
2024-11-19 10:00:00,41.438,24.6
2024-11-19 11:00:00,40.607,26.16
2024-11-19 12:00:00,39.748,27.84
2024-11-19 13:00:00,40.827,27.76
2024-11-19 14:00:00,39.508,29.4
2024-11-19 15:00:00,38.005,28.96
2024-11-19 16:00:00,38.872,31.4
2024-11-19 17:00:00,42.125,32.09
2024-11-19 18:00:00,46.404,33.83
2024-11-19 19:00:00,49.049,32.87
2024-11-19 20:00:00,50.139,33.26
2024-11-19 21:00:00,49.503,34.14
2024-11-19 22:00:00,40.822,32.77
2024-11-19 23:00:00,32.588,31.24
2024-11-20 00:00:00,23.099,33.24
2024-11-20 01:00:00,19.911,29.25
2024-11-20 02:00:00,18.216,28.89
2024-11-20 03:00:00,20.094,28.06
2024-11-20 04:00:00,17.041,26.91
2024-11-20 05:00:00,17.248,25.61
2024-11-20 06:00:00,22.663,24.9
2024-11-20 07:00:00,30.653,24.41
2024-11-20 08:00:00,34.38,23.55
2024-11-20 09:00:00,39.522,26.31
2024-11-20 10:00:00,42.949,24.87
2024-11-20 11:00:00,40.523,26.23
2024-11-20 12:00:00,39.668,26.42
2024-11-20 13:00:00,39.855,27.49
2024-11-20 14:00:00,37.519,28.57
2024-11-20 15:00:00,36.242,28.86
2024-11-20 16:00:00,37.343,31.06
2024-11-20 17:00:00,42.413,31.79
2024-11-20 18:00:00,46.164,33.77
2024-11-20 19:00:00,48.764,32.32
2024-11-20 20:00:00,49.818,32.97
2024-11-20 21:00:00,48.174,32.56
2024-11-20 22:00:00,41.939,33.98
2024-11-20 23:00:00,30.767,31.42
2024-11-21 00:00:00,20.744,31.63
2024-11-21 01:00:00,18.166,30.87
2024-11-21 02:00:00,17.475,28.81
2024-11-21 03:00:00,17.175,26.66
2024-11-21 04:00:00,18.987,25.58
2024-11-21 05:00:00,18.582,26.43
2024-11-21 06:00:00,22.895,24.02
2024-11-21 07:00:00,29.95,24.89
2024-11-21 08:00:00,36.41,24.51
2024-11-21 09:00:00,39.701,24.88
2024-11-21 10:00:00,44.168,25.4
2024-11-21 11:00:00,40.775,24.99
2024-11-21 12:00:00,40.021,25.89
2024-11-21 13:00:00,39.322,28.32
2024-11-21 14:00:00,38.603,28.41
2024-11-21 15:00:00,39.296,27.88
2024-11-21 16:00:00,38.158,31.68
2024-11-21 17:00:00,42.619,31.27
2024-11-21 18:00:00,46.068,33.18
2024-11-21 19:00:00,50.472,34.37
2024-11-21 20:00:00,50.781,33.42
2024-11-21 21:00:00,48.093,34.05
2024-11-21 22:00:00,41.547,32.93
2024-11-21 23:00:00,31.985,33.36
2024-11-22 00:00:00,20.583,30.31
2024-11-22 01:00:00,20.753,30.06
2024-11-22 02:00:00,18.597,29.44
2024-11-22 03:00:00,16.754,27.59
2024-11-22 04:00:00,16.352,27.58
2024-11-22 05:00:00,18.731,25.38
2024-11-22 06:00:00,23.624,26.66
2024-11-22 07:00:00,27.444,26.25
2024-11-22 08:00:00,36.083,24.63
2024-11-22 09:00:00,40.956,25.0
2024-11-22 10:00:00,39.421,25.96
2024-11-22 11:00:00,41.0,24.77
2024-11-22 12:00:00,40.489,25.6
2024-11-22 13:00:00,39.352,28.74
2024-11-22 14:00:00,39.068,29.11
2024-11-22 15:00:00,37.406,29.88
2024-11-22 16:00:00,37.699,31.15
2024-11-22 17:00:00,39.984,30.17
2024-11-22 18:00:00,47.014,32.64
2024-11-22 19:00:00,50.187,32.64
2024-11-22 20:00:00,52.192,34.12
2024-11-22 21:00:00,47.71,34.03
2024-11-22 22:00:00,41.62,33.25
2024-11-22 23:00:00,30.087,32.39
2024-11-23 00:00:00,17.32,29.94
2024-11-23 01:00:00,16.601,30.52
2024-11-23 02:00:00,15.849,29.39
2024-11-23 03:00:00,16.018,28.72
2024-11-23 04:00:00,14.061,28.33
2024-11-23 05:00:00,14.723,24.35
2024-11-23 06:00:00,18.572,24.67
2024-11-23 07:00:00,24.008,23.94
2024-11-23 08:00:00,32.61,24.52
2024-11-23 09:00:00,35.019,24.54
2024-11-23 10:00:00,36.682,24.79
2024-11-23 11:00:00,34.436,26.52
2024-11-23 12:00:00,33.811,25.75
2024-11-23 13:00:00,33.659,26.88
2024-11-23 14:00:00,31.997,28.06
2024-11-23 15:00:00,31.782,29.75
2024-11-23 16:00:00,32.258,30.14
2024-11-23 17:00:00,35.091,32.02
2024-11-23 18:00:00,39.065,32.64
2024-11-23 19:00:00,41.211,32.59
2024-11-23 20:00:00,43.642,34.07
2024-11-23 21:00:00,41.473,33.17
2024-11-23 22:00:00,34.497,33.61
2024-11-23 23:00:00,26.033,31.89
2024-11-24 00:00:00,18.314,31.1
2024-11-24 01:00:00,15.958,29.58
2024-11-24 02:00:00,15.22,28.86
2024-11-24 03:00:00,15.426,28.27
2024-11-24 04:00:00,13.028,26.28
2024-11-24 05:00:00,17.823,26.09
2024-11-24 06:00:00,19.434,24.31
2024-11-24 07:00:00,25.13,25.12
2024-11-24 08:00:00,29.577,23.89
2024-11-24 09:00:00,35.412,25.19
2024-11-24 10:00:00,35.419,25.01
2024-11-24 11:00:00,34.278,26.89
2024-11-24 12:00:00,33.226,25.68
2024-11-24 13:00:00,32.672,26.51
2024-11-24 14:00:00,32.939,28.36
2024-11-24 15:00:00,32.255,28.91
2024-11-24 16:00:00,32.905,30.0
2024-11-24 17:00:00,34.821,32.53
2024-11-24 18:00:00,38.23,32.74
2024-11-24 19:00:00,41.579,32.81
2024-11-24 20:00:00,43.819,33.04
2024-11-24 21:00:00,41.858,32.72
2024-11-24 22:00:00,35.493,34.06
2024-11-24 23:00:00,26.876,31.44
2024-11-25 00:00:00,21.811,30.04
2024-11-25 01:00:00,19.208,30.65
2024-11-25 02:00:00,16.073,28.67
2024-11-25 03:00:00,16.61,29.31
2024-11-25 04:00:00,16.447,26.17
2024-11-25 05:00:00,17.3,26.34
2024-11-25 06:00:00,22.371,25.81
2024-11-25 07:00:00,29.208,24.07
2024-11-25 08:00:00,34.544,23.74
2024-11-25 09:00:00,39.565,25.08
2024-11-25 10:00:00,43.399,25.4
2024-11-25 11:00:00,39.165,24.52
2024-11-25 12:00:00,39.593,25.68
2024-11-25 13:00:00,37.57,25.64
2024-11-25 14:00:00,37.483,29.31
2024-11-25 15:00:00,37.538,29.79
2024-11-25 16:00:00,37.753,30.95
2024-11-25 17:00:00,42.405,30.66
2024-11-25 18:00:00,47.278,31.85
2024-11-25 19:00:00,50.329,32.79
2024-11-25 20:00:00,52.045,32.79
2024-11-25 21:00:00,47.043,33.27
2024-11-25 22:00:00,40.552,33.19
2024-11-25 23:00:00,32.097,33.82
2024-11-26 00:00:00,22.309,31.06
2024-11-26 01:00:00,21.168,30.88
2024-11-26 02:00:00,18.94,28.16
2024-11-26 03:00:00,17.744,26.32
2024-11-26 04:00:00,19.516,26.29
2024-11-26 05:00:00,18.458,24.36
2024-11-26 06:00:00,22.655,24.93
2024-11-26 07:00:00,29.251,23.85
2024-11-26 08:00:00,34.767,22.75
2024-11-26 09:00:00,40.359,25.86
2024-11-26 10:00:00,40.059,24.49
2024-11-26 11:00:00,40.26,24.32
2024-11-26 12:00:00,39.662,27.28
2024-11-26 13:00:00,39.729,27.06
2024-11-26 14:00:00,39.383,29.68
2024-11-26 15:00:00,36.757,29.39
2024-11-26 16:00:00,40.878,30.63
2024-11-26 17:00:00,41.971,32.27
2024-11-26 18:00:00,46.145,33.18
2024-11-26 19:00:00,47.82,33.77
2024-11-26 20:00:00,50.368,33.23
2024-11-26 21:00:00,49.521,33.57
2024-11-26 22:00:00,40.973,33.3
2024-11-26 23:00:00,31.73,32.14
2024-11-27 00:00:00,21.652,30.94
2024-11-27 01:00:00,17.908,28.81
2024-11-27 02:00:00,17.751,29.28
2024-11-27 03:00:00,18.266,27.67
2024-11-27 04:00:00,17.938,26.22
2024-11-27 05:00:00,18.232,26.64
2024-11-27 06:00:00,24.545,23.76
2024-11-27 07:00:00,27.786,25.76
2024-11-27 08:00:00,34.709,24.28
2024-11-27 09:00:00,42.191,24.7
2024-11-27 10:00:00,42.41,24.58
2024-11-27 11:00:00,40.505,24.28
2024-11-27 12:00:00,39.724,26.43
2024-11-27 13:00:00,37.937,27.89
2024-11-27 14:00:00,38.532,29.33
2024-11-27 15:00:00,37.941,29.79
2024-11-27 16:00:00,38.78,29.28
2024-11-27 17:00:00,40.637,30.73
2024-11-27 18:00:00,46.17,34.32
2024-11-27 19:00:00,48.93,32.26
2024-11-27 20:00:00,49.994,34.42
2024-11-27 21:00:00,49.742,32.38
2024-11-27 22:00:00,43.013,32.53
2024-11-27 23:00:00,33.601,32.46
2024-11-28 00:00:00,22.083,30.37
2024-11-28 01:00:00,19.109,31.22
2024-11-28 02:00:00,17.778,28.84
2024-11-28 03:00:00,17.244,27.98
2024-11-28 04:00:00,16.401,26.31
2024-11-28 05:00:00,19.705,26.12
2024-11-28 06:00:00,20.874,26.14
2024-11-28 07:00:00,28.768,24.32
2024-11-28 08:00:00,36.517,25.66
2024-11-28 09:00:00,39.428,23.94
2024-11-28 10:00:00,41.575,25.48
2024-11-28 11:00:00,41.406,25.98
2024-11-28 12:00:00,41.329,25.66
2024-11-28 13:00:00,37.44,27.77
2024-11-28 14:00:00,36.855,28.77
2024-11-28 15:00:00,36.775,29.25
2024-11-28 16:00:00,37.192,31.3
2024-11-28 17:00:00,40.324,32.06
2024-11-28 18:00:00,44.908,32.6
2024-11-28 19:00:00,50.728,33.05
2024-11-28 20:00:00,50.682,33.19
2024-11-28 21:00:00,48.482,32.81
2024-11-28 22:00:00,39.825,32.77
2024-11-28 23:00:00,32.266,31.43
2024-11-29 00:00:00,23.333,33.13
2024-11-29 01:00:00,18.475,28.79
2024-11-29 02:00:00,19.609,28.29
2024-11-29 03:00:00,17.202,27.19
2024-11-29 04:00:00,16.847,28.14
2024-11-29 05:00:00,18.768,24.51
2024-11-29 06:00:00,23.348,25.2
2024-11-29 07:00:00,30.964,24.6
2024-11-29 08:00:00,36.231,24.52
2024-11-29 09:00:00,40.842,25.39
2024-11-29 10:00:00,41.39,25.82
2024-11-29 11:00:00,41.656,25.2
2024-11-29 12:00:00,38.804,26.65
2024-11-29 13:00:00,38.871,26.09
2024-11-29 14:00:00,41.191,28.82
2024-11-29 15:00:00,35.186,29.27
2024-11-29 16:00:00,38.998,30.84
2024-11-29 17:00:00,42.097,30.58
2024-11-29 18:00:00,45.667,32.96
2024-11-29 19:00:00,49.261,31.73
2024-11-29 20:00:00,51.093,33.36
2024-11-29 21:00:00,48.193,32.1
2024-11-29 22:00:00,41.026,31.95
2024-11-29 23:00:00,31.123,32.84
2024-11-30 00:00:00,20.27,31.46
2024-11-30 01:00:00,16.216,30.82
2024-11-30 02:00:00,15.754,29.98
2024-11-30 03:00:00,13.623,26.95
2024-11-30 04:00:00,15.257,27.68
2024-11-30 05:00:00,16.354,24.38
2024-11-30 06:00:00,19.935,25.43
2024-11-30 07:00:00,23.662,23.99
2024-11-30 08:00:00,29.578,23.48
2024-11-30 09:00:00,35.966,24.87
2024-11-30 10:00:00,34.768,25.58
2024-11-30 11:00:00,35.334,26.27
2024-11-30 12:00:00,32.849,26.65
2024-11-30 13:00:00,33.975,27.66
2024-11-30 14:00:00,31.812,29.14
2024-11-30 15:00:00,31.097,30.13
2024-11-30 16:00:00,32.219,31.4
2024-11-30 17:00:00,34.982,32.06
2024-11-30 18:00:00,39.428,33.29
2024-11-30 19:00:00,42.12,31.76
2024-11-30 20:00:00,42.233,33.11
2024-11-30 21:00:00,41.154,31.95
2024-11-30 22:00:00,33.514,32.83
2024-11-30 23:00:00,27.533,33.21
2024-12-01 00:00:00,19.05,30.58
2024-12-01 01:00:00,16.449,29.98
2024-12-01 02:00:00,15.45,29.32
2024-12-01 03:00:00,16.093,25.89
2024-12-01 04:00:00,14.145,26.04
2024-12-01 05:00:00,14.643,25.82
2024-12-01 06:00:00,20.098,22.49
2024-12-01 07:00:00,23.554,23.58
2024-12-01 08:00:00,30.13,25.09
2024-12-01 09:00:00,33.636,25.16
2024-12-01 10:00:00,34.831,25.11
2024-12-01 11:00:00,34.425,26.23
2024-12-01 12:00:00,34.731,26.62
2024-12-01 13:00:00,34.074,27.98
2024-12-01 14:00:00,33.457,28.45
2024-12-01 15:00:00,32.422,29.96
2024-12-01 16:00:00,32.683,30.44
2024-12-01 17:00:00,33.142,32.89
2024-12-01 18:00:00,39.39,33.81
2024-12-01 19:00:00,39.725,34.14
2024-12-01 20:00:00,41.388,32.87
2024-12-01 21:00:00,41.018,32.28
2024-12-01 22:00:00,34.95,33.61
2024-12-01 23:00:00,26.417,32.31
2024-12-02 00:00:00,22.986,31.2
2024-12-02 01:00:00,19.851,29.35
2024-12-02 02:00:00,17.596,29.03
2024-12-02 03:00:00,18.244,26.65
2024-12-02 04:00:00,18.426,26.94
2024-12-02 05:00:00,18.883,26.61
2024-12-02 06:00:00,22.159,26.09
2024-12-02 07:00:00,28.509,24.9
2024-12-02 08:00:00,34.224,23.08
2024-12-02 09:00:00,40.247,24.49
2024-12-02 10:00:00,40.749,26.49
2024-12-02 11:00:00,40.464,24.8
2024-12-02 12:00:00,40.046,26.38
2024-12-02 13:00:00,36.737,28.64
2024-12-02 14:00:00,36.961,29.17
2024-12-02 15:00:00,37.223,31.82
2024-12-02 16:00:00,38.706,30.34
2024-12-02 17:00:00,41.316,31.06
2024-12-02 18:00:00,45.624,33.55
2024-12-02 19:00:00,48.75,32.06
2024-12-02 20:00:00,49.522,33.01
2024-12-02 21:00:00,47.905,32.96
2024-12-02 22:00:00,40.583,33.39
2024-12-02 23:00:00,31.303,32.34
2024-12-03 00:00:00,21.534,31.28
2024-12-03 01:00:00,19.807,29.51
2024-12-03 02:00:00,18.545,29.64
2024-12-03 03:00:00,16.184,30.72
2024-12-03 04:00:00,15.223,26.97
2024-12-03 05:00:00,19.657,25.56
2024-12-03 06:00:00,23.343,23.73
2024-12-03 07:00:00,28.096,23.8
2024-12-03 08:00:00,35.983,23.99
2024-12-03 09:00:00,41.379,23.88
2024-12-03 10:00:00,43.584,24.75
2024-12-03 11:00:00,41.056,26.9
2024-12-03 12:00:00,40.861,27.4
2024-12-03 13:00:00,37.526,27.36
2024-12-03 14:00:00,38.213,27.69
2024-12-03 15:00:00,37.398,30.89
2024-12-03 16:00:00,39.109,30.86
2024-12-03 17:00:00,43.463,30.45
2024-12-03 18:00:00,46.155,33.12
2024-12-03 19:00:00,48.514,33.82
2024-12-03 20:00:00,49.711,31.21
2024-12-03 21:00:00,50.129,32.33
2024-12-03 22:00:00,41.324,32.45
2024-12-03 23:00:00,32.077,32.41
2024-12-04 00:00:00,21.069,30.48
2024-12-04 01:00:00,19.653,29.14
2024-12-04 02:00:00,16.843,29.22
2024-12-04 03:00:00,17.225,27.1
2024-12-04 04:00:00,15.632,26.82
2024-12-04 05:00:00,17.994,24.57
2024-12-04 06:00:00,22.294,23.66
2024-12-04 07:00:00,25.747,24.89
2024-12-04 08:00:00,35.346,24.34
2024-12-04 09:00:00,39.373,25.03
2024-12-04 10:00:00,41.605,24.31
2024-12-04 11:00:00,40.802,24.81
2024-12-04 12:00:00,41.583,27.47
2024-12-04 13:00:00,39.071,26.25
2024-12-04 14:00:00,38.591,29.63
2024-12-04 15:00:00,38.246,30.85
2024-12-04 16:00:00,39.649,31.57
2024-12-04 17:00:00,42.283,31.26
2024-12-04 18:00:00,46.187,31.87
2024-12-04 19:00:00,50.195,32.8
2024-12-04 20:00:00,48.525,32.09
2024-12-04 21:00:00,50.581,32.2
2024-12-04 22:00:00,42.422,33.03
2024-12-04 23:00:00,31.841,32.32
2024-12-05 00:00:00,19.979,30.03
2024-12-05 01:00:00,20.615,30.32
2024-12-05 02:00:00,17.142,28.98
2024-12-05 03:00:00,17.375,28.66
2024-12-05 04:00:00,15.521,26.82
2024-12-05 05:00:00,20.631,26.28
2024-12-05 06:00:00,21.479,25.1
2024-12-05 07:00:00,29.14,25.05
2024-12-05 08:00:00,33.535,23.08
2024-12-05 09:00:00,40.248,24.17
2024-12-05 10:00:00,41.386,24.68
2024-12-05 11:00:00,41.96,25.23
2024-12-05 12:00:00,39.346,26.71
2024-12-05 13:00:00,39.921,27.95
2024-12-05 14:00:00,37.205,28.92
2024-12-05 15:00:00,37.452,29.63
2024-12-05 16:00:00,38.493,30.27
2024-12-05 17:00:00,42.326,32.66
2024-12-05 18:00:00,46.276,32.78
2024-12-05 19:00:00,50.207,32.13
2024-12-05 20:00:00,51.272,32.95
2024-12-05 21:00:00,49.125,31.55
2024-12-05 22:00:00,39.884,32.52
2024-12-05 23:00:00,32.017,31.62
2024-12-06 00:00:00,23.06,30.39
2024-12-06 01:00:00,17.666,31.03
2024-12-06 02:00:00,18.349,27.67
2024-12-06 03:00:00,17.52,27.99
2024-12-06 04:00:00,18.32,28.09
2024-12-06 05:00:00,19.101,26.27
2024-12-06 06:00:00,23.052,24.67
2024-12-06 07:00:00,29.509,23.34
2024-12-06 08:00:00,34.95,23.0
2024-12-06 09:00:00,39.894,23.91
2024-12-06 10:00:00,40.458,24.14
2024-12-06 11:00:00,42.317,24.83
2024-12-06 12:00:00,40.239,26.07
2024-12-06 13:00:00,37.826,27.34
2024-12-06 14:00:00,38.527,28.97
2024-12-06 15:00:00,38.923,28.76
2024-12-06 16:00:00,39.773,30.28
2024-12-06 17:00:00,40.874,31.63
2024-12-06 18:00:00,42.703,32.32
2024-12-06 19:00:00,49.873,34.39
2024-12-06 20:00:00,50.095,33.26
2024-12-06 21:00:00,49.085,31.63
2024-12-06 22:00:00,41.769,32.81
2024-12-06 23:00:00,32.756,32.19
2024-12-07 00:00:00,19.987,30.72
2024-12-07 01:00:00,17.734,28.77
2024-12-07 02:00:00,16.957,29.98
2024-12-07 03:00:00,15.712,26.55
2024-12-07 04:00:00,15.801,26.85
2024-12-07 05:00:00,15.564,25.55
2024-12-07 06:00:00,18.192,25.15
2024-12-07 07:00:00,27.241,25.58
2024-12-07 08:00:00,30.409,24.51
2024-12-07 09:00:00,35.5,23.77
2024-12-07 10:00:00,34.986,25.55
2024-12-07 11:00:00,35.663,24.87
2024-12-07 12:00:00,31.319,26.44
2024-12-07 13:00:00,32.527,26.36
2024-12-07 14:00:00,32.412,27.73
2024-12-07 15:00:00,32.551,29.76
2024-12-07 16:00:00,34.039,31.1
2024-12-07 17:00:00,34.431,30.38
2024-12-07 18:00:00,39.688,32.85
2024-12-07 19:00:00,43.301,32.24
2024-12-07 20:00:00,45.743,34.08
2024-12-07 21:00:00,41.903,32.62
2024-12-07 22:00:00,34.211,31.55
2024-12-07 23:00:00,25.58,31.79
2024-12-08 00:00:00,20.073,30.07
2024-12-08 01:00:00,17.225,30.73
2024-12-08 02:00:00,15.15,28.55
2024-12-08 03:00:00,12.653,27.26
2024-12-08 04:00:00,13.356,26.77
2024-12-08 05:00:00,16.25,24.56
2024-12-08 06:00:00,19.868,23.61
2024-12-08 07:00:00,22.724,24.52
2024-12-08 08:00:00,30.99,23.16
2024-12-08 09:00:00,32.647,23.31
2024-12-08 10:00:00,36.928,25.31
2024-12-08 11:00:00,34.893,25.78
2024-12-08 12:00:00,33.34,25.28
2024-12-08 13:00:00,33.956,26.88
2024-12-08 14:00:00,32.873,27.81
2024-12-08 15:00:00,33.43,31.12
2024-12-08 16:00:00,33.028,31.51
2024-12-08 17:00:00,35.689,31.38
2024-12-08 18:00:00,38.724,32.89
2024-12-08 19:00:00,42.318,31.79
2024-12-08 20:00:00,45.082,32.49
2024-12-08 21:00:00,40.67,32.96
2024-12-08 22:00:00,35.341,32.79
2024-12-08 23:00:00,25.979,31.63
2024-12-09 00:00:00,19.312,30.97
2024-12-09 01:00:00,19.592,29.75
2024-12-09 02:00:00,18.228,28.39
2024-12-09 03:00:00,16.718,27.12
2024-12-09 04:00:00,15.304,25.93
2024-12-09 05:00:00,18.67,25.52
2024-12-09 06:00:00,23.222,24.95
2024-12-09 07:00:00,28.163,24.33
2024-12-09 08:00:00,34.319,23.07
2024-12-09 09:00:00,40.033,23.37
2024-12-09 10:00:00,42.486,24.94
2024-12-09 11:00:00,41.225,26.51
2024-12-09 12:00:00,38.882,26.38
2024-12-09 13:00:00,38.9,27.02
2024-12-09 14:00:00,39.155,28.69
2024-12-09 15:00:00,36.544,28.76
2024-12-09 16:00:00,38.824,31.81
2024-12-09 17:00:00,43.186,31.84
2024-12-09 18:00:00,44.6,31.87
2024-12-09 19:00:00,50.649,32.72
2024-12-09 20:00:00,52.652,32.58
2024-12-09 21:00:00,48.223,33.9
2024-12-09 22:00:00,40.45,32.24
2024-12-09 23:00:00,32.674,31.81
2024-12-10 00:00:00,21.23,31.21
2024-12-10 01:00:00,16.98,29.07
2024-12-10 02:00:00,17.749,28.65
2024-12-10 03:00:00,17.31,27.55
2024-12-10 04:00:00,17.585,25.0
2024-12-10 05:00:00,17.462,25.52
2024-12-10 06:00:00,22.675,24.56
2024-12-10 07:00:00,30.066,24.25
2024-12-10 08:00:00,35.639,24.02
2024-12-10 09:00:00,38.731,24.35
2024-12-10 10:00:00,43.082,25.66
2024-12-10 11:00:00,40.582,24.36
2024-12-10 12:00:00,40.893,25.96
2024-12-10 13:00:00,37.337,27.86
2024-12-10 14:00:00,38.127,28.87
2024-12-10 15:00:00,38.26,30.02
2024-12-10 16:00:00,38.671,32.94
2024-12-10 17:00:00,40.613,32.16
2024-12-10 18:00:00,43.465,33.28
2024-12-10 19:00:00,51.024,32.58
2024-12-10 20:00:00,51.253,32.19
2024-12-10 21:00:00,49.64,32.57
2024-12-10 22:00:00,41.747,32.94
2024-12-10 23:00:00,32.229,31.98
2024-12-11 00:00:00,21.092,31.05
2024-12-11 01:00:00,19.88,29.47
2024-12-11 02:00:00,19.311,28.17
2024-12-11 03:00:00,16.915,27.16
2024-12-11 04:00:00,18.77,26.8
2024-12-11 05:00:00,16.831,25.96
2024-12-11 06:00:00,21.311,23.77
2024-12-11 07:00:00,30.078,24.73
2024-12-11 08:00:00,34.865,23.45
2024-12-11 09:00:00,42.374,24.5
2024-12-11 10:00:00,43.184,24.41
2024-12-11 11:00:00,42.419,26.54
2024-12-11 12:00:00,40.682,25.88
2024-12-11 13:00:00,37.82,27.44
2024-12-11 14:00:00,36.557,28.95
2024-12-11 15:00:00,39.265,28.93
2024-12-11 16:00:00,37.23,30.65
2024-12-11 17:00:00,43.437,31.43
2024-12-11 18:00:00,46.583,31.94
2024-12-11 19:00:00,49.392,32.45
2024-12-11 20:00:00,51.451,33.84
2024-12-11 21:00:00,48.925,32.32
2024-12-11 22:00:00,40.594,32.8
2024-12-11 23:00:00,33.074,31.89
2024-12-12 00:00:00,22.839,29.58
2024-12-12 01:00:00,19.539,30.03
2024-12-12 02:00:00,17.238,27.32
2024-12-12 03:00:00,18.162,27.79
2024-12-12 04:00:00,14.767,25.79
2024-12-12 05:00:00,18.813,25.27
2024-12-12 06:00:00,23.704,23.51
2024-12-12 07:00:00,28.225,24.2
2024-12-12 08:00:00,36.693,24.68
2024-12-12 09:00:00,40.263,23.45
2024-12-12 10:00:00,41.263,24.06
2024-12-12 11:00:00,41.782,25.62
2024-12-12 12:00:00,38.673,26.57
2024-12-12 13:00:00,39.647,25.33
2024-12-12 14:00:00,36.228,30.05
2024-12-12 15:00:00,38.031,30.02
2024-12-12 16:00:00,38.805,31.24
2024-12-12 17:00:00,41.27,31.5
2024-12-12 18:00:00,46.297,30.85
2024-12-12 19:00:00,49.389,33.32
2024-12-12 20:00:00,52.076,32.48
2024-12-12 21:00:00,49.021,33.21
2024-12-12 22:00:00,41.262,32.15
2024-12-12 23:00:00,31.918,31.8
2024-12-13 00:00:00,20.938,30.06
2024-12-13 01:00:00,19.072,30.28
2024-12-13 02:00:00,18.103,27.47
2024-12-13 03:00:00,16.653,29.06
2024-12-13 04:00:00,17.964,27.96
2024-12-13 05:00:00,18.455,26.55
2024-12-13 06:00:00,23.333,25.54
2024-12-13 07:00:00,27.639,24.01
2024-12-13 08:00:00,36.662,24.85
2024-12-13 09:00:00,39.697,23.99
2024-12-13 10:00:00,40.756,23.28
2024-12-13 11:00:00,42.479,26.44
2024-12-13 12:00:00,40.492,27.07
2024-12-13 13:00:00,39.757,27.22
2024-12-13 14:00:00,38.714,27.43
2024-12-13 15:00:00,37.645,29.11
2024-12-13 16:00:00,38.475,29.2
2024-12-13 17:00:00,42.615,32.35
2024-12-13 18:00:00,47.055,31.02
2024-12-13 19:00:00,49.4,32.98
2024-12-13 20:00:00,53.114,32.23
2024-12-13 21:00:00,48.249,31.61
2024-12-13 22:00:00,39.378,32.49
2024-12-13 23:00:00,29.864,31.32
2024-12-14 00:00:00,16.485,31.32
2024-12-14 01:00:00,16.051,28.55
2024-12-14 02:00:00,14.936,27.79
2024-12-14 03:00:00,15.002,25.32
2024-12-14 04:00:00,14.276,24.4
2024-12-14 05:00:00,16.466,26.65
2024-12-14 06:00:00,19.553,26.17
2024-12-14 07:00:00,24.723,24.12
2024-12-14 08:00:00,29.756,23.23
2024-12-14 09:00:00,35.698,23.81
2024-12-14 10:00:00,33.985,25.19
2024-12-14 11:00:00,34.987,24.8
2024-12-14 12:00:00,33.628,26.33
2024-12-14 13:00:00,33.743,27.21
2024-12-14 14:00:00,32.491,27.93
2024-12-14 15:00:00,32.088,29.13
2024-12-14 16:00:00,32.674,30.87
2024-12-14 17:00:00,36.968,30.78
2024-12-14 18:00:00,39.017,32.64
2024-12-14 19:00:00,44.059,32.35
2024-12-14 20:00:00,43.628,32.98
2024-12-14 21:00:00,41.205,33.83
2024-12-14 22:00:00,34.532,32.14
2024-12-14 23:00:00,27.453,32.3
2024-12-15 00:00:00,17.607,29.19
2024-12-15 01:00:00,16.622,29.16
2024-12-15 02:00:00,15.181,28.4
2024-12-15 03:00:00,14.637,28.75
2024-12-15 04:00:00,14.663,24.55
2024-12-15 05:00:00,16.016,25.11
2024-12-15 06:00:00,19.604,25.64
2024-12-15 07:00:00,26.31,23.39
2024-12-15 08:00:00,30.776,23.7
2024-12-15 09:00:00,36.905,24.29
2024-12-15 10:00:00,35.598,24.62
2024-12-15 11:00:00,35.658,26.44
2024-12-15 12:00:00,33.072,26.47
2024-12-15 13:00:00,34.375,28.26
2024-12-15 14:00:00,31.794,28.07
2024-12-15 15:00:00,32.544,28.93
2024-12-15 16:00:00,32.676,30.43
2024-12-15 17:00:00,36.008,30.61
2024-12-15 18:00:00,38.776,32.64
2024-12-15 19:00:00,41.244,32.39
2024-12-15 20:00:00,43.073,32.32
2024-12-15 21:00:00,42.755,33.1
2024-12-15 22:00:00,35.157,31.34
2024-12-15 23:00:00,25.562,32.15
2024-12-16 00:00:00,22.537,30.22
2024-12-16 01:00:00,18.471,30.44
2024-12-16 02:00:00,18.608,28.04
2024-12-16 03:00:00,17.394,27.69
2024-12-16 04:00:00,17.459,26.24
2024-12-16 05:00:00,20.25,25.76
2024-12-16 06:00:00,22.105,24.54
2024-12-16 07:00:00,29.693,22.67
2024-12-16 08:00:00,36.985,24.65
2024-12-16 09:00:00,39.634,23.93
2024-12-16 10:00:00,41.059,25.08
2024-12-16 11:00:00,40.507,25.71
2024-12-16 12:00:00,40.111,25.47
2024-12-16 13:00:00,37.321,26.44
2024-12-16 14:00:00,38.812,28.86
2024-12-16 15:00:00,36.303,29.26
2024-12-16 16:00:00,40.079,31.33
2024-12-16 17:00:00,42.344,31.37
2024-12-16 18:00:00,47.851,33.05
2024-12-16 19:00:00,50.152,33.02
2024-12-16 20:00:00,50.689,33.06
2024-12-16 21:00:00,47.635,32.38
2024-12-16 22:00:00,41.044,32.41
2024-12-16 23:00:00,31.589,32.46
2024-12-17 00:00:00,22.63,30.53
2024-12-17 01:00:00,18.433,29.92
2024-12-17 02:00:00,19.911,28.36
2024-12-17 03:00:00,18.13,27.26
2024-12-17 04:00:00,16.622,27.45
2024-12-17 05:00:00,20.194,26.1
2024-12-17 06:00:00,22.151,24.49
2024-12-17 07:00:00,29.28,24.14
2024-12-17 08:00:00,34.398,23.26
2024-12-17 09:00:00,42.174,23.83
2024-12-17 10:00:00,40.14,24.67
2024-12-17 11:00:00,39.331,25.81
2024-12-17 12:00:00,39.133,26.66
2024-12-17 13:00:00,40.109,26.26
2024-12-17 14:00:00,39.224,29.09
2024-12-17 15:00:00,37.864,29.4
2024-12-17 16:00:00,39.799,29.77
2024-12-17 17:00:00,41.702,32.56
2024-12-17 18:00:00,46.331,33.38
2024-12-17 19:00:00,51.155,32.86
2024-12-17 20:00:00,50.748,33.37
2024-12-17 21:00:00,47.668,33.27
2024-12-17 22:00:00,41.28,33.32
2024-12-17 23:00:00,32.375,32.07
2024-12-18 00:00:00,21.533,29.49
2024-12-18 01:00:00,20.403,31.07
2024-12-18 02:00:00,17.645,29.15
2024-12-18 03:00:00,16.96,26.73
2024-12-18 04:00:00,17.212,25.22
2024-12-18 05:00:00,18.653,25.52
2024-12-18 06:00:00,24.596,24.18
2024-12-18 07:00:00,29.447,24.21
2024-12-18 08:00:00,35.39,24.39
2024-12-18 09:00:00,40.829,23.49
2024-12-18 10:00:00,42.849,23.5
2024-12-18 11:00:00,41.59,25.42
2024-12-18 12:00:00,40.513,25.61
2024-12-18 13:00:00,37.232,27.24
2024-12-18 14:00:00,35.708,27.21
2024-12-18 15:00:00,39.041,29.25
2024-12-18 16:00:00,39.208,31.11
2024-12-18 17:00:00,41.798,31.95
2024-12-18 18:00:00,46.608,31.55
2024-12-18 19:00:00,51.436,31.69
2024-12-18 20:00:00,52.442,32.79
2024-12-18 21:00:00,49.431,33.07
2024-12-18 22:00:00,39.896,32.5
2024-12-18 23:00:00,30.848,31.05
2024-12-19 00:00:00,18.986,30.76
2024-12-19 01:00:00,20.026,30.64
2024-12-19 02:00:00,18.981,28.44
2024-12-19 03:00:00,18.044,25.8
2024-12-19 04:00:00,17.519,26.18
2024-12-19 05:00:00,18.203,26.72
2024-12-19 06:00:00,22.374,23.34
2024-12-19 07:00:00,28.228,23.95
2024-12-19 08:00:00,35.533,23.59
2024-12-19 09:00:00,39.293,24.0
2024-12-19 10:00:00,43.611,24.52
2024-12-19 11:00:00,39.472,25.99
2024-12-19 12:00:00,39.579,26.08
2024-12-19 13:00:00,36.785,28.12
2024-12-19 14:00:00,38.552,28.17
2024-12-19 15:00:00,37.738,29.14
2024-12-19 16:00:00,38.396,29.97
2024-12-19 17:00:00,40.869,29.99
2024-12-19 18:00:00,45.903,32.37
2024-12-19 19:00:00,48.915,34.25
2024-12-19 20:00:00,50.86,33.12
2024-12-19 21:00:00,50.447,33.15
2024-12-19 22:00:00,40.976,31.82
2024-12-19 23:00:00,32.164,31.24
2024-12-20 00:00:00,20.946,31.29
2024-12-20 01:00:00,18.58,31.02
2024-12-20 02:00:00,17.827,29.44
2024-12-20 03:00:00,19.384,27.73
2024-12-20 04:00:00,16.537,26.02
2024-12-20 05:00:00,18.729,25.23
2024-12-20 06:00:00,22.105,23.74
2024-12-20 07:00:00,26.26,22.74
2024-12-20 08:00:00,34.894,22.84
2024-12-20 09:00:00,42.718,23.93
2024-12-20 10:00:00,42.427,24.11
2024-12-20 11:00:00,42.474,23.88
2024-12-20 12:00:00,39.425,25.96
2024-12-20 13:00:00,36.356,26.82
2024-12-20 14:00:00,37.119,27.3
2024-12-20 15:00:00,38.145,29.1
2024-12-20 16:00:00,39.002,30.23
2024-12-20 17:00:00,41.809,30.92
2024-12-20 18:00:00,45.359,32.87
2024-12-20 19:00:00,50.429,31.05
2024-12-20 20:00:00,50.489,31.14
2024-12-20 21:00:00,48.764,32.58
2024-12-20 22:00:00,40.999,32.2
2024-12-20 23:00:00,31.244,31.73
2024-12-21 00:00:00,17.308,30.04
2024-12-21 01:00:00,16.037,28.65
2024-12-21 02:00:00,17.084,28.22
2024-12-21 03:00:00,15.44,26.7
2024-12-21 04:00:00,15.346,27.21
2024-12-21 05:00:00,14.804,24.78
2024-12-21 06:00:00,18.041,24.28
2024-12-21 07:00:00,25.828,25.85
2024-12-21 08:00:00,31.268,23.56
2024-12-21 09:00:00,34.386,24.31
2024-12-21 10:00:00,35.169,24.83
2024-12-21 11:00:00,33.187,25.62
2024-12-21 12:00:00,34.698,26.19
2024-12-21 13:00:00,34.156,27.2
2024-12-21 14:00:00,31.82,28.29
2024-12-21 15:00:00,31.301,28.91
2024-12-21 16:00:00,34.212,30.72
2024-12-21 17:00:00,34.892,33.01
2024-12-21 18:00:00,40.83,33.07
2024-12-21 19:00:00,41.938,32.79
2024-12-21 20:00:00,42.956,33.39
2024-12-21 21:00:00,41.229,31.85
2024-12-21 22:00:00,34.286,31.89
2024-12-21 23:00:00,28.026,32.14
2024-12-22 00:00:00,19.111,31.64
2024-12-22 01:00:00,17.583,28.75
2024-12-22 02:00:00,15.361,27.81
2024-12-22 03:00:00,13.84,28.78
2024-12-22 04:00:00,14.296,26.02
2024-12-22 05:00:00,15.172,26.47
2024-12-22 06:00:00,21.003,24.46
2024-12-22 07:00:00,25.732,24.04
2024-12-22 08:00:00,30.252,23.45
2024-12-22 09:00:00,33.301,24.6
2024-12-22 10:00:00,37.119,25.38
2024-12-22 11:00:00,34.819,24.18
2024-12-22 12:00:00,33.68,25.65
2024-12-22 13:00:00,34.527,27.75
2024-12-22 14:00:00,31.992,28.08
2024-12-22 15:00:00,31.754,28.95
2024-12-22 16:00:00,32.711,31.24
2024-12-22 17:00:00,34.204,32.25
2024-12-22 18:00:00,39.337,31.72
2024-12-22 19:00:00,41.272,32.7
2024-12-22 20:00:00,42.768,31.71
2024-12-22 21:00:00,40.464,31.81
2024-12-22 22:00:00,34.081,32.17
2024-12-22 23:00:00,26.021,31.38
2024-12-23 00:00:00,21.672,29.65
2024-12-23 01:00:00,19.221,28.76
2024-12-23 02:00:00,17.899,27.32
2024-12-23 03:00:00,19.231,27.37
2024-12-23 04:00:00,16.671,24.35
2024-12-23 05:00:00,18.977,24.18
2024-12-23 06:00:00,23.683,22.78
2024-12-23 07:00:00,29.006,24.15
2024-12-23 08:00:00,35.979,22.22
2024-12-23 09:00:00,40.311,23.84
2024-12-23 10:00:00,42.027,25.58
2024-12-23 11:00:00,40.202,26.32
2024-12-23 12:00:00,39.276,24.47
2024-12-23 13:00:00,38.777,27.23
2024-12-23 14:00:00,36.239,27.37
2024-12-23 15:00:00,39.266,28.37
2024-12-23 16:00:00,40.964,30.32
2024-12-23 17:00:00,41.994,32.32
2024-12-23 18:00:00,46.579,32.53
2024-12-23 19:00:00,50.573,31.93
2024-12-23 20:00:00,49.649,33.22
2024-12-23 21:00:00,49.397,30.7
2024-12-23 22:00:00,40.365,31.45
2024-12-23 23:00:00,33.957,30.67
2024-12-24 00:00:00,21.228,30.46
2024-12-24 01:00:00,20.306,29.15
2024-12-24 02:00:00,17.668,28.03
2024-12-24 03:00:00,19.071,26.84
2024-12-24 04:00:00,16.307,25.91
2024-12-24 05:00:00,19.548,25.39
2024-12-24 06:00:00,23.589,24.36
2024-12-24 07:00:00,29.482,23.57
2024-12-24 08:00:00,35.934,23.96
2024-12-24 09:00:00,39.61,24.45
2024-12-24 10:00:00,39.182,23.8
2024-12-24 11:00:00,41.896,24.91
2024-12-24 12:00:00,39.281,26.81
2024-12-24 13:00:00,39.953,26.09
2024-12-24 14:00:00,38.609,29.58
2024-12-24 15:00:00,38.964,28.23
2024-12-24 16:00:00,39.578,30.1
2024-12-24 17:00:00,39.306,30.55
2024-12-24 18:00:00,46.527,33.78
2024-12-24 19:00:00,49.119,32.07
2024-12-24 20:00:00,52.188,32.23
2024-12-24 21:00:00,49.053,32.18
2024-12-24 22:00:00,41.415,32.1
2024-12-24 23:00:00,31.342,31.04
2024-12-25 00:00:00,20.489,30.27
2024-12-25 01:00:00,18.938,26.46
2024-12-25 02:00:00,16.014,28.17
2024-12-25 03:00:00,16.228,26.97
2024-12-25 04:00:00,15.337,26.7
2024-12-25 05:00:00,16.894,25.98
2024-12-25 06:00:00,23.069,24.07
2024-12-25 07:00:00,29.615,24.42
2024-12-25 08:00:00,35.668,22.73
2024-12-25 09:00:00,39.781,24.38
2024-12-25 10:00:00,40.854,23.76
2024-12-25 11:00:00,40.476,23.98
2024-12-25 12:00:00,38.941,25.71
2024-12-25 13:00:00,38.696,28.06
2024-12-25 14:00:00,36.698,28.25
2024-12-25 15:00:00,38.455,30.47
2024-12-25 16:00:00,38.182,29.76
2024-12-25 17:00:00,42.204,32.12
2024-12-25 18:00:00,46.805,31.48
2024-12-25 19:00:00,49.804,32.63
2024-12-25 20:00:00,51.815,32.77
2024-12-25 21:00:00,46.342,32.98
2024-12-25 22:00:00,40.297,32.2
2024-12-25 23:00:00,32.745,30.69
2024-12-26 00:00:00,21.939,31.05
2024-12-26 01:00:00,21.265,30.65
2024-12-26 02:00:00,19.588,27.63
2024-12-26 03:00:00,17.136,25.46
2024-12-26 04:00:00,16.573,26.24
2024-12-26 05:00:00,17.382,24.64
2024-12-26 06:00:00,22.465,24.09
2024-12-26 07:00:00,28.654,24.19
2024-12-26 08:00:00,35.095,23.22
2024-12-26 09:00:00,39.353,23.53
2024-12-26 10:00:00,42.23,24.11
2024-12-26 11:00:00,42.531,26.08
2024-12-26 12:00:00,40.732,25.86
2024-12-26 13:00:00,38.431,25.93
2024-12-26 14:00:00,39.284,27.13
2024-12-26 15:00:00,38.094,29.36
2024-12-26 16:00:00,38.718,29.43
2024-12-26 17:00:00,41.715,30.01
2024-12-26 18:00:00,45.696,32.48
2024-12-26 19:00:00,50.134,32.97
2024-12-26 20:00:00,51.142,32.28
2024-12-26 21:00:00,47.707,32.66
2024-12-26 22:00:00,40.008,32.12
2024-12-26 23:00:00,31.932,31.74
2024-12-27 00:00:00,21.857,30.8
2024-12-27 01:00:00,19.061,27.15
2024-12-27 02:00:00,16.695,27.88
2024-12-27 03:00:00,18.106,27.32
2024-12-27 04:00:00,17.889,25.49
2024-12-27 05:00:00,16.333,24.91
2024-12-27 06:00:00,24.316,24.77
2024-12-27 07:00:00,28.857,23.78
2024-12-27 08:00:00,35.894,24.77
2024-12-27 09:00:00,41.451,24.62
2024-12-27 10:00:00,43.506,24.07
2024-12-27 11:00:00,41.823,24.72
2024-12-27 12:00:00,40.026,23.53
2024-12-27 13:00:00,37.357,26.63
2024-12-27 14:00:00,36.183,26.97
2024-12-27 15:00:00,38.636,29.4
2024-12-27 16:00:00,40.129,30.43
2024-12-27 17:00:00,40.989,31.79
2024-12-27 18:00:00,45.625,33.07
2024-12-27 19:00:00,48.902,32.38
2024-12-27 20:00:00,50.404,34.37
2024-12-27 21:00:00,49.546,32.58
2024-12-27 22:00:00,41.023,30.9
2024-12-27 23:00:00,31.386,30.78
2024-12-28 00:00:00,20.918,30.0
2024-12-28 01:00:00,15.01,29.68
2024-12-28 02:00:00,15.731,27.29
2024-12-28 03:00:00,13.236,26.64
2024-12-28 04:00:00,14.145,25.66
2024-12-28 05:00:00,15.758,24.5
2024-12-28 06:00:00,20.369,24.79
2024-12-28 07:00:00,24.443,24.2
2024-12-28 08:00:00,29.971,24.47
2024-12-28 09:00:00,33.962,23.42
2024-12-28 10:00:00,34.445,25.1
2024-12-28 11:00:00,35.325,23.76
2024-12-28 12:00:00,34.1,24.67
2024-12-28 13:00:00,33.39,25.9
2024-12-28 14:00:00,32.442,28.04
2024-12-28 15:00:00,31.882,30.16
2024-12-28 16:00:00,34.145,29.8
2024-12-28 17:00:00,36.589,30.83
2024-12-28 18:00:00,40.458,31.75
2024-12-28 19:00:00,42.43,32.83
2024-12-28 20:00:00,44.73,32.14
2024-12-28 21:00:00,40.758,31.94
2024-12-28 22:00:00,34.475,30.84
2024-12-28 23:00:00,28.096,30.75
2024-12-29 00:00:00,19.067,31.21
2024-12-29 01:00:00,16.177,29.26
2024-12-29 02:00:00,14.105,27.43
2024-12-29 03:00:00,14.097,27.84
2024-12-29 04:00:00,13.607,25.3
2024-12-29 05:00:00,17.365,25.97
2024-12-29 06:00:00,20.283,25.24
2024-12-29 07:00:00,23.928,23.71
2024-12-29 08:00:00,29.279,22.31
2024-12-29 09:00:00,33.453,25.49
2024-12-29 10:00:00,34.977,24.42
2024-12-29 11:00:00,34.51,24.57
2024-12-29 12:00:00,34.95,26.52
2024-12-29 13:00:00,31.96,27.4
2024-12-29 14:00:00,34.848,29.05
2024-12-29 15:00:00,31.117,28.64
2024-12-29 16:00:00,31.509,30.51
2024-12-29 17:00:00,37.269,30.23
2024-12-29 18:00:00,40.363,32.43
2024-12-29 19:00:00,41.864,32.33
2024-12-29 20:00:00,43.739,32.72
2024-12-29 21:00:00,41.597,32.23
2024-12-29 22:00:00,34.819,31.69
2024-12-29 23:00:00,25.555,30.48
2024-12-30 00:00:00,18.888,30.88
2024-12-30 01:00:00,18.518,30.35
2024-12-30 02:00:00,19.702,27.55
2024-12-30 03:00:00,18.723,27.27
2024-12-30 04:00:00,16.563,26.08
2024-12-30 05:00:00,17.383,24.81
2024-12-30 06:00:00,23.234,22.87
2024-12-30 07:00:00,29.518,22.6
2024-12-30 08:00:00,36.313,22.86
2024-12-30 09:00:00,37.712,21.93
2024-12-30 10:00:00,45.041,25.21
2024-12-30 11:00:00,41.955,25.09
2024-12-30 12:00:00,39.578,25.71
2024-12-30 13:00:00,38.027,25.06
2024-12-30 14:00:00,39.257,26.52
2024-12-30 15:00:00,38.245,29.14
2024-12-30 16:00:00,38.854,31.8
2024-12-30 17:00:00,42.288,30.6
2024-12-30 18:00:00,45.785,32.56
2024-12-30 19:00:00,49.88,31.94
2024-12-30 20:00:00,51.741,32.52
2024-12-30 21:00:00,48.8,33.29
2024-12-30 22:00:00,41.097,31.59
2024-12-30 23:00:00,33.041,30.6
